exchange,exchange_token,trading_symbol,groww_symbol,company_name,instrument_type,segment,series,isin,underlying_symbol,underlying_exchange_token,expiry_date,strike_price,lot_size,tick_size,freeze_quantity,is_reserved,buy_allowed,sell_allowed,internal_trading_symbol,is_intraday
NSE,4,21STCENMGM,NSE-21STCENMGM,21st Cent Mgt,EQ,CASH,EQ,INE253B01015,,,,,1,0.01,,,1,1,21STCENMGM-EQ,0
NSE,16921,20MICRONS,NSE-20MICRONS,20 Microns,EQ,CASH,EQ,INE144J01027,,,,,1,0.01,,,1,1,20MICRONS-EQ,1
NSE,13061,360ONE,NSE-360ONE,360 One Wam,EQ,CASH,EQ,INE466L01038,,,,,1,0.1,,,1,1,360ONE-EQ,1
NSE,2595,3PLAND,NSE-3PLAND,3P Land Holdings,EQ,CASH,EQ,INE105C01023,,,,,1,0.01,,,1,1,3PLAND-EQ,0
NSE,474,3MINDIA,NSE-3MINDIA,3M India,EQ,CASH,EQ,INE470A01017,,,,,1,5.0,,,1,1,3MINDIA-EQ,1
NSE,445,5PAISA,NSE-5PAISA,5Paisa Capital,EQ,CASH,EQ,INE618L01018,,,,,1,0.05,,,1,1,5PAISA-EQ,1
NSE,762518,3BBLACKBIO,NSE-3BBLACKBIO,3B Blackbio Dx,EQ,CASH,EQ,INE994E01018,,,,,1,0.1,,,1,1,3BBLACKBIO-EQ,1
NSE,6232,3IINFOLTD,NSE-3IINFOLTD,3i Infotech,EQ,CASH,EQ,INE748C01038,,,,,1,0.01,,,1,1,3IINFOLTD-EQ,0
NSE,11868,63MOONS,NSE-63MOONS,63 Moons Tech,EQ,CASH,EQ,INE111B01023,,,,,1,0.05,,,1,1,63MOONS-EQ,1
NSE,23729,AADHARHFC,NSE-AADHARHFC,Aadhar Housing Fin,EQ,CASH,EQ,INE883F01010,,,,,1,0.05,,,1,1,AADHARHFC-EQ,1
NSE,12533,AAATECH,NSE-AAATECH,AAA Technologies,EQ,CASH,EQ,INE0D0U01013,,,,,1,0.01,,,1,1,AAATECH-EQ,0
NSE,20906,A2ZINFRA,NSE-A2ZINFRA,A2Z Infra Engg,EQ,CASH,EQ,INE619I01012,,,,,1,0.01,,,1,1,A2ZINFRA-EQ,0
NSE,762528,ABMKNO,NSE-ABMKNO,ABM Knowledgeware,EQ,CASH,EQ,INE850B01026,,,,,1,0.01,,,1,1,ABMKNO-EQ,0
NSE,18039,ADVENZYMES,NSE-ADVENZYMES,Advanced Enzyme,EQ,CASH,EQ,INE837H01020,,,,,1,0.05,,,1,1,ADVENZYMES-EQ,1
NSE,19233,AARTISURF,NSE-AARTISURF,Aarti Surfactant,EQ,CASH,EQ,INE09EO01013,,,,,1,0.05,,,1,1,AARTISURF-EQ,0
NSE,13868,AARTIPHARM,NSE-AARTIPHARM,Aarti Pharmalabs,EQ,CASH,EQ,INE0LRU01027,,,,,1,0.05,,,1,1,AARTIPHARM-EQ,1
NSE,13,ABB,NSE-ABB,ABB India,EQ,CASH,EQ,INE117A01022,,,,,1,0.5,,,1,1,ABB-EQ,1
NSE,5549,ABMINTLLTD,NSE-ABMINTLLTD,Abm International,EQ,CASH,EQ,INE251C01025,,,,,1,0.01,,,1,1,ABMINTLLTD-EQ,0
NSE,14745,ADVANIHOTR,NSE-ADVANIHOTR,Advani Hotels,EQ,CASH,EQ,INE199C01026,,,,,1,0.01,,,1,1,ADVANIHOTR-EQ,0
NSE,762533,ACSTECH,NSE-ACSTECH,ACS Technologies,EQ,CASH,EQ,INE366C01021,,,,,1,0.01,,,1,1,ACSTECH-EQ,0
NSE,759402,ADVANCE,NSE-ADVANCE,Advance Agrolife,EQ,CASH,EQ,INE1B0W01010,,,,,1,0.01,,,1,1,ADVANCE-EQ,1
NSE,22,ACC,NSE-ACC,ACC,EQ,CASH,EQ,INE012A01025,,,,,1,0.1,,,1,1,ACC-EQ,1
NSE,757336,AEGISVOPAK,NSE-AEGISVOPAK,Aegis Vopak Terminal,EQ,CASH,EQ,INE0INX01018,,,,,1,0.01,,,1,1,AEGISVOPAK-EQ,1
NSE,7,AARTIIND,NSE-AARTIIND,Aarti Industries,EQ,CASH,EQ,INE769A01020,,,,,1,0.05,,,1,1,AARTIIND-EQ,1
NSE,761821,AARNAV,NSE-AARNAV,Aarnav Fashions,EQ,CASH,EQ,INE750R01016,,,,,1,0.01,,,1,1,AARNAV-EQ,0
NSE,15420,ACL,NSE-ACL,Andhra Cements,EQ,CASH,EQ,INE666E01020,,,,,1,0.01,,,1,1,ACL-EQ,0
NSE,756843,ABLBL,NSE-ABLBL,Aditya Birla Lifesty,EQ,CASH,EQ,INE14LE01019,,,,,1,0.01,,,1,1,ABLBL-EQ,1
NSE,30108,ABFRL,NSE-ABFRL,ABFRL,EQ,CASH,EQ,INE647O01011,,,,,1,0.01,,,1,1,ABFRL-EQ,1
NSE,27061,ACMESOLAR,NSE-ACMESOLAR,Acme Solar Holdings,EQ,CASH,EQ,INE622W01025,,,,,1,0.05,,,1,1,ACMESOLAR-EQ,1
NSE,1030,AARON,NSE-AARON,Aaron Industries,EQ,CASH,EQ,INE721Z01010,,,,,1,0.01,,,1,1,AARON-EQ,0
NSE,24308,ABDL,NSE-ABDL,Allied Blenders,EQ,CASH,EQ,INE552Z01027,,,,,1,0.05,,,1,1,ABDL-EQ,0
NSE,14813,ADSL,NSE-ADSL,Allied Digital Serv.,EQ,CASH,EQ,INE102I01027,,,,,1,0.01,,,1,1,ADSL-EQ,1
NSE,34,ADOR,NSE-ADOR,Ador Welding,EQ,CASH,EQ,INE045A01017,,,,,1,0.1,,,1,1,ADOR-EQ,1
NSE,12024,ACI,NSE-ACI,Archean Chem Inds,EQ,CASH,EQ,INE128X01021,,,,,1,0.05,,,1,1,ACI-EQ,1
NSE,17388,ADANIPOWER,NSE-ADANIPOWER,Adani Power,EQ,CASH,EQ,INE814H01029,,,,,1,0.01,,,1,1,ADANIPOWER-EQ,1
NSE,19073,AARVI,NSE-AARVI,Aarvi Encon,EQ,CASH,EQ,INE754X01016,,,,,1,0.01,,,1,1,AARVI-EQ,0
NSE,1465,ACCURACY,NSE-ACCURACY,Accuracy Shipping,EQ,CASH,EQ,INE648Z01023,,,,,1,0.01,,,1,1,ACCURACY-EQ,0
NSE,25,ADANIENT,NSE-ADANIENT,Adani Enterprises,EQ,CASH,EQ,INE423A01024,,,,,1,0.1,,,1,1,ADANIENT-EQ,1
NSE,5578,ACUTAAS,NSE-ACUTAAS,Acutaas Chemicals,EQ,CASH,EQ,INE00FF01025,,,,,1,0.1,,,1,1,ACUTAAS-EQ,1
NSE,625,ABREL,NSE-ABREL,Aditya Birla Real,EQ,CASH,EQ,INE055A01016,,,,,1,0.1,,,1,1,ABREL-EQ,1
NSE,4953,ADROITINFO,NSE-ADROITINFO,Adroit Infotech,EQ,CASH,EQ,INE737B01033,,,,,1,0.01,,,1,1,ADROITINFO-EQ,0
NSE,7053,ACCELYA,NSE-ACCELYA,Accelya Solutions,EQ,CASH,EQ,INE793A01012,,,,,1,0.1,,,1,1,ACCELYA-EQ,1
NSE,759769,ADVENTHTL,NSE-ADVENTHTL,Advent Hotels Inter.,EQ,CASH,EQ,INE28GN01010,,,,,1,0.01,,,1,1,ADVENTHTL-EQ,1
NSE,21614,ABCAPITAL,NSE-ABCAPITAL,Aditya Birla Cap,EQ,CASH,EQ,INE674K01013,,,,,1,0.05,,,1,1,ABCAPITAL-EQ,1
NSE,17145,AARTECH,NSE-AARTECH,Aartech Solonics,EQ,CASH,EQ,INE01C001026,,,,,1,0.01,,,1,1,AARTECH-EQ,0
NSE,10217,ADANIENSOL,NSE-ADANIENSOL,Adani Energy Solut.,EQ,CASH,EQ,INE931S01010,,,,,1,0.1,,,1,1,ADANIENSOL-EQ,1
NSE,40,AEGISLOG,NSE-AEGISLOG,Aegis Logistics,EQ,CASH,EQ,INE208C01025,,,,,1,0.05,,,1,1,AEGISLOG-EQ,1
NSE,17903,ABBOTINDIA,NSE-ABBOTINDIA,Abbott India,EQ,CASH,EQ,INE358A01014,,,,,1,5.0,,,1,1,ABBOTINDIA-EQ,1
NSE,15083,ADANIPORTS,NSE-ADANIPORTS,Adani Ports &Special,EQ,CASH,EQ,INE742F01042,,,,,1,0.1,,,1,1,ADANIPORTS-EQ,1
NSE,5385,AAVAS,NSE-AAVAS,Aavas Financiers,EQ,CASH,EQ,INE216P01012,,,,,1,0.1,,,1,1,AAVAS-EQ,1
NSE,6018,ABSLAMC,NSE-ABSLAMC,Aditya Birla Sun AMC,EQ,CASH,EQ,INE404A01024,,,,,1,0.1,,,1,1,ABSLAMC-EQ,1
NSE,27020,ABINFRA,NSE-ABINFRA,AB Infrabuild,EQ,CASH,EQ,INE00YB01025,,,,,1,0.01,,,1,1,ABINFRA-EQ,1
NSE,245,ADL,NSE-ADL,Archidply Decor,EQ,CASH,EQ,INE0CHO01012,,,,,1,0.01,,,1,1,ADL-EQ,0
NSE,3563,ADANIGREEN,NSE-ADANIGREEN,Adani Green Energy,EQ,CASH,EQ,INE364U01010,,,,,1,0.1,,,1,1,ADANIGREEN-EQ,1
NSE,761330,AEPL,NSE-AEPL,Artemis Electricals,EQ,CASH,EQ,INE757T01025,,,,,1,0.01,,,1,1,AEPL-EQ,0
NSE,759130,ABCOTS,NSE-ABCOTS,AB Cotspin India,EQ,CASH,EQ,INE08PH01015,,,,,1,0.01,,,1,1,ABCOTS-EQ,1
NSE,4481,AARTIDRUGS,NSE-AARTIDRUGS,Aarti Drugs,EQ,CASH,EQ,INE767A01016,,,,,1,0.05,,,1,1,AARTIDRUGS-EQ,1
NSE,19761,ADFFOODS,NSE-ADFFOODS,ADF Foods,EQ,CASH,EQ,INE982B01027,,,,,1,0.05,,,1,1,ADFFOODS-EQ,1
NSE,760657,ADVAIT,NSE-ADVAIT,Advait Energy,EQ,CASH,EQ,INE0ALI01010,,,,,1,0.1,,,1,1,ADVAIT-EQ,1
NSE,13587,ACE,NSE-ACE,Action Const Equip,EQ,CASH,EQ,INE731H01025,,,,,1,0.05,,,1,1,ACE-EQ,1
NSE,11779,ACEINTEG,NSE-ACEINTEG,Ace Integrated Soln,EQ,CASH,EQ,INE543V01017,,,,,1,0.01,,,1,1,ACEINTEG-EQ,0
NSE,11703,ALKEM,NSE-ALKEM,Alkem Laboratories,EQ,CASH,EQ,INE540L01014,,,,,1,0.5,,,1,1,ALKEM-EQ,1
NSE,13288,AFSL,NSE-AFSL,Abans Financial Services Limited,EQ,CASH,EQ,INE00ZE01026,,,,,1,0.01,,,1,1,AFSL-EQ,0
NSE,19867,AMNPLST,NSE-AMNPLST,Amines & Plasticizers,EQ,CASH,EQ,INE275D01022,,,,,1,0.01,,,1,1,AMNPLST-EQ,0
NSE,1185,AMBER,NSE-AMBER,Amber Enterprises,EQ,CASH,EQ,INE371P01015,,,,,1,0.5,,,1,1,AMBER-EQ,1
NSE,13510,AKASH,NSE-AKASH,Akash Infra-Projects,EQ,CASH,EQ,INE737W01013,,,,,1,0.01,,,1,1,AKASH-EQ,0
NSE,14848,ALPA,NSE-ALPA,Alpa Laboratories,EQ,CASH,EQ,INE385I01010,,,,,1,0.01,,,1,1,ALPA-EQ,0
NSE,9897,AIRAN,NSE-AIRAN,Airan,EQ,CASH,EQ,INE645W01026,,,,,1,0.01,,,1,1,AIRAN-EQ,0
NSE,17256,ALBERTDAVD,NSE-ALBERTDAVD,Albert David,EQ,CASH,EQ,INE155C01010,,,,,1,0.05,,,1,1,ALBERTDAVD-EQ,0
NSE,1412,AGI,NSE-AGI,AGI Greenpac,EQ,CASH,EQ,INE415A01038,,,,,1,0.05,,,1,1,AGI-EQ,1
NSE,13620,ANANTRAJ,NSE-ANANTRAJ,Anant Raj,EQ,CASH,EQ,INE242C01024,,,,,1,0.05,,,1,1,ANANTRAJ-EQ,1
NSE,14398,AMDIND,NSE-AMDIND,AMD Industries,EQ,CASH,EQ,INE005I01014,,,,,1,0.01,,,1,1,AMDIND-EQ,0
NSE,2176,AKG,NSE-AKG,AKG Exim,EQ,CASH,EQ,INE00Y801016,,,,,1,0.01,,,1,1,AKG-EQ,0
NSE,758909,AMANTA,NSE-AMANTA,Amanta Healthcare,EQ,CASH,EQ,INE084K01015,,,,,1,0.01,,,1,1,AMANTA-EQ,1
NSE,11496,AMBICAAGAR,NSE-AMBICAAGAR,Ambica Agarbathies,EQ,CASH,EQ,INE792B01012,,,,,1,0.01,,,1,1,AMBICAAGAR-EQ,0
NSE,762543,AMBALALSA,NSE-AMBALALSA,Ambalal Sarabhai Ent,EQ,CASH,EQ,INE432A01017,,,,,1,0.01,,,1,1,AMBALALSA-EQ,0
NSE,17307,AJMERA,NSE-AJMERA,Ajmera Realty,EQ,CASH,EQ,INE298G01035,,,,,1,0.01,,,1,1,AJMERA-EQ,1
NSE,23553,AIIL,NSE-AIIL,Authum Invstmnt,EQ,CASH,EQ,INE206F01022,,,,,1,0.05,,,1,1,AIIL-EQ,1
NSE,758448,ALLTIME,NSE-ALLTIME,All Time Plastics,EQ,CASH,EQ,INE0GV601021,,,,,1,0.01,,,1,1,ALLTIME-EQ,1
NSE,13086,AIAENG,NSE-AIAENG,AIA Engineering,EQ,CASH,EQ,INE212H01026,,,,,1,0.1,,,1,1,AIAENG-EQ,1
NSE,166,ANDHRAPAP,NSE-ANDHRAPAP,Andhra Paper,EQ,CASH,EQ,INE435A01051,,,,,1,0.01,,,1,1,ANDHRAPAP-EQ,0
NSE,13656,ALICON,NSE-ALICON,Alicon Castalloy,EQ,CASH,EQ,INE062D01024,,,,,1,0.05,,,1,1,ALICON-EQ,1
NSE,24445,AGIIL,NSE-AGIIL,AGI Infra,EQ,CASH,EQ,INE976R01033,,,,,1,0.05,,,1,1,AGIIL-EQ,1
NSE,1270,AMBUJACEM,NSE-AMBUJACEM,Ambuja Cement,EQ,CASH,EQ,INE079A01024,,,,,1,0.05,,,1,1,AMBUJACEM-EQ,1
NSE,9810,AETHER,NSE-AETHER,Aether Inds,EQ,CASH,EQ,INE0BWX01014,,,,,1,0.1,,,1,1,AETHER-EQ,1
NSE,760740,AMAGI,NSE-AMAGI,Amagi Media Labs,EQ,CASH,EQ,INE121R01077,,,,,1,0.05,,,1,1,AMAGI-EQ,1
NSE,761270,ALGOQUANT,NSE-ALGOQUANT,Algoquant Fintec,EQ,CASH,EQ,INE598D01035,,,,,1,0.01,,,1,1,ALGOQUANT-EQ,1
NSE,17833,AHLUCONT,NSE-AHLUCONT,Ahluwalia Contracts,EQ,CASH,EQ,INE758C01029,,,,,1,0.05,,,1,1,AHLUCONT-EQ,1
NSE,17547,AMRUTANJAN,NSE-AMRUTANJAN,Amrutanjan Health,EQ,CASH,EQ,INE098F01031,,,,,1,0.05,,,1,1,AMRUTANJAN-EQ,1
NSE,3403,AJOONI,NSE-AJOONI,Ajooni Biotech,EQ,CASH,EQ,INE820Y01021,,,,,1,0.01,,,1,1,AJOONI-EQ,0
NSE,11072,AGRITECH,NSE-AGRITECH,Agri-Tech India,EQ,CASH,EQ,INE449G01018,,,,,1,0.01,,,1,1,AGRITECH-EQ,0
NSE,13501,ALLCARGO,NSE-ALLCARGO,Allcargo Logistics,EQ,CASH,EQ,INE418H01029,,,,,1,0.01,,,1,1,ALLCARGO-EQ,1
NSE,2598,AMJLAND,NSE-AMJLAND,AMJ Land Holdings,EQ,CASH,EQ,INE606A01024,,,,,1,0.01,,,1,1,AMJLAND-EQ,0
NSE,7145,ANANDRATHI,NSE-ANANDRATHI,Anand Rathi Weal,EQ,CASH,EQ,INE463V01026,,,,,1,0.1,,,1,1,ANANDRATHI-EQ,1
NSE,2004,AHLADA,NSE-AHLADA,Ahlada Engineers,EQ,CASH,EQ,INE00PV01013,,,,,1,0.01,,,1,1,AHLADA-EQ,0
NSE,25977,AFCONS,NSE-AFCONS,Afcons Infra,EQ,CASH,EQ,INE101I01011,,,,,1,0.05,,,1,1,AFCONS-EQ,1
NSE,6068,AIROLAM,NSE-AIROLAM,AiroLam,EQ,CASH,EQ,INE801L01010,,,,,1,0.01,,,1,1,AIROLAM-EQ,0
NSE,762538,AKCAPIT,NSE-AKCAPIT,AK Capital Serv,EQ,CASH,EQ,INE701G01012,,,,,1,0.1,,,1,1,AKCAPIT-EQ,0
NSE,20178,AKSHARCHEM,NSE-AKSHARCHEM,Aksharchem (India),EQ,CASH,EQ,INE542B01011,,,,,1,0.01,,,1,1,AKSHARCHEM-EQ,0
NSE,3389,AGARIND,NSE-AGARIND,Agarwal Inds Corp,EQ,CASH,EQ,INE204E01012,,,,,1,0.05,,,1,1,AGARIND-EQ,1
NSE,29452,AGARWALEYE,NSE-AGARWALEYE,Dr. Agarwal's Health,EQ,CASH,EQ,INE943P01029,,,,,1,0.05,,,1,1,AGARWALEYE-EQ,1
NSE,18268,AEROFLEX,NSE-AEROFLEX,Aeroflex Industries,EQ,CASH,EQ,INE024001021,,,,,1,0.05,,,1,1,AEROFLEX-EQ,1
NSE,14597,ALPHAGEO,NSE-ALPHAGEO,Alphageo (India),EQ,CASH,EQ,INE137C01018,,,,,1,0.01,,,1,1,ALPHAGEO-EQ,0
NSE,24715,AKUMS,NSE-AKUMS,Akums Drugs & Pharmaceuticals,EQ,CASH,EQ,INE09XN01023,,,,,1,0.05,,,1,1,AKUMS-EQ,1
NSE,13689,AERONEU,NSE-AERONEU,Aeroflex Neu,EQ,CASH,EQ,INE035801013,,,,,1,0.01,,,1,1,AERONEU-EQ,0
NSE,19438,AHLEAST,NSE-AHLEAST,Asian Hotels East,EQ,CASH,EQ,INE926K01017,,,,,1,0.01,,,1,1,AHLEAST-EQ,0
NSE,761670,AMIRCHAND,NSE-AMIRCHAND,Amir Chand Jagdish,EQ,CASH,EQ,INE05TO01019,,,,,1,0.01,,,1,1,AMIRCHAND-EQ,0
NSE,16719,ALMONDZ,NSE-ALMONDZ,Almondz Global Sec,EQ,CASH,EQ,INE326B01035,,,,,1,0.01,,,1,1,ALMONDZ-EQ,0
NSE,9558,AKSHAR,NSE-AKSHAR,Akshar Spintex,EQ,CASH,EQ,INE256Z01025,,,,,1,0.01,,,1,1,AKSHAR-EQ,0
NSE,11343,AFFLE,NSE-AFFLE,Affle 3i,EQ,CASH,EQ,INE00WC01027,,,,,1,0.1,,,1,1,AFFLE-EQ,1
NSE,12015,AEROENTER,NSE-AEROENTER,AEROFLEX ENTERPRISES LIMITED,EQ,CASH,EQ,INE065D01027,,,,,1,0.01,,,1,1,AEROENTER-EQ,1
NSE,136,ANDHRSUGAR,NSE-ANDHRSUGAR,Andhra Sugars,EQ,CASH,EQ,INE715B01021,,,,,1,0.01,,,1,1,ANDHRSUGAR-EQ,1
NSE,15234,AMBIKCO,NSE-AMBIKCO,Ambika Cotton Mills,EQ,CASH,EQ,INE540G01014,,,,,1,0.1,,,1,1,AMBIKCO-EQ,1
NSE,9921,ALANKIT,NSE-ALANKIT,Alankit,EQ,CASH,EQ,INE914E01040,,,,,1,0.01,,,1,1,ALANKIT-EQ,0
NSE,79,ALEMBICLTD,NSE-ALEMBICLTD,Alembic,EQ,CASH,EQ,INE426A01027,,,,,1,0.01,,,1,1,ALEMBICLTD-EQ,1
NSE,29624,AJAXENGG,NSE-AJAXENGG,Ajax Engineering,EQ,CASH,EQ,INE274Y01021,,,,,1,0.05,,,1,1,AJAXENGG-EQ,1
NSE,5265,ALIVUS,NSE-ALIVUS,Alivus Life Sciences,EQ,CASH,EQ,INE03Q201024,,,,,1,0.1,,,1,1,ALIVUS-EQ,1
NSE,4487,ALKYLAMINE,NSE-ALKYLAMINE,Alkyl Amines Chem,EQ,CASH,EQ,INE150B01039,,,,,1,0.1,,,1,1,ALKYLAMINE-EQ,1
NSE,9046,AGROPHOS,NSE-AGROPHOS,Agro Phos India,EQ,CASH,EQ,INE740V01019,,,,,1,0.01,,,1,1,AGROPHOS-EQ,0
NSE,11798,ALLDIGI,NSE-ALLDIGI,Alldigi Tech,EQ,CASH,EQ,INE835G01018,,,,,1,0.05,,,1,1,ALLDIGI-EQ,0
NSE,17675,ALOKINDS,NSE-ALOKINDS,Alok Industries,EQ,CASH,EQ,INE270A01029,,,,,1,0.01,,,1,1,ALOKINDS-EQ,1
NSE,8124,AJANTPHARM,NSE-AJANTPHARM,Ajanta Pharma,EQ,CASH,EQ,INE031B01049,,,,,1,0.1,,,1,1,AJANTPHARM-EQ,1
NSE,760234,AEQUS,NSE-AEQUS,Aequs,EQ,CASH,EQ,INE947N01017,,,,,1,0.01,,,1,1,AEQUS-EQ,1
NSE,758968,AHCL,NSE-AHCL,Anlon Healthcare,EQ,CASH,EQ,INE0Y8W01025,,,,,1,0.01,,,1,1,AHCL-EQ,1
NSE,14890,AKI,NSE-AKI,AKI India,EQ,CASH,EQ,INE642Z01026,,,,,1,0.01,,,1,1,AKI-EQ,0
NSE,5194,ANTGRAPHIC,NSE-ANTGRAPHIC,Antarctica,EQ,CASH,EQ,INE414B01021,,,,,1,0.01,,,1,1,ANTGRAPHIC-EQ,0
NSE,324,ANGELONE,NSE-ANGELONE,Angel One,EQ,CASH,EQ,INE732I01021,,,,,1,0.05,,,1,1,ANGELONE-EQ,1
NSE,20453,APCL,NSE-APCL,Anjani Portland Cem.,EQ,CASH,EQ,INE071F01012,,,,,1,0.01,,,1,1,APCL-EQ,0
NSE,5378,ASAHIINDIA,NSE-ASAHIINDIA,Asahi India Glass,EQ,CASH,EQ,INE439A01020,,,,,1,0.05,,,1,1,ASAHIINDIA-EQ,1
NSE,757614,ARIS,NSE-ARIS,Arisinfra Solutions,EQ,CASH,EQ,INE0H9P01028,,,,,1,0.01,,,1,1,ARIS-EQ,1
NSE,14889,ASIANTILES,NSE-ASIANTILES,Asian Granito India,EQ,CASH,EQ,INE022I01019,,,,,1,0.01,,,1,1,ASIANTILES-EQ,1
NSE,5435,APTUS,NSE-APTUS,Aptus Value Housing,EQ,CASH,EQ,INE852O01025,,,,,1,0.05,,,1,1,APTUS-EQ,1
NSE,25328,APLLTD,NSE-APLLTD,Alembic Pharma,EQ,CASH,EQ,INE901L01018,,,,,1,0.05,,,1,1,APLLTD-EQ,1
NSE,13598,ANTELOPUS,NSE-ANTELOPUS,Antelopus Selan Ener,EQ,CASH,EQ,INE818A01017,,,,,1,0.05,,,1,1,ANTELOPUS-EQ,0
NSE,16943,ASHOKAMET,NSE-ASHOKAMET,Ashoka Metcast,EQ,CASH,EQ,INE760Y01011,,,,,1,0.01,,,1,1,ASHOKAMET-EQ,0
NSE,23365,AQYLON,NSE-AQYLON,Aqylon Nexus,EQ,CASH,EQ,INE416A01051,,,,,1,0.01,,,1,1,AQYLON-EQ,0
NSE,25780,APLAPOLLO,NSE-APLAPOLLO,APL Apollo Tubes,EQ,CASH,EQ,INE702C01027,,,,,1,0.1,,,1,1,APLAPOLLO-EQ,1
NSE,20159,ARIHANTSUP,NSE-ARIHANTSUP,Arihant Superstructures,EQ,CASH,EQ,INE643K01018,,,,,1,0.05,,,1,1,ARIHANTSUP-EQ,1
NSE,6302,APOLSINHOT,NSE-APOLSINHOT,Apollo Sindoori Hotels,EQ,CASH,EQ,INE451F01024,,,,,1,0.1,,,1,1,APOLSINHOT-EQ,0
NSE,193,ARVIND,NSE-ARVIND,Arvind,EQ,CASH,EQ,INE034A01011,,,,,1,0.05,,,1,1,ARVIND-EQ,1
NSE,25398,ARKADE,NSE-ARKADE,Arkade Developers,EQ,CASH,EQ,INE0QRL01017,,,,,1,0.01,,,1,1,ARKADE-EQ,1
NSE,11491,APARINDS,NSE-APARINDS,Apar Industries,EQ,CASH,EQ,INE372A01015,,,,,1,1.0,,,1,1,APARINDS-EQ,1
NSE,236,ASIANPAINT,NSE-ASIANPAINT,Asian Paints,EQ,CASH,EQ,INE021A01026,,,,,1,0.1,,,1,1,ASIANPAINT-EQ,1
NSE,203,ASHAPURMIN,NSE-ASHAPURMIN,Ashapura Minechem,EQ,CASH,EQ,INE348A01023,,,,,1,0.05,,,1,1,ASHAPURMIN-EQ,1
NSE,762548,ASHIKA,NSE-ASHIKA,Ashika Credit Capital,EQ,CASH,EQ,INE094B01013,,,,,1,0.05,,,1,1,ASHIKA-EQ,1
NSE,2814,ARVEE,NSE-ARVEE,Arvee Labs (India),EQ,CASH,EQ,INE006Z01016,,,,,1,0.01,,,1,1,ARVEE-EQ,0
NSE,10634,ASAL,NSE-ASAL,Automotive Stamping,EQ,CASH,EQ,INE900C01027,,,,,1,0.05,,,1,1,ASAL-EQ,1
NSE,154,APCOTEXIND,NSE-APCOTEXIND,Apcotex Industries,EQ,CASH,EQ,INE116A01032,,,,,1,0.05,,,1,1,APCOTEXIND-EQ,1
NSE,14557,AROGRANITE,NSE-AROGRANITE,Aro Granite Inds,EQ,CASH,EQ,INE210C01013,,,,,1,0.01,,,1,1,AROGRANITE-EQ,0
NSE,20182,ASHOKA,NSE-ASHOKA,Ashoka Buildcon,EQ,CASH,EQ,INE442H01029,,,,,1,0.01,,,1,1,ASHOKA-EQ,1
NSE,757885,ANTHEM,NSE-ANTHEM,Anthem Biosciences,EQ,CASH,EQ,INE0CZ201020,,,,,1,0.05,,,1,1,ANTHEM-EQ,1
NSE,13885,ARIHANT,NSE-ARIHANT,Arihant Foundations,EQ,CASH,EQ,INE413D01011,,,,,1,0.05,,,1,1,ARIHANT-EQ,0
NSE,181,ARENTERP,NSE-ARENTERP,Rajdarshan Inds,EQ,CASH,EQ,INE610C01014,,,,,1,0.01,,,1,1,ARENTERP-EQ,0
NSE,17263,ARMANFIN,NSE-ARMANFIN,Arman Financial Serv,EQ,CASH,EQ,INE109C01017,,,,,1,0.1,,,1,1,ARMANFIN-EQ,1
NSE,206,ASHIMASYN,NSE-ASHIMASYN,Ashima,EQ,CASH,EQ,INE440A01010,,,,,1,0.01,,,1,1,ASHIMASYN-EQ,0
NSE,9014,ANUP,NSE-ANUP,Anup Engineering,EQ,CASH,EQ,INE294Z01018,,,,,1,0.1,,,1,1,ANUP-EQ,1
NSE,163,APOLLOTYRE,NSE-APOLLOTYRE,Apollo Tyres,EQ,CASH,EQ,INE438A01022,,,,,1,0.05,,,1,1,APOLLOTYRE-EQ,1
NSE,100,ARE&M,NSE-ARE&M,Amara Raja Energy,EQ,CASH,EQ,INE885A01032,,,,,1,0.05,,,1,1,ARE&M-EQ,1
NSE,17598,ASALCBR,NSE-ASALCBR,Assoc Alcohol & Brew,EQ,CASH,EQ,INE073G01016,,,,,1,0.05,,,1,1,ASALCBR-EQ,1
NSE,212,ASHOKLEY,NSE-ASHOKLEY,Ashok Leyland,EQ,CASH,EQ,INE208A01029,,,,,1,0.01,,,1,1,ASHOKLEY-EQ,1
NSE,14361,APOLLOPIPE,NSE-APOLLOPIPE,Apollo Pipes,EQ,CASH,EQ,INE126J01016,,,,,1,0.05,,,1,1,APOLLOPIPE-EQ,1
NSE,16913,ARTEMISMED,NSE-ARTEMISMED,Artemis Medicare,EQ,CASH,EQ,INE025R01021,,,,,1,0.05,,,1,1,ARTEMISMED-EQ,1
NSE,3813,ARIHANTCAP,NSE-ARIHANTCAP,Arihant Capital,EQ,CASH,EQ,INE420B01036,,,,,1,0.01,,,1,1,ARIHANTCAP-EQ,1
NSE,9260,ARROWGREEN,NSE-ARROWGREEN,Arrow Greentech,EQ,CASH,EQ,INE570D01018,,,,,1,0.05,,,1,1,ARROWGREEN-EQ,1
NSE,6156,ARTNIRMAN,NSE-ARTNIRMAN,Art Nirman,EQ,CASH,EQ,INE738V01013,,,,,1,0.01,,,1,1,ARTNIRMAN-EQ,0
NSE,15204,ARIES,NSE-ARIES,Aries Agro,EQ,CASH,EQ,INE298I01015,,,,,1,0.05,,,1,1,ARIES-EQ,0
NSE,5688,ARCHIES,NSE-ARCHIES,Archies,EQ,CASH,EQ,INE731A01020,,,,,1,0.01,,,1,1,ARCHIES-EQ,0
NSE,1134,APOLLO,NSE-APOLLO,Apollo Micro Systems,EQ,CASH,EQ,INE713T01028,,,,,1,0.05,,,1,1,APOLLO-EQ,1
NSE,18422,ASIANHOTNR,NSE-ASIANHOTNR,Asian Hotels North,EQ,CASH,EQ,INE363A01022,,,,,1,0.05,,,1,1,ASIANHOTNR-EQ,0
NSE,758700,ARFIN,NSE-ARFIN,Arfin India,EQ,CASH,EQ,INE784R01023,,,,,1,0.01,,,1,1,ARFIN-EQ,1
NSE,16795,ARCHIDPLY,NSE-ARCHIDPLY,Archidply Industries,EQ,CASH,EQ,INE877I01016,,,,,1,0.01,,,1,1,ARCHIDPLY-EQ,0
NSE,7030,ASIANENE,NSE-ASIANENE,Asian Energy Serv,EQ,CASH,EQ,INE276G01015,,,,,1,0.05,,,1,1,ASIANENE-EQ,1
NSE,9111,ARVINDFASN,NSE-ARVINDFASN,Arvind Fashions,EQ,CASH,EQ,INE955V01021,,,,,1,0.05,,,1,1,ARVINDFASN-EQ,1
NSE,2829,ANURAS,NSE-ANURAS,Anupam Rasayan,EQ,CASH,EQ,INE930P01018,,,,,1,0.1,,,1,1,ANURAS-EQ,1
NSE,759956,ARSSBL,NSE-ARSSBL,Anand Rathi Share,EQ,CASH,EQ,INE549H01021,,,,,1,0.05,,,1,1,ARSSBL-EQ,1
NSE,21623,APEX,NSE-APEX,Apex Frozen Foods,EQ,CASH,EQ,INE346W01013,,,,,1,0.05,,,1,1,APEX-EQ,1
NSE,28314,ANUHPHR,NSE-ANUHPHR,Anuh Pharma,EQ,CASH,EQ,INE489G01022,,,,,1,0.01,,,1,1,ANUHPHR-EQ,0
NSE,10755,APTECHT,NSE-APTECHT,Aptech,EQ,CASH,EQ,INE266F01018,,,,,1,0.01,,,1,1,APTECHT-EQ,1
NSE,3727,ANMOL,NSE-ANMOL,Anmol India,EQ,CASH,EQ,INE02AR01019,,,,,1,0.01,,,1,1,ANMOL-EQ,0
NSE,25088,ASAHISONG,NSE-ASAHISONG,Asahi Songwon,EQ,CASH,EQ,INE228I01012,,,,,1,0.01,,,1,1,ASAHISONG-EQ,0
NSE,157,APOLLOHOSP,NSE-APOLLOHOSP,Apollo Hospitals,EQ,CASH,EQ,INE437A01024,,,,,1,0.5,,,1,1,APOLLOHOSP-EQ,1
NSE,24403,ASHIANA,NSE-ASHIANA,Ashiana Housing,EQ,CASH,EQ,INE365D01021,,,,,1,0.05,,,1,1,ASHIANA-EQ,1
NSE,10457,ARVSMART,NSE-ARVSMART,Arvind Smartspaces,EQ,CASH,EQ,INE034S01021,,,,,1,0.05,,,1,1,ARVSMART-EQ,1
NSE,1607,AURIGROW,NSE-AURIGROW,Auri Grow India,EQ,CASH,EQ,INE925Y01036,,,,,1,0.01,,,1,1,AURIGROW-EQ,0
NSE,275,AUROPHARMA,NSE-AUROPHARMA,Aurobindo Pharma,EQ,CASH,EQ,INE406A01037,,,,,1,0.1,,,1,1,AUROPHARMA-EQ,1
NSE,17728,ASTEC,NSE-ASTEC,Astec Lifesciences,EQ,CASH,EQ,INE563J01010,,,,,1,0.05,,,1,1,ASTEC-EQ,1
NSE,12022,AURIONPRO,NSE-AURIONPRO,Aurionpro Solutions,EQ,CASH,EQ,INE132H01018,,,,,1,0.05,,,1,1,AURIONPRO-EQ,1
NSE,9158,BALAJITELE,NSE-BALAJITELE,Balaji Telefilms,EQ,CASH,EQ,INE794B01026,,,,,1,0.01,,,1,1,BALAJITELE-EQ,1
NSE,15034,BAJAJELEC,NSE-BAJAJELEC,Bajaj Electricals,EQ,CASH,EQ,INE193E01025,,,,,1,0.05,,,1,1,BAJAJELEC-EQ,1
NSE,15404,ATAM,NSE-ATAM,Atam Valves,EQ,CASH,EQ,INE09KD01013,,,,,1,0.01,,,1,1,ATAM-EQ,0
NSE,762563,BAJAJST,NSE-BAJAJST,Bajaj Steel Industries,EQ,CASH,EQ,INE704G01024,,,,,1,0.05,,,1,1,BAJAJST-EQ,1
NSE,10181,BALKRISHNA,NSE-BALKRISHNA,Balkrishna Paper,EQ,CASH,EQ,INE875R01011,,,,,1,0.01,,,1,1,BALKRISHNA-EQ,0
NSE,17778,ATL,NSE-ATL,Allcargo Terminal,EQ,CASH,EQ,INE0NN701020,,,,,1,0.01,,,1,1,ATL-EQ,0
NSE,278,AUTOAXLES,NSE-AUTOAXLES,Auto.Axle,EQ,CASH,EQ,INE449A01011,,,,,1,0.1,,,1,1,AUTOAXLES-EQ,1
NSE,11226,BAGFILMS,NSE-BAGFILMS,BAG Films & Media,EQ,CASH,EQ,INE116D01028,,,,,1,0.01,,,1,1,BAGFILMS-EQ,0
NSE,25203,BALAJEE,NSE-BALAJEE,Shree Tirup.Bal.Agro,EQ,CASH,EQ,INE0S2G01011,,,,,1,0.01,,,1,1,BALAJEE-EQ,0
NSE,335,BALKRISIND,NSE-BALKRISIND,Balkrishna Inds.,EQ,CASH,EQ,INE787D01026,,,,,1,0.1,,,1,1,BALKRISIND-EQ,1
NSE,757645,ATHERENERG,NSE-ATHERENERG,Ather Energy,EQ,CASH,EQ,INE0LEZ01016,,,,,1,0.05,,,1,1,ATHERENERG-EQ,1
NSE,14008,AVTNPL,NSE-AVTNPL,AVT Natural Prod,EQ,CASH,EQ,INE488D01021,,,,,1,0.01,,,1,1,AVTNPL-EQ,0
NSE,14064,ASMS,NSE-ASMS,Avio Smart Market,EQ,CASH,EQ,INE855F01042,,,,,1,0.01,,,1,1,ASMS-EQ,0
NSE,20531,BAJEL,NSE-BAJEL,Bajel Projects,EQ,CASH,EQ,INE0KQN01018,,,,,1,0.01,,,1,1,BAJEL-EQ,1
NSE,338,BALMLAWRIE,NSE-BALMLAWRIE,Balmer Lawrie & Co,EQ,CASH,EQ,INE164A01016,,,,,1,0.01,,,1,1,BALMLAWRIE-EQ,1
NSE,20905,AZAD,NSE-AZAD,Azad Engineering,EQ,CASH,EQ,INE02IJ01035,,,,,1,0.1,,,1,1,AZAD-EQ,1
NSE,30023,ATULAUTO,NSE-ATULAUTO,Atul Auto,EQ,CASH,EQ,INE951D01028,,,,,1,0.05,,,1,1,ATULAUTO-EQ,1
NSE,305,BAJAJHLDNG,NSE-BAJAJHLDNG,Bajaj Hold & Invest,EQ,CASH,EQ,INE118A01012,,,,,1,1.0,,,1,1,BAJAJHLDNG-EQ,1
NSE,762553,ASTAR,NSE-ASTAR,Asian Star Co,EQ,CASH,EQ,INE194D01017,,,,,1,0.05,,,1,1,ASTAR-EQ,0
NSE,15649,ATALREAL,NSE-ATALREAL,Atal Realtech,EQ,CASH,EQ,INE0ALR01029,,,,,1,0.01,,,1,1,ATALREAL-EQ,0
NSE,25984,AVL,NSE-AVL,Aditya Vision,EQ,CASH,EQ,INE679V01027,,,,,1,0.05,,,1,1,AVL-EQ,1
NSE,341,BALRAMCHIN,NSE-BALRAMCHIN,Balrampur Chini Mill,EQ,CASH,EQ,INE119A01028,,,,,1,0.05,,,1,1,BALRAMCHIN-EQ,1
NSE,14501,BALAMINES,NSE-BALAMINES,Balaji Amines,EQ,CASH,EQ,INE050E01027,,,,,1,0.1,,,1,1,BALAMINES-EQ,1
NSE,16669,BAJAJ-AUTO,NSE-BAJAJ-AUTO,Bajaj Auto,EQ,CASH,EQ,INE917I01010,,,,,1,1.0,,,1,1,BAJAJ-AUTO-EQ,1
NSE,23864,AWFIS,NSE-AWFIS,Awfis Space Solution,EQ,CASH,EQ,INE108V01019,,,,,1,0.05,,,1,1,AWFIS-EQ,1
NSE,317,BAJFINANCE,NSE-BAJFINANCE,Bajaj Finance,EQ,CASH,EQ,INE296A01032,,,,,1,0.05,,,1,1,BAJFINANCE-EQ,1
NSE,24610,AVANTEL,NSE-AVANTEL,Avantel,EQ,CASH,EQ,INE005B01027,,,,,1,0.01,,,1,1,AVANTEL-EQ,1
NSE,13585,ATLANTAA,NSE-ATLANTAA,Atlantaa,EQ,CASH,EQ,INE285H01022,,,,,1,0.01,,,1,1,ATLANTAA-EQ,0
NSE,15589,AVG,NSE-AVG,AVG Logistics,EQ,CASH,EQ,INE680Z01018,,,,,1,0.01,,,1,1,AVG-EQ,0
NSE,6863,BAJAJHCARE,NSE-BAJAJHCARE,Bajaj Healthcare,EQ,CASH,EQ,INE411U01027,,,,,1,0.05,,,1,1,BAJAJHCARE-EQ,1
NSE,17742,BAFNAPH,NSE-BAFNAPH,Bafna Pharma,EQ,CASH,EQ,INE878I01022,,,,,1,0.01,,,1,1,BAFNAPH-EQ,0
NSE,10310,AURUM,NSE-AURUM,Aurum Proptech,EQ,CASH,EQ,INE898S01029,,,,,1,0.01,,,1,1,AURUM-EQ,1
NSE,20152,ASKAUTOLTD,NSE-ASKAUTOLTD,ASK Automotive,EQ,CASH,EQ,INE491J01022,,,,,1,0.05,,,1,1,ASKAUTOLTD-EQ,1
NSE,13441,BALPHARMA,NSE-BALPHARMA,Bal Pharma,EQ,CASH,EQ,INE083D01012,,,,,1,0.01,,,1,1,BALPHARMA-EQ,0
NSE,15058,AVALON,NSE-AVALON,Avalon Technologies,EQ,CASH,EQ,INE0LCL01028,,,,,1,0.1,,,1,1,AVALON-EQ,1
NSE,5900,AXISBANK,NSE-AXISBANK,Axis Bank,EQ,CASH,EQ,INE238A01034,,,,,1,0.1,,,1,1,AXISBANK-EQ,1
NSE,6066,ATGL,NSE-ATGL,Adani Total Gas,EQ,CASH,EQ,INE399L01023,,,,,1,0.05,,,1,1,ATGL-EQ,1
NSE,4568,ATLASCYCLE,NSE-ATLASCYCLE,Atlas Cycles Haryana,EQ,CASH,EQ,INE446A01025,,,,,1,0.01,,,1,1,ATLASCYCLE-EQ,0
NSE,760981,AYE,NSE-AYE,AYE Finance,EQ,CASH,EQ,INE501X01029,,,,,1,0.01,,,1,1,AYE-EQ,1
NSE,13794,BAIDFIN,NSE-BAIDFIN,Baid Leasing & Fin,EQ,CASH,EQ,INE020D01022,,,,,1,0.01,,,1,1,BAIDFIN-EQ,0
NSE,308,BAJAJHIND,NSE-BAJAJHIND,Bajaj Hindusthan Sug,EQ,CASH,EQ,INE306A01021,,,,,1,0.01,,,1,1,BAJAJHIND-EQ,1
NSE,19531,BAJAJCON,NSE-BAJAJCON,Bajaj Corp,EQ,CASH,EQ,INE933K01021,,,,,1,0.05,,,1,1,BAJAJCON-EQ,1
NSE,11618,ASTRAMICRO,NSE-ASTRAMICRO,Astra Micro Wave,EQ,CASH,EQ,INE386C01029,,,,,1,0.1,,,1,1,ASTRAMICRO-EQ,1
NSE,14418,ASTRAL,NSE-ASTRAL,Astral,EQ,CASH,EQ,INE006I01046,,,,,1,0.1,,,1,1,ASTRAL-EQ,1
NSE,263,ATUL,NSE-ATUL,Atul,EQ,CASH,EQ,INE100A01010,,,,,1,0.5,,,1,1,ATUL-EQ,1
NSE,1508,ASTERDM,NSE-ASTERDM,Aster DM Healthcare,EQ,CASH,EQ,INE914M01019,,,,,1,0.05,,,1,1,ASTERDM-EQ,1
NSE,8110,AWL,NSE-AWL,AWL Agri Business,EQ,CASH,EQ,INE699H01024,,,,,1,0.01,,,1,1,AWL-EQ,1
NSE,9436,AXISCADES,NSE-AXISCADES,Axiscades Tech,EQ,CASH,EQ,INE555B01013,,,,,1,0.1,,,1,1,AXISCADES-EQ,0
NSE,8827,AVROIND,NSE-AVROIND,Avro India,EQ,CASH,EQ,INE652Z01025,,,,,1,0.01,,,1,1,AVROIND-EQ,0
NSE,17270,ASPINWALL,NSE-ASPINWALL,Aspinwall & Co,EQ,CASH,EQ,INE991I01015,,,,,1,0.01,,,1,1,ASPINWALL-EQ,0
NSE,1797,AWHCL,NSE-AWHCL,Antony Waste,EQ,CASH,EQ,INE01BK01022,,,,,1,0.05,,,1,1,AWHCL-EQ,1
NSE,25270,BAJAJHFL,NSE-BAJAJHFL,Bajaj Housing Financ,EQ,CASH,EQ,INE377Y01014,,,,,1,0.01,,,1,1,BAJAJHFL-EQ,1
NSE,16675,BAJAJFINSV,NSE-BAJAJFINSV,Bajaj Finserv,EQ,CASH,EQ,INE918I01026,,,,,1,0.1,,,1,1,BAJAJFINSV-EQ,1
NSE,7936,AVANTIFEED,NSE-AVANTIFEED,Avanti Feeds,EQ,CASH,EQ,INE871C01038,,,,,1,0.1,,,1,1,AVANTIFEED-EQ,1
NSE,5610,ASTRAZEN,NSE-ASTRAZEN,Astrazeneca Pharma,EQ,CASH,EQ,INE203A01020,,,,,1,0.5,,,1,1,ASTRAZEN-EQ,1
NSE,21238,AUBANK,NSE-AUBANK,AU Small Fin. Bank,EQ,CASH,EQ,INE949L01017,,,,,1,0.05,,,1,1,AUBANK-EQ,1
NSE,29678,BAJAJINDEF,NSE-BAJAJINDEF,BAJAJINDEF,EQ,CASH,EQ,INE0O9T01021,,,,,1,0.05,,,1,1,BAJAJINDEF-EQ,1
NSE,13557,AVONMORE,NSE-AVONMORE,Avonmore Capital,EQ,CASH,EQ,INE323B01024,,,,,1,0.01,,,1,1,AVONMORE-EQ,0
NSE,9902,AXITA,NSE-AXITA,Axita Cotton,EQ,CASH,EQ,INE02EZ01022,,,,,1,0.01,,,1,1,AXITA-EQ,0
NSE,10285,AYMSYNTEX,NSE-AYMSYNTEX,Aym Syntex,EQ,CASH,EQ,INE193B01039,,,,,1,0.01,,,1,1,AYMSYNTEX-EQ,0
NSE,23607,BALUFORGE,NSE-BALUFORGE,Balu Forge Inds,EQ,CASH,EQ,INE011E01029,,,,,1,0.05,,,1,1,BALUFORGE-EQ,1
NSE,13400,BHAGERIA,NSE-BHAGERIA,Bhageria Industries,EQ,CASH,EQ,INE354C01027,,,,,1,0.01,,,1,1,BHAGERIA-EQ,0
NSE,4136,BIOFILCHEM,NSE-BIOFILCHEM,Biofil Chem & Pharma,EQ,CASH,EQ,INE829A01014,,,,,1,0.01,,,1,1,BIOFILCHEM-EQ,0
NSE,762593,BIRLAPREC,NSE-BIRLAPREC,Birla Precision,EQ,CASH,EQ,INE372E01025,,,,,1,0.01,,,1,1,BIRLAPREC-EQ,0
NSE,757938,BELLACASA,NSE-BELLACASA,Bella Casa Fashion,EQ,CASH,EQ,INE344T01014,,,,,1,0.01,,,1,1,BELLACASA-EQ,0
NSE,419,BEPL,NSE-BEPL,Bhansali Engg. Poly.,EQ,CASH,EQ,INE922A01025,,,,,1,0.01,,,1,1,BEPL-EQ,1
NSE,383,BEL,NSE-BEL,Bharat Electronics,EQ,CASH,EQ,INE263A01024,,,,,1,0.05,,,1,1,BEL-EQ,1
NSE,438,BHEL,NSE-BHEL,BHEL,EQ,CASH,EQ,INE257A01026,,,,,1,0.05,,,1,1,BHEL-EQ,1
NSE,15239,BIRLAMONEY,NSE-BIRLAMONEY,Aditya Birla Money,EQ,CASH,EQ,INE865C01022,,,,,1,0.01,,,1,1,BIRLAMONEY-EQ,0
NSE,18431,BIGBLOC,NSE-BIGBLOC,Bigbloc Construction,EQ,CASH,EQ,INE412U01025,,,,,1,0.01,,,1,1,BIGBLOC-EQ,0
NSE,762583,BI,NSE-BI,Bilcare,EQ,CASH,EQ,INE986A01012,,,,,1,0.01,,,1,1,BI-EQ,0
NSE,380,BBTC,NSE-BBTC,Bombay Burmah Trdg.,EQ,CASH,EQ,INE050A01025,,,,,1,0.1,,,1,1,BBTC-EQ,1
NSE,14511,BANSWRAS,NSE-BANSWRAS,Banswara Syntex,EQ,CASH,EQ,INE629D01020,,,,,1,0.01,,,1,1,BANSWRAS-EQ,0
NSE,21113,BFINVEST,NSE-BFINVEST,BF Investment,EQ,CASH,EQ,INE878K01010,,,,,1,0.05,,,1,1,BFINVEST-EQ,1
NSE,6164,BHAGCHEM,NSE-BHAGCHEM,Bhagiradha Chem,EQ,CASH,EQ,INE414D01027,,,,,1,0.01,,,1,1,BHAGCHEM-EQ,1
NSE,22566,BLSE,NSE-BLSE,BLS E-Services,EQ,CASH,EQ,INE0NLT01010,,,,,1,0.01,,,1,1,BLSE-EQ,1
NSE,10604,BHARTIARTL,NSE-BHARTIARTL,Bharti Airtel,EQ,CASH,EQ,INE397D01024,,,,,1,0.1,,,1,1,BHARTIARTL-EQ,1
NSE,30244,BHARATSE,NSE-BHARATSE,Bharat Seats,EQ,CASH,EQ,INE415D01024,,,,,1,0.01,,,1,1,BHARATSE-EQ,1
NSE,17279,BLS,NSE-BLS,BLS Intl Serv,EQ,CASH,EQ,INE153T01027,,,,,1,0.05,,,1,1,BLS-EQ,1
NSE,15067,BLAL,NSE-BLAL,BEML Land Assets,EQ,CASH,EQ,INE0N7W01012,,,,,1,0.01,,,1,1,BLAL-EQ,0
NSE,16123,BHARATWIRE,NSE-BHARATWIRE,Bharat Wire Ropes,EQ,CASH,EQ,INE316L01019,,,,,1,0.01,,,1,1,BHARATWIRE-EQ,1
NSE,761494,BCPL,NSE-BCPL,BCPL Railway Infra,EQ,CASH,EQ,INE00SW01015,,,,,1,0.01,,,1,1,BCPL-EQ,0
NSE,395,BEML,NSE-BEML,BEML,EQ,CASH,EQ,INE258A01024,,,,,1,0.1,,,1,1,BEML-EQ,1
NSE,14567,BFUTILITIE,NSE-BFUTILITIE,BF Utilities,EQ,CASH,EQ,INE243D01012,,,,,1,0.05,,,1,1,BFUTILITIE-EQ,0
NSE,11966,BIKAJI,NSE-BIKAJI,Bikaji Foods Inter.,EQ,CASH,EQ,INE00E101023,,,,,1,0.05,,,1,1,BIKAJI-EQ,1
NSE,762598,BLACKROSE,NSE-BLACKROSE,Black Rose Inds,EQ,CASH,EQ,INE761G01016,,,,,1,0.01,,,1,1,BLACKROSE-EQ,0
NSE,7848,BIL,NSE-BIL,Bhartiya Intl,EQ,CASH,EQ,INE828A01016,,,,,1,0.05,,,1,1,BIL-EQ,0
NSE,4668,BANKBARODA,NSE-BANKBARODA,Bank of Baroda,EQ,CASH,EQ,INE028A01039,,,,,1,0.05,,,1,1,BANKBARODA-EQ,1
NSE,7780,BCONCEPTS,NSE-BCONCEPTS,Brand Concepts,EQ,CASH,EQ,INE977Y01011,,,,,1,0.01,,,1,1,BCONCEPTS-EQ,0
NSE,347,BANARBEADS,NSE-BANARBEADS,Banaras Beads,EQ,CASH,EQ,INE655B01011,,,,,1,0.01,,,1,1,BANARBEADS-EQ,0
NSE,8132,BLBLIMITED,NSE-BLBLIMITED,BLB,EQ,CASH,EQ,INE791A01024,,,,,1,0.01,,,1,1,BLBLIMITED-EQ,0
NSE,11373,BIOCON,NSE-BIOCON,Biocon,EQ,CASH,EQ,INE376G01013,,,,,1,0.05,,,1,1,BIOCON-EQ,1
NSE,13761,BBL,NSE-BBL,Bharat Bijlee,EQ,CASH,EQ,INE464A01036,,,,,1,0.1,,,1,1,BBL-EQ,1
NSE,2263,BANDHANBNK,NSE-BANDHANBNK,Bandhan Bank,EQ,CASH,EQ,INE545U01014,,,,,1,0.01,,,1,1,BANDHANBNK-EQ,1
NSE,2306,BESTAGRO,NSE-BESTAGRO,Best Agrolife,EQ,CASH,EQ,INE052T01021,,,,,1,0.01,,,1,1,BESTAGRO-EQ,1
NSE,12153,BBTCL,NSE-BBTCL,B & B Triplewall,EQ,CASH,EQ,INE01EE01011,,,,,1,0.01,,,1,1,BBTCL-EQ,0
NSE,17933,BEARDSELL,NSE-BEARDSELL,Beardsell,EQ,CASH,EQ,INE520H01022,,,,,1,0.01,,,1,1,BEARDSELL-EQ,0
NSE,422,BHARATFORG,NSE-BHARATFORG,Bharat Forge,EQ,CASH,EQ,INE465A01025,,,,,1,0.1,,,1,1,BHARATFORG-EQ,1
NSE,23489,BHARTIHEXA,NSE-BHARTIHEXA,Bharti Hexacom,EQ,CASH,EQ,INE343G01021,,,,,1,0.1,,,1,1,BHARTIHEXA-EQ,1
NSE,762578,BENGALASM,NSE-BENGALASM,Bengal & Assam Co,EQ,CASH,EQ,INE083K01017,,,,,1,0.5,,,1,1,BENGALASM-EQ,0
NSE,759842,BETA,NSE-BETA,Beta Drugs,EQ,CASH,EQ,INE351Y01019,,,,,1,0.1,,,1,1,BETA-EQ,0
NSE,368,BASF,NSE-BASF,BASF India,EQ,CASH,EQ,INE373A01013,,,,,1,0.1,,,1,1,BASF-EQ,1
NSE,762568,BATLIBOI,NSE-BATLIBOI,Batliboi,EQ,CASH,EQ,INE177C01022,,,,,1,0.01,,,1,1,BATLIBOI-EQ,0
NSE,480,BIRLACORPN,NSE-BIRLACORPN,Birla Corporation,EQ,CASH,EQ,INE340A01012,,,,,1,0.05,,,1,1,BIRLACORPN-EQ,1
NSE,19265,BLISSGVS,NSE-BLISSGVS,Bliss GVS Pharma,EQ,CASH,EQ,INE416D01022,,,,,1,0.05,,,1,1,BLISSGVS-EQ,1
NSE,2513,BCLIND,NSE-BCLIND,BCL Industries,EQ,CASH,EQ,INE412G01024,,,,,1,0.01,,,1,1,BCLIND-EQ,1
NSE,27144,BLACKBUCK,NSE-BLACKBUCK,BlackBuck,EQ,CASH,EQ,INE0UIZ01018,,,,,1,0.05,,,1,1,BLACKBUCK-EQ,1
NSE,4745,BANKINDIA,NSE-BANKINDIA,Bank Of India,EQ,CASH,EQ,INE084A01016,,,,,1,0.01,,,1,1,BANKINDIA-EQ,1
NSE,2144,BDL,NSE-BDL,Bharat Dynamics,EQ,CASH,EQ,INE171Z01026,,,,,1,0.1,,,1,1,BDL-EQ,1
NSE,1455,BIRLANU,NSE-BIRLANU,BirlaNu,EQ,CASH,EQ,INE557A01011,,,,,1,0.1,,,1,1,BIRLANU-EQ,1
NSE,760726,BHARATCOAL,NSE-BHARATCOAL,Bharat Coking Coal,EQ,CASH,EQ,INE05XR01022,,,,,1,0.01,,,1,1,BHARATCOAL-EQ,1
NSE,757102,BELRISE,NSE-BELRISE,Belrise Industri,EQ,CASH,EQ,INE894V01022,,,,,1,0.01,,,1,1,BELRISE-EQ,1
NSE,12034,BASML,NSE-BASML,Bannari Amman Mills,EQ,CASH,EQ,INE186H01022,,,,,1,0.01,,,1,1,BASML-EQ,0
NSE,17927,BAYERCROP,NSE-BAYERCROP,Bayer CropScience,EQ,CASH,EQ,INE462A01022,,,,,1,0.1,,,1,1,BAYERCROP-EQ,1
NSE,24386,BANSALWIRE,NSE-BANSALWIRE,Bansal Wire Inds.,EQ,CASH,EQ,INE0B9K01025,,,,,1,0.05,,,1,1,BANSALWIRE-EQ,1
NSE,350,BANARISUG,NSE-BANARISUG,Bannari Amman Sugars,EQ,CASH,EQ,INE459A01010,,,,,1,0.1,,,1,1,BANARISUG-EQ,0
NSE,3435,BBOX,NSE-BBOX,Black Bo,EQ,CASH,EQ,INE676A01027,,,,,1,0.1,,,1,1,BBOX-EQ,1
NSE,20196,BEDMUTHA,NSE-BEDMUTHA,Bedmutha Industries,EQ,CASH,EQ,INE844K01012,,,,,1,0.01,,,1,1,BEDMUTHA-EQ,0
NSE,404,BERGEPAINT,NSE-BERGEPAINT,Berger Paints India,EQ,CASH,EQ,INE463A01038,,,,,1,0.05,,,1,1,BERGEPAINT-EQ,1
NSE,762603,BLIL,NSE-BLIL,Balmer Lawie Invst,EQ,CASH,EQ,INE525F01025,,,,,1,0.01,,,1,1,BLIL-EQ,0
NSE,8833,BCG,NSE-BCG,Brightcom Group,EQ,CASH,EQ,INE425B01027,,,,,1,0.01,,,1,1,BCG-EQ,0
NSE,762573,BEEKAY,NSE-BEEKAY,Beekay Steel Inds,EQ,CASH,EQ,INE213D01015,,,,,1,0.05,,,1,1,BEEKAY-EQ,0
NSE,13880,BANCOINDIA,NSE-BANCOINDIA,Banco Products,EQ,CASH,EQ,INE213C01025,,,,,1,0.05,,,1,1,BANCOINDIA-EQ,1
NSE,762588,BIMETAL,NSE-BIMETAL,Bimetal Bearings,EQ,CASH,EQ,INE469A01019,,,,,1,0.05,,,1,1,BIMETAL-EQ,0
NSE,371,BATAINDIA,NSE-BATAINDIA,Bata india,EQ,CASH,EQ,INE176A01028,,,,,1,0.05,,,1,1,BATAINDIA-EQ,1
NSE,1628,BECTORFOOD,NSE-BECTORFOOD,Mrs Bectors Food,EQ,CASH,EQ,INE495P01020,,,,,1,0.01,,,1,1,BECTORFOOD-EQ,1
NSE,15303,BANG,NSE-BANG,Bang Overseas,EQ,CASH,EQ,INE863I01016,,,,,1,0.01,,,1,1,BANG-EQ,0
NSE,426,BHARATGEAR,NSE-BHARATGEAR,Bharat Gears,EQ,CASH,EQ,INE561C01019,,,,,1,0.01,,,1,1,BHARATGEAR-EQ,0
NSE,3834,BHARATRAS,NSE-BHARATRAS,Bharat Rasayan,EQ,CASH,EQ,INE838B01021,,,,,1,0.1,,,1,1,BHARATRAS-EQ,1
NSE,13290,BLKASHYAP,NSE-BLKASHYAP,BL Kashyap & Sons,EQ,CASH,EQ,INE350H01032,,,,,1,0.01,,,1,1,BLKASHYAP-EQ,1
NSE,342,CAMS,NSE-CAMS,Computer Age Man,EQ,CASH,EQ,INE596I01020,,,,,1,0.05,,,1,1,CAMS-EQ,1
NSE,8311,BLUESTARCO,NSE-BLUESTARCO,Blue Star,EQ,CASH,EQ,INE472A01039,,,,,1,0.1,,,1,1,BLUESTARCO-EQ,1
NSE,759477,CANHLIFE,NSE-CANHLIFE,Canara HSBC Life Ins,EQ,CASH,EQ,INE01TY01017,,,,,1,0.01,,,1,1,CANHLIFE-EQ,1
NSE,19686,BLUEJET,NSE-BLUEJET,Blue Jet Healthcare,EQ,CASH,EQ,INE0KBH01020,,,,,1,0.05,,,1,1,BLUEJET-EQ,1
NSE,3149,BORORENEW,NSE-BORORENEW,Borosil Renewables,EQ,CASH,EQ,INE666D01022,,,,,1,0.05,,,1,1,BORORENEW-EQ,1
NSE,761056,BONLON,NSE-BONLON,Bonlon Industries,EQ,CASH,EQ,INE0B9A01018,,,,,1,0.01,,,1,1,BONLON-EQ,0
NSE,759256,BMWVENTLTD,NSE-BMWVENTLTD,BMW Ventures,EQ,CASH,EQ,INE965W01036,,,,,1,0.01,,,1,1,BMWVENTLTD-EQ,0
NSE,6994,BSOFT,NSE-BSOFT,Birlasoft,EQ,CASH,EQ,INE836A01035,,,,,1,0.05,,,1,1,BSOFT-EQ,1
NSE,4491,BOSCH-HCIL,NSE-BOSCH-HCIL,Bosch Home Comfort,EQ,CASH,EQ,INE782A01015,,,,,1,0.1,,,1,1,BOSCH-HCIL-EQ,1
NSE,530,BPL,NSE-BPL,BPL,EQ,CASH,EQ,INE110A01019,,,,,1,0.01,,,1,1,BPL-EQ,0
NSE,762613,BNALTD,NSE-BNALTD,B&A,EQ,CASH,EQ,INE489D01011,,,,,1,0.05,,,1,1,BNALTD-EQ,0
NSE,10794,CANBK,NSE-CANBK,Canara Bank,EQ,CASH,EQ,INE476A01022,,,,,1,0.01,,,1,1,CANBK-EQ,1
NSE,4681,BLUECHIP,NSE-BLUECHIP,Blue Chip India,EQ,CASH,EQ,INE657B01025,,,,,1,0.01,,,1,1,BLUECHIP-EQ,0
NSE,2181,BOSCHLTD,NSE-BOSCHLTD,Bosch,EQ,CASH,EQ,INE323A01026,,,,,1,5.0,,,1,1,BOSCHLTD-EQ,1
NSE,757794,BRIGHOTEL,NSE-BRIGHOTEL,Brigade Hotel Ven.,EQ,CASH,EQ,INE03NU01014,,,,,1,0.01,,,1,1,BRIGHOTEL-EQ,0
NSE,15073,BVCL,NSE-BVCL,Barak Valley Cem,EQ,CASH,EQ,INE139I01011,,,,,1,0.01,,,1,1,BVCL-EQ,0
NSE,19585,BSE,NSE-BSE,BSE,EQ,CASH,EQ,INE118H01025,,,,,1,0.1,,,1,1,BSE-EQ,1
NSE,22675,CAPITALSFB,NSE-CAPITALSFB,Capital Small Fin.,EQ,CASH,EQ,INE646H01017,,,,,1,0.05,,,1,1,CAPITALSFB-EQ,1
NSE,24014,BOROSCI,NSE-BOROSCI,Borosil Scientific,EQ,CASH,EQ,INE02L001032,,,,,1,0.01,,,1,1,BOROSCI-EQ,1
NSE,15184,BRIGADE,NSE-BRIGADE,Brigade Enterprises,EQ,CASH,EQ,INE791I01019,,,,,1,0.05,,,1,1,BRIGADE-EQ,1
NSE,7919,BYKE,NSE-BYKE,Byke Hospitality,EQ,CASH,EQ,INE319B01014,,,,,1,0.01,,,1,1,BYKE-EQ,0
NSE,759867,CAPILLARY,NSE-CAPILLARY,Capillary Techno Ind,EQ,CASH,EQ,INE0ILV01024,,,,,1,0.05,,,1,1,CAPILLARY-EQ,1
NSE,762618,BTTL,NSE-BTTL,Bhilwara Tech Tex,EQ,CASH,EQ,INE274K01012,,,,,1,0.01,,,1,1,BTTL-EQ,0
NSE,21683,BRNL,NSE-BRNL,Bharat Road Network,EQ,CASH,EQ,INE727S01012,,,,,1,0.01,,,1,1,BRNL-EQ,0
NSE,757919,BORANA,NSE-BORANA,Borana Weaves,EQ,CASH,EQ,INE16SF01016,,,,,1,0.05,,,1,1,BORANA-EQ,0
NSE,20160,CANTABIL,NSE-CANTABIL,Cantabil Retail,EQ,CASH,EQ,INE068L01024,,,,,1,0.01,,,1,1,CANTABIL-EQ,1
NSE,583,CANFINHOME,NSE-CANFINHOME,Can Fin Homes,EQ,CASH,EQ,INE477A01020,,,,,1,0.05,,,1,1,CANFINHOME-EQ,1
NSE,19401,BOROLTD,NSE-BOROLTD,Borosil,EQ,CASH,EQ,INE02PY01013,,,,,1,0.01,,,1,1,BOROLTD-EQ,1
NSE,21749,CAPACITE,NSE-CAPACITE,Capacite Infra,EQ,CASH,EQ,INE264T01014,,,,,1,0.01,,,1,1,CAPACITE-EQ,1
NSE,14150,BTML,NSE-BTML,Bodhi Tree MM,EQ,CASH,EQ,INE0EEJ01023,,,,,1,0.01,,,1,1,BTML-EQ,0
NSE,526,BPCL,NSE-BPCL,BPCL,EQ,CASH,EQ,INE029A01011,,,,,1,0.05,,,1,1,BPCL-EQ,1
NSE,760594,BUILDPRO,NSE-BUILDPRO,Shankara Buildpro,EQ,CASH,EQ,INE24OJ01011,,,,,1,0.1,,,1,1,BUILDPRO-EQ,1
NSE,513,BOMDYEING,NSE-BOMDYEING,Bombay Dyeing Mfg.,EQ,CASH,EQ,INE032A01023,,,,,1,0.01,,,1,1,BOMDYEING-EQ,1
NSE,759291,BLUESTONE,NSE-BLUESTONE,Bluestone Jewellery,EQ,CASH,EQ,INE304W01038,,,,,1,0.05,,,1,1,BLUESTONE-EQ,1
NSE,559,BSL,NSE-BSL,BSL,EQ,CASH,EQ,INE594B01012,,,,,1,0.01,,,1,1,BSL-EQ,0
NSE,495,BLUEDART,NSE-BLUEDART,Blue Dart Express,EQ,CASH,EQ,INE233B01017,,,,,1,0.1,,,1,1,BLUEDART-EQ,1
NSE,547,BRITANNIA,NSE-BRITANNIA,Britannia Industries,EQ,CASH,EQ,INE216A01030,,,,,1,0.5,,,1,1,BRITANNIA-EQ,1
NSE,757520,BLUSPRING,NSE-BLUSPRING,Bluspring Enterprise,EQ,CASH,EQ,INE0U4101014,,,,,1,0.01,,,1,1,BLUSPRING-EQ,1
NSE,2716,BUTTERFLY,NSE-BUTTERFLY,ButterflyGandhimathi,EQ,CASH,EQ,INE295F01017,,,,,1,0.05,,,1,1,BUTTERFLY-EQ,1
NSE,6216,CAMLINFINE,NSE-CAMLINFINE,Camlin Fine Sciences,EQ,CASH,EQ,INE052I01032,,,,,1,0.01,,,1,1,CAMLINFINE-EQ,1
NSE,9362,CAMPUS,NSE-CAMPUS,Campus Active,EQ,CASH,EQ,INE278Y01022,,,,,1,0.05,,,1,1,CAMPUS-EQ,1
NSE,17945,COHANCE,NSE-COHANCE,Cohance Lifesciences,EQ,CASH,EQ,INE03QK01018,,,,,1,0.05,,,1,1,COHANCE-EQ,1
NSE,11452,CCL,NSE-CCL,CCL Products India,EQ,CASH,EQ,INE421D01022,,,,,1,0.1,,,1,1,CCL-EQ,1
NSE,1879,CARYSIL,NSE-CARYSIL,Carysil,EQ,CASH,EQ,INE482D01024,,,,,1,0.1,,,1,1,CARYSIL-EQ,1
NSE,14937,CIEINDIA,NSE-CIEINDIA,CIE Automotive India,EQ,CASH,EQ,INE536H01010,,,,,1,0.05,,,1,1,CIEINDIA-EQ,1
NSE,2454,CENTRUM,NSE-CENTRUM,Centrum Capital,EQ,CASH,EQ,INE660C01027,,,,,1,0.01,,,1,1,CENTRUM-EQ,0
NSE,4749,CONCOR,NSE-CONCOR,Container Corp,EQ,CASH,EQ,INE111A01025,,,,,1,0.05,,,1,1,CONCOR-EQ,1
NSE,5449,CHEMPLASTS,NSE-CHEMPLASTS,Chemplast Sanmar,EQ,CASH,EQ,INE488A01050,,,,,1,0.01,,,1,1,CHEMPLASTS-EQ,1
NSE,6385,CCHHL,NSE-CCHHL,Country Club,EQ,CASH,EQ,INE652F01027,,,,,1,0.01,,,1,1,CCHHL-EQ,0
NSE,21508,COCHINSHIP,NSE-COCHINSHIP,Cochin Shipyard,EQ,CASH,EQ,INE704P01025,,,,,1,0.1,,,1,1,COCHINSHIP-EQ,1
NSE,3482,CLSEL,NSE-CLSEL,Chaman L S Exports,EQ,CASH,EQ,INE419D01026,,,,,1,0.05,,,1,1,CLSEL-EQ,1
NSE,619,CENTENKA,NSE-CENTENKA,Century Enka,EQ,CASH,EQ,INE485A01015,,,,,1,0.05,,,1,1,CENTENKA-EQ,1
NSE,761581,CMPDI,NSE-CMPDI,Central Mine Planning & Design Inst,EQ,CASH,EQ,INE05HV01027,,,,,1,0.01,,,1,1,CMPDI-EQ,1
NSE,21174,CDSL,NSE-CDSL,Central Dep. Service,EQ,CASH,EQ,INE736A01011,,,,,1,0.1,,,1,1,CDSL-EQ,1
NSE,761037,CEINSYS,NSE-CEINSYS,Ceinsys Tech,EQ,CASH,EQ,INE016Q01014,,,,,1,0.05,,,1,1,CEINSYS-EQ,1
NSE,20374,COALINDIA,NSE-COALINDIA,Coal India,EQ,CASH,EQ,INE522F01014,,,,,1,0.05,,,1,1,COALINDIA-EQ,1
NSE,11511,CENTEXT,NSE-CENTEXT,Century Extrusions,EQ,CASH,EQ,INE281A01026,,,,,1,0.01,,,1,1,CENTEXT-EQ,0
NSE,28879,CARRARO,NSE-CARRARO,Carraro India,EQ,CASH,EQ,INE0V7W01012,,,,,1,0.05,,,1,1,CARRARO-EQ,1
NSE,270,CHEMCON,NSE-CHEMCON,Chemcon Speciality,EQ,CASH,EQ,INE03YM01018,,,,,1,0.01,,,1,1,CHEMCON-EQ,1
NSE,3906,CAPLIPOINT,NSE-CAPLIPOINT,Caplin Point Labs,EQ,CASH,EQ,INE475E01026,,,,,1,0.1,,,1,1,CAPLIPOINT-EQ,1
NSE,27161,CINELINE,NSE-CINELINE,Cineline India,EQ,CASH,EQ,INE704H01022,,,,,1,0.01,,,1,1,CINELINE-EQ,0
NSE,15039,CERA,NSE-CERA,Cera Sanitaryware,EQ,CASH,EQ,INE739E01017,,,,,1,0.5,,,1,1,CERA-EQ,1
NSE,28764,CEWATER,NSE-CEWATER,Concord Enviro Sys.,EQ,CASH,EQ,INE037Z01029,,,,,1,0.05,,,1,1,CEWATER-EQ,1
NSE,19795,CELLO,NSE-CELLO,Cello World,EQ,CASH,EQ,INE0LMW01024,,,,,1,0.05,,,1,1,CELLO-EQ,1
NSE,595,CARBORUNIV,NSE-CARBORUNIV,Carborundum Univer.,EQ,CASH,EQ,INE120A01034,,,,,1,0.1,,,1,1,CARBORUNIV-EQ,1
NSE,2049,CHENNPETRO,NSE-CHENNPETRO,Chennai Petro Corp,EQ,CASH,EQ,INE178A01016,,,,,1,0.1,,,1,1,CHENNPETRO-EQ,1
NSE,14992,CCCL,NSE-CCCL,Consolidated Const,EQ,CASH,EQ,INE429I01024,,,,,1,0.01,,,1,1,CCCL-EQ,0
NSE,5407,CARTRADE,NSE-CARTRADE,Cartrade Tech,EQ,CASH,EQ,INE290S01011,,,,,1,0.1,,,1,1,CARTRADE-EQ,1
NSE,15254,CEATLTD,NSE-CEATLTD,CEAT,EQ,CASH,EQ,INE482A01020,,,,,1,0.1,,,1,1,CEATLTD-EQ,1
NSE,15141,COLPAL,NSE-COLPAL,Colgate-Palmolive,EQ,CASH,EQ,INE259A01022,,,,,1,0.1,,,1,1,COLPAL-EQ,1
NSE,8546,CHALET,NSE-CHALET,Chalet Hotels,EQ,CASH,EQ,INE427F01016,,,,,1,0.05,,,1,1,CHALET-EQ,1
NSE,7603,CMSINFO,NSE-CMSINFO,CMS Info Systems,EQ,CASH,EQ,INE925R01014,,,,,1,0.05,,,1,1,CMSINFO-EQ,1
NSE,5049,CLEAN,NSE-CLEAN,Clean Science,EQ,CASH,EQ,INE227W01023,,,,,1,0.05,,,1,1,CLEAN-EQ,1
NSE,14894,CENTRALBK,NSE-CENTRALBK,Central Bank of India,EQ,CASH,EQ,INE483A01010,,,,,1,0.01,,,1,1,CENTRALBK-EQ,1
NSE,11155,CNL,NSE-CNL,Creative Peripherals,EQ,CASH,EQ,INE985W01018,,,,,1,0.05,,,1,1,CNL-EQ,0
NSE,13162,CELEBRITY,NSE-CELEBRITY,Celebrity Fashion,EQ,CASH,EQ,INE185H01016,,,,,1,0.01,,,1,1,CELEBRITY-EQ,0
NSE,685,CHOLAFIN,NSE-CHOLAFIN,Cholamandalam Invest,EQ,CASH,EQ,INE121A01024,,,,,1,0.1,,,1,1,CHOLAFIN-EQ,1
NSE,31138,COMPUSOFT,NSE-COMPUSOFT,Compucom Software,EQ,CASH,EQ,INE453B01029,,,,,1,0.01,,,1,1,COMPUSOFT-EQ,0
NSE,24742,CEIGALL,NSE-CEIGALL,Ceigall India,EQ,CASH,EQ,INE0AG901020,,,,,1,0.05,,,1,1,CEIGALL-EQ,1
NSE,20329,CGCL,NSE-CGCL,Capri Global Capital,EQ,CASH,EQ,INE180C01042,,,,,1,0.01,,,1,1,CGCL-EQ,1
NSE,628,CESC,NSE-CESC,CESC,EQ,CASH,EQ,INE486A01021,,,,,1,0.01,,,1,1,CESC-EQ,1
NSE,8024,CINEVISTA,NSE-CINEVISTA,Cinevista,EQ,CASH,EQ,INE039B01026,,,,,1,0.01,,,1,1,CINEVISTA-EQ,0
NSE,762623,COCKERILL,NSE-COCKERILL,John Cockerill India,EQ,CASH,EQ,INE515A01019,,,,,1,0.5,,,1,1,COCKERILL-EQ,1
NSE,8866,CHOICEIN,NSE-CHOICEIN,Choice Intl,EQ,CASH,EQ,INE102B01014,,,,,1,0.05,,,1,1,CHOICEIN-EQ,1
NSE,760183,CLEANMAX,NSE-CLEANMAX,Clean Max Env. Energ,EQ,CASH,EQ,INE647U01026,,,,,1,0.1,,,1,1,CLEANMAX-EQ,1
NSE,14982,CENTUM,NSE-CENTUM,Centum Electronics,EQ,CASH,EQ,INE320B01020,,,,,1,0.1,,,1,1,CENTUM-EQ,1
NSE,11543,COFORGE,NSE-COFORGE,Coforge,EQ,CASH,EQ,INE591G01025,,,,,1,0.1,,,1,1,COFORGE-EQ,1
NSE,637,CHAMBLFERT,NSE-CHAMBLFERT,Chambal Fertilisers,EQ,CASH,EQ,INE085A01013,,,,,1,0.05,,,1,1,CHAMBLFERT-EQ,1
NSE,756015,CIFL,NSE-CIFL,Capital India Finance,EQ,CASH,EQ,INE345H01024,,,,,1,0.01,,,1,1,CIFL-EQ,0
NSE,21578,COMSYN,NSE-COMSYN,COMSYN,EQ,CASH,EQ,INE073V01015,,,,,1,0.01,,,1,1,COMSYN-EQ,0
NSE,16249,CCAVENUE,NSE-CCAVENUE,AvenuesAI,EQ,CASH,EQ,INE483S01020,,,,,1,0.01,,,1,1,CCAVENUE-EQ,1
NSE,5622,CEMPRO,NSE-CEMPRO,Cemindia Projects,EQ,CASH,EQ,INE686A01026,,,,,1,0.1,,,1,1,CEMPRO-EQ,1
NSE,9879,CHEVIOT,NSE-CHEVIOT,Cheviot Co,EQ,CASH,EQ,INE974B01016,,,,,1,0.1,,,1,1,CHEVIOT-EQ,0
NSE,21740,CHOLAHLDNG,NSE-CHOLAHLDNG,Cholamandalam Fin.,EQ,CASH,EQ,INE149A01033,,,,,1,0.1,,,1,1,CHOLAHLDNG-EQ,1
NSE,13305,CENTURYPLY,NSE-CENTURYPLY,Century Plyboard,EQ,CASH,EQ,INE348B01021,,,,,1,0.05,,,1,1,CENTURYPLY-EQ,1
NSE,1250,CASTROLIND,NSE-CASTROLIND,Castrol India,EQ,CASH,EQ,INE172A01027,,,,,1,0.01,,,1,1,CASTROLIND-EQ,1
NSE,762628,COMFINTE,NSE-COMFINTE,Comfort Intech,EQ,CASH,EQ,INE819A01049,,,,,1,0.01,,,1,1,COMFINTE-EQ,0
NSE,29113,CARERATING,NSE-CARERATING,CARE Ratings,EQ,CASH,EQ,INE752H01013,,,,,1,0.1,,,1,1,CARERATING-EQ,1
NSE,6006,COASTCORP,NSE-COASTCORP,Coastal Corporation,EQ,CASH,EQ,INE377E01024,,,,,1,0.01,,,1,1,COASTCORP-EQ,0
NSE,694,CIPLA,NSE-CIPLA,Cipla,EQ,CASH,EQ,INE059A01026,,,,,1,0.1,,,1,1,CIPLA-EQ,1
NSE,760,CGPOWER,NSE-CGPOWER,CG Power & Inds,EQ,CASH,EQ,INE067A01029,,,,,1,0.05,,,1,1,CGPOWER-EQ,1
NSE,817,DCW,NSE-DCW,DCW,EQ,CASH,EQ,INE500A01029,,,,,1,0.01,,,1,1,DCW-EQ,1
NSE,742,COSMOFIRST,NSE-COSMOFIRST,Cosmo First,EQ,CASH,EQ,INE757A01017,,,,,1,0.05,,,1,1,COSMOFIRST-EQ,1
NSE,762638,DECNGOLD,NSE-DECNGOLD,Deccan Gold Mines,EQ,CASH,EQ,INE945F01025,,,,,1,0.01,,,1,1,DECNGOLD-EQ,1
NSE,758858,CPPLUS,NSE-CPPLUS,Aditya Infotech,EQ,CASH,EQ,INE819V01029,,,,,1,0.1,,,1,1,CPPLUS-EQ,0
NSE,7325,DCMSRIND,NSE-DCMSRIND,DCM Shriram Inds.,EQ,CASH,EQ,INE843D01027,,,,,1,0.01,,,1,1,DCMSRIND-EQ,0
NSE,10238,CONFIPET,NSE-CONFIPET,Confidence Petro,EQ,CASH,EQ,INE552D01024,,,,,1,0.01,,,1,1,CONFIPET-EQ,1
NSE,739,COROMANDEL,NSE-COROMANDEL,Coromandel Intl,EQ,CASH,EQ,INE169A01031,,,,,1,0.1,,,1,1,COROMANDEL-EQ,1
NSE,11423,DATAMATICS,NSE-DATAMATICS,Datamatic Global Ser,EQ,CASH,EQ,INE365B01017,,,,,1,0.05,,,1,1,DATAMATICS-EQ,1
NSE,827,DEEPAKFERT,NSE-DEEPAKFERT,Deepak Fert & Petro,EQ,CASH,EQ,INE501A01019,,,,,1,0.1,,,1,1,DEEPAKFERT-EQ,1
NSE,10350,CSLFINANCE,NSE-CSLFINANCE,CSL Finance,EQ,CASH,EQ,INE718F01018,,,,,1,0.01,,,1,1,CSLFINANCE-EQ,0
NSE,759311,CRAMC,NSE-CRAMC,Canara Robeco Asset,EQ,CASH,EQ,INE218I01013,,,,,1,0.01,,,1,1,CRAMC-EQ,1
NSE,757,CRISIL,NSE-CRISIL,CRISIL,EQ,CASH,EQ,INE007A01025,,,,,1,0.1,,,1,1,CRISIL-EQ,1
NSE,9599,DELHIVERY,NSE-DELHIVERY,Delhivery,EQ,CASH,EQ,INE148O01028,,,,,1,0.05,,,1,1,DELHIVERY-EQ,1
NSE,772,DABUR,NSE-DABUR,Dabur India,EQ,CASH,EQ,INE016A01026,,,,,1,0.05,,,1,1,DABUR-EQ,1
NSE,16986,COUNCODOS,NSE-COUNCODOS,Country Condo's,EQ,CASH,EQ,INE695B01025,,,,,1,0.01,,,1,1,COUNCODOS-EQ,0
NSE,14218,CTE,NSE-CTE,Cambridge Tech,EQ,CASH,EQ,INE627H01017,,,,,1,0.01,,,1,1,CTE-EQ,0
NSE,3292,DEEPINDS,NSE-DEEPINDS,Deep Industries,EQ,CASH,EQ,INE0FHS01024,,,,,1,0.05,,,1,1,DEEPINDS-EQ,1
NSE,4279,DENORA,NSE-DENORA,De Nora India,EQ,CASH,EQ,INE244A01016,,,,,1,0.05,,,1,1,DENORA-EQ,0
NSE,4064,CUBEXTUB,NSE-CUBEXTUB,Cubex Tubings,EQ,CASH,EQ,INE144D01012,,,,,1,0.01,,,1,1,CUBEXTUB-EQ,0
NSE,17541,DAMODARIND,NSE-DAMODARIND,Damodar Industries,EQ,CASH,EQ,INE497D01022,,,,,1,0.01,,,1,1,DAMODARIND-EQ,0
NSE,29098,DDEVPLSTIK,NSE-DDEVPLSTIK,Ddev Plastiks Ind.,EQ,CASH,EQ,INE0HR601026,,,,,1,0.01,,,1,1,DDEVPLSTIK-EQ,1
NSE,8075,DALBHARAT,NSE-DALBHARAT,Dalmia Bharat,EQ,CASH,EQ,INE00R701025,,,,,1,0.1,,,1,1,DALBHARAT-EQ,1
NSE,18520,CUPID,NSE-CUPID,Cupid,EQ,CASH,EQ,INE509F01029,,,,,1,0.01,,,1,1,CUPID-EQ,1
NSE,5748,CYIENT,NSE-CYIENT,Cyient,EQ,CASH,EQ,INE136B01020,,,,,1,0.05,,,1,1,CYIENT-EQ,1
NSE,24391,DELPHIFX,NSE-DELPHIFX,Ebixcash World,EQ,CASH,EQ,INE726L01027,,,,,1,0.01,,,1,1,DELPHIFX-EQ,0
NSE,1110,DANGEE,NSE-DANGEE,Dangee Dums,EQ,CASH,EQ,INE688Y01022,,,,,1,0.01,,,1,1,DANGEE-EQ,0
NSE,21704,DCAL,NSE-DCAL,Dishman Carbogen,EQ,CASH,EQ,INE385W01011,,,,,1,0.01,,,1,1,DCAL-EQ,1
NSE,21794,DAVANGERE,NSE-DAVANGERE,Davangere Sugar Co,EQ,CASH,EQ,INE179G01029,,,,,1,0.01,,,1,1,DAVANGERE-EQ,0
NSE,4007,CORALFINAC,NSE-CORALFINAC,Coral India Finance,EQ,CASH,EQ,INE558D01021,,,,,1,0.01,,,1,1,CORALFINAC-EQ,0
NSE,17477,CONTROLPR,NSE-CONTROLPR,Control Print,EQ,CASH,EQ,INE663B01015,,,,,1,0.05,,,1,1,CONTROLPR-EQ,1
NSE,762633,DAICHI,NSE-DAICHI,Dai Ichi Karkaria,EQ,CASH,EQ,INE928C01010,,,,,1,0.01,,,1,1,DAICHI-EQ,0
NSE,758941,CPEDU,NSE-CPEDU,Career Point Edutech,EQ,CASH,EQ,INE0P6P01016,,,,,1,0.01,,,1,1,CPEDU-EQ,0
NSE,17722,DEN,NSE-DEN,DEN Networks,EQ,CASH,EQ,INE947J01015,,,,,1,0.01,,,1,1,DEN-EQ,1
NSE,6051,CYBERTECH,NSE-CYBERTECH,Cybertech Systems,EQ,CASH,EQ,INE214A01019,,,,,1,0.01,,,1,1,CYBERTECH-EQ,0
NSE,17881,DBCORP,NSE-DBCORP,DB Corp,EQ,CASH,EQ,INE950I01011,,,,,1,0.01,,,1,1,DBCORP-EQ,1
NSE,18060,CONCORDBIO,NSE-CONCORDBIO,Concord Biotech,EQ,CASH,EQ,INE338H01029,,,,,1,0.1,,,1,1,CONCORDBIO-EQ,1
NSE,18086,DBL,NSE-DBL,Dilip Buildcon,EQ,CASH,EQ,INE917M01012,,,,,1,0.05,,,1,1,DBL-EQ,1
NSE,13900,CREST,NSE-CREST,Crest Ventures,EQ,CASH,EQ,INE559D01011,,,,,1,0.05,,,1,1,CREST-EQ,0
NSE,29256,DENTA,NSE-DENTA,Denta Water And Inf,EQ,CASH,EQ,INE0R4L01018,,,,,1,0.05,,,1,1,DENTA-EQ,1
NSE,1214,DELTAMAGNT,NSE-DELTAMAGNT,Delta Manufacturing,EQ,CASH,EQ,INE393A01011,,,,,1,0.01,,,1,1,DELTAMAGNT-EQ,0
NSE,1901,CUMMINSIND,NSE-CUMMINSIND,Cummins India,EQ,CASH,EQ,INE298A01020,,,,,1,0.5,,,1,1,CUMMINSIND-EQ,1
NSE,28662,DAMCAPITAL,NSE-DAMCAPITAL,DAM Capital Advi,EQ,CASH,EQ,INE284H01025,,,,,1,0.01,,,1,1,DAMCAPITAL-EQ,1
NSE,757850,CRIZAC,NSE-CRIZAC,Crizac,EQ,CASH,EQ,INE0S4R01014,,,,,1,0.01,,,1,1,CRIZAC-EQ,1
NSE,760254,CORONA,NSE-CORONA,CORONA Remedies,EQ,CASH,EQ,INE02ZQ01018,,,,,1,0.1,,,1,1,CORONA-EQ,1
NSE,11731,CONSOFINVT,NSE-CONSOFINVT,Consolidated Finvest,EQ,CASH,EQ,INE025A01027,,,,,1,0.01,,,1,1,CONSOFINVT-EQ,0
NSE,5701,CUB,NSE-CUB,City Union Bank,EQ,CASH,EQ,INE491A01021,,,,,1,0.05,,,1,1,CUB-EQ,1
NSE,17094,CROMPTON,NSE-CROMPTON,Crompton Greaves,EQ,CASH,EQ,INE299U01018,,,,,1,0.05,,,1,1,CROMPTON-EQ,1
NSE,811,DCMSHRIRAM,NSE-DCMSHRIRAM,DCM Shriram,EQ,CASH,EQ,INE499A01024,,,,,1,0.1,,,1,1,DCMSHRIRAM-EQ,1
NSE,7358,DATAPATTNS,NSE-DATAPATTNS,Data Patterns (I),EQ,CASH,EQ,INE0IX101010,,,,,1,0.1,,,1,1,DATAPATTNS-EQ,1
NSE,8083,CROWN,NSE-CROWN,Crown Lifters,EQ,CASH,EQ,INE491V01019,,,,,1,0.01,,,1,1,CROWN-EQ,0
NSE,31107,DBSTOCKBRO,NSE-DBSTOCKBRO,DB Stock Brokers,EQ,CASH,EQ,INE921B01025,,,,,1,0.01,,,1,1,DBSTOCKBRO-EQ,0
NSE,11895,DCXINDIA,NSE-DCXINDIA,DCX Systems,EQ,CASH,EQ,INE0KL801015,,,,,1,0.01,,,1,1,DCXINDIA-EQ,1
NSE,14966,CSBBANK,NSE-CSBBANK,CSB Bank,EQ,CASH,EQ,INE679A01013,,,,,1,0.05,,,1,1,CSBBANK-EQ,1
NSE,19943,DEEPAKNTR,NSE-DEEPAKNTR,Deepak Nitrite,EQ,CASH,EQ,INE288B01029,,,,,1,0.1,,,1,1,DEEPAKNTR-EQ,1
NSE,4421,CREDITACC,NSE-CREDITACC,CreditAccess Grameen,EQ,CASH,EQ,INE741K01010,,,,,1,0.1,,,1,1,CREDITACC-EQ,1
NSE,781,DALMIASUG,NSE-DALMIASUG,Dalmia Bharat Inds,EQ,CASH,EQ,INE495A01022,,,,,1,0.05,,,1,1,DALMIASUG-EQ,1
NSE,17187,CYIENTDLM,NSE-CYIENTDLM,Cyient DLM,EQ,CASH,EQ,INE055S01018,,,,,1,0.05,,,1,1,CYIENTDLM-EQ,1
NSE,14838,DECCANCE,NSE-DECCANCE,Deccan Cements,EQ,CASH,EQ,INE583C01021,,,,,1,0.05,,,1,1,DECCANCE-EQ,1
NSE,15044,DELTACORP,NSE-DELTACORP,Delta Corp,EQ,CASH,EQ,INE124G01033,,,,,1,0.01,,,1,1,DELTACORP-EQ,1
NSE,2854,CRAFTSMAN,NSE-CRAFTSMAN,Craftsman Automation,EQ,CASH,EQ,INE00LO01017,,,,,1,0.5,,,1,1,CRAFTSMAN-EQ,1
NSE,805,DCM,NSE-DCM,DCM,EQ,CASH,EQ,INE498A01018,,,,,1,0.01,,,1,1,DCM-EQ,0
NSE,13725,DCBBANK,NSE-DCBBANK,DCB Bank,EQ,CASH,EQ,INE503A01015,,,,,1,0.01,,,1,1,DCBBANK-EQ,1
NSE,9384,CREATIVEYE,NSE-CREATIVEYE,Creative Eye,EQ,CASH,EQ,INE230B01021,,,,,1,0.01,,,1,1,CREATIVEYE-EQ,0
NSE,916,EIDPARRY,NSE-EIDPARRY,EID-Parry India,EQ,CASH,EQ,INE126A01031,,,,,1,0.05,,,1,1,EIDPARRY-EQ,1
NSE,16900,DPWIRES,NSE-DPWIRES,DP Wires,EQ,CASH,EQ,INE864X01013,,,,,1,0.01,,,1,1,DPWIRES-EQ,0
NSE,18543,DIACABS,NSE-DIACABS,Diamond Power Infra,EQ,CASH,EQ,INE989C01038,,,,,1,0.01,,,1,1,DIACABS-EQ,1
NSE,6973,DMCC,NSE-DMCC,DMCC Speciality Chem,EQ,CASH,EQ,INE505A01010,,,,,1,0.05,,,1,1,DMCC-EQ,1
NSE,25690,DSSL,NSE-DSSL,Dynacons Systems,EQ,CASH,EQ,INE417B01040,,,,,1,0.1,,,1,1,DSSL-EQ,0
NSE,12749,DJML,NSE-DJML,DJ Mediaprint & Logi,EQ,CASH,EQ,INE0B1K01014,,,,,1,0.01,,,1,1,DJML-EQ,0
NSE,11359,DHANBANK,NSE-DHANBANK,Dhanlaxmi Bank,EQ,CASH,EQ,INE680A01011,,,,,1,0.01,,,1,1,DHANBANK-EQ,1
NSE,2792,EASEMYTRIP,NSE-EASEMYTRIP,EaseMyTrip,EQ,CASH,EQ,INE07O001026,,,,,1,0.01,,,1,1,EASEMYTRIP-EQ,0
NSE,10346,DGCONTENT,NSE-DGCONTENT,Digicontent,EQ,CASH,EQ,INE03JI01017,,,,,1,0.01,,,1,1,DGCONTENT-EQ,0
NSE,22233,DHUNINV,NSE-DHUNINV,Dhunseri Investments,EQ,CASH,EQ,INE320L01011,,,,,1,0.05,,,1,1,DHUNINV-EQ,0
NSE,881,DRREDDY,NSE-DRREDDY,Dr Reddy's Labs,EQ,CASH,EQ,INE089A01031,,,,,1,0.1,,,1,1,DRREDDY-EQ,1
NSE,20560,DOLLAR,NSE-DOLLAR,Dollar Industries,EQ,CASH,EQ,INE325C01035,,,,,1,0.05,,,1,1,DOLLAR-EQ,1
NSE,758675,EFCIL,NSE-EFCIL,EFC (I),EQ,CASH,EQ,INE886D01026,,,,,1,0.01,,,1,1,EFCIL-EQ,1
NSE,641,DNAMEDIA,NSE-DNAMEDIA,Diligent Media Co,EQ,CASH,EQ,INE016M01021,,,,,1,0.01,,,1,1,DNAMEDIA-EQ,0
NSE,11271,DREDGECORP,NSE-DREDGECORP,Dredging Corporation,EQ,CASH,EQ,INE506A01018,,,,,1,0.1,,,1,1,DREDGECORP-EQ,1
NSE,21314,DYNPRO,NSE-DYNPRO,Dynemic Products,EQ,CASH,EQ,INE256H01015,,,,,1,0.05,,,1,1,DYNPRO-EQ,0
NSE,14732,DLF,NSE-DLF,DLF,EQ,CASH,EQ,INE271C01023,,,,,1,0.05,,,1,1,DLF-EQ,1
NSE,13001,DHARMAJ,NSE-DHARMAJ,Dharmaj Crop Guard,EQ,CASH,EQ,INE00OQ01016,,,,,1,0.05,,,1,1,DHARMAJ-EQ,1
NSE,762648,DRAGARWQ,NSE-DRAGARWQ,Dr Agarwal's Hosp,EQ,CASH,EQ,INE934C01018,,,,,1,0.1,,,1,1,DRAGARWQ-EQ,0
NSE,21247,DIGIDRIVE,NSE-DIGIDRIVE,Digidrive Distribut,EQ,CASH,EQ,INE0PSC01024,,,,,1,0.01,,,1,1,DIGIDRIVE-EQ,0
NSE,18644,DIAMINESQ,NSE-DIAMINESQ,Diamines & Chemicals,EQ,CASH,EQ,INE591D01014,,,,,1,0.01,,,1,1,DIAMINESQ-EQ,0
NSE,24409,DHANUKA,NSE-DHANUKA,Dhanuka Agritech,EQ,CASH,EQ,INE435G01025,,,,,1,0.1,,,1,1,DHANUKA-EQ,1
NSE,762643,DISAQ,NSE-DISAQ,DISA India,EQ,CASH,EQ,INE131C01011,,,,,1,1.0,,,1,1,DISAQ-EQ,0
NSE,18139,DOLPHIN,NSE-DOLPHIN,Dolphin Enterprise,EQ,CASH,EQ,INE920A01037,,,,,1,0.05,,,1,1,DOLPHIN-EQ,0
NSE,8146,DEVIT,NSE-DEVIT,Dev It,EQ,CASH,EQ,INE060X01034,,,,,1,0.01,,,1,1,DEVIT-EQ,0
NSE,15179,ECLERX,NSE-ECLERX,eClerx Services,EQ,CASH,EQ,INE738I01010,,,,,1,0.1,,,1,1,ECLERX-EQ,1
NSE,10859,DREAMFOLKS,NSE-DREAMFOLKS,Dreamfolks Services,EQ,CASH,EQ,INE0JS101016,,,,,1,0.01,,,1,1,DREAMFOLKS-EQ,0
NSE,759079,DEVX,NSE-DEVX,Dev Accelerator ,EQ,CASH,EQ,INE0VOV01021,,,,,1,0.01,,,1,1,DEVX-EQ,0
NSE,2645,DRCSYSTEMS,NSE-DRCSYSTEMS,DRC Systems,EQ,CASH,EQ,INE03RS01027,,,,,1,0.01,,,1,1,DRCSYSTEMS-EQ,0
NSE,857,DHAMPURSUG,NSE-DHAMPURSUG,Dhampur Sugar Mills,EQ,CASH,EQ,INE041A01016,,,,,1,0.01,,,1,1,DHAMPURSUG-EQ,1
NSE,757862,EBGNG,NSE-EBGNG,GNG Electronics,EQ,CASH,EQ,INE18JU01028,,,,,1,0.05,,,1,1,EBGNG-EQ,1
NSE,19913,DMART,NSE-DMART,Avenue Supermarts,EQ,CASH,EQ,INE192R01011,,,,,1,0.1,,,1,1,DMART-EQ,1
NSE,5373,DEVYANI,NSE-DEVYANI,Devyani,EQ,CASH,EQ,INE872J01023,,,,,1,0.01,,,1,1,DEVYANI-EQ,1
NSE,11667,DWARKESH,NSE-DWARKESH,Dwarikesh Sugar,EQ,CASH,EQ,INE366A01041,,,,,1,0.01,,,1,1,DWARKESH-EQ,1
NSE,25672,DIFFNKG,NSE-DIFFNKG,Diffusion Engineers,EQ,CASH,EQ,INE184O01015,,,,,1,0.05,,,1,1,DIFFNKG-EQ,1
NSE,6227,DTIL,NSE-DTIL,Dhunseri Tea,EQ,CASH,EQ,INE341R01014,,,,,1,0.01,,,1,1,DTIL-EQ,0
NSE,21840,DIAMONDYD,NSE-DIAMONDYD,Prataap Snacks,EQ,CASH,EQ,INE393P01035,,,,,1,0.1,,,1,1,DIAMONDYD-EQ,1
NSE,15214,DVL,NSE-DVL,Dhunseri Ventures,EQ,CASH,EQ,INE477B01010,,,,,1,0.01,,,1,1,DVL-EQ,0
NSE,910,EICHERMOT,NSE-EICHERMOT,Eicher Motors,EQ,CASH,EQ,INE066A01021,,,,,1,0.5,,,1,1,EICHERMOT-EQ,1
NSE,4822,DODLA,NSE-DODLA,Dodla Dairy,EQ,CASH,EQ,INE021O01019,,,,,1,0.1,,,1,1,DODLA-EQ,1
NSE,757515,DIGITIDE,NSE-DIGITIDE,Digitide Solutions,EQ,CASH,EQ,INE0U4701011,,,,,1,0.01,,,1,1,DIGITIDE-EQ,1
NSE,10417,DYCL,NSE-DYCL,Dynamic Cables,EQ,CASH,EQ,INE600Y01019,,,,,1,0.05,,,1,1,DYCL-EQ,1
NSE,6127,DIGJAMLMTD,NSE-DIGJAMLMTD,DIGJAM,EQ,CASH,EQ,INE731U01028,,,,,1,0.01,,,1,1,DIGJAMLMTD-EQ,0
NSE,10940,DIVISLAB,NSE-DIVISLAB,Divi's Labs,EQ,CASH,EQ,INE361B01024,,,,,1,0.5,,,1,1,DIVISLAB-EQ,1
NSE,13839,DONEAR,NSE-DONEAR,Donear Industries,EQ,CASH,EQ,INE668D01028,,,,,1,0.01,,,1,1,DONEAR-EQ,0
NSE,936,DPABHUSHAN,NSE-DPABHUSHAN,DP Abhushan,EQ,CASH,EQ,INE266Y01019,,,,,1,0.05,,,1,1,DPABHUSHAN-EQ,1
NSE,20551,DOMS,NSE-DOMS,DOMS Industries,EQ,CASH,EQ,INE321T01012,,,,,1,0.1,,,1,1,DOMS-EQ,1
NSE,12124,DOLATALGO,NSE-DOLATALGO,Dolat Algotech,EQ,CASH,EQ,INE966A01022,,,,,1,0.01,,,1,1,DOLATALGO-EQ,1
NSE,17851,DLINKINDIA,NSE-DLINKINDIA,D-Link (India),EQ,CASH,EQ,INE250K01012,,,,,1,0.05,,,1,1,DLINKINDIA-EQ,1
NSE,21690,DIXON,NSE-DIXON,Dixon Technologies,EQ,CASH,EQ,INE935N01020,,,,,1,1.0,,,1,1,DIXON-EQ,1
NSE,8937,E2E,NSE-E2E,E2E Networks,EQ,CASH,EQ,INE255Z01027,,,,,1,0.1,,,1,1,E2E-EQ,0
NSE,27213,EIEL,NSE-EIEL,Enviro Infra Engine.,EQ,CASH,EQ,INE0LLY01014,,,,,1,0.01,,,1,1,EIEL-EQ,1
NSE,760891,DSFCL,NSE-DSFCL,DCM Shriram Fine Che,EQ,CASH,EQ,INE0OFM01015,,,,,1,0.01,,,1,1,DSFCL-EQ,0
NSE,4525,DYNAMATECH,NSE-DYNAMATECH,Dynamatic Tech,EQ,CASH,EQ,INE221B01012,,,,,1,1.0,,,1,1,DYNAMATECH-EQ,1
NSE,703,DICIND,NSE-DICIND,DIC India,EQ,CASH,EQ,INE303A01010,,,,,1,0.05,,,1,1,DICIND-EQ,0
NSE,14479,DIVGIITTS,NSE-DIVGIITTS,Divgi Torqtransfer,EQ,CASH,EQ,INE753U01022,,,,,1,0.05,,,1,1,DIVGIITTS-EQ,1
NSE,15119,EDELWEISS,NSE-EDELWEISS,Edelweiss Financial Services,EQ,CASH,EQ,INE532F01054,,,,,1,0.01,,,1,1,EDELWEISS-EQ,1
NSE,18593,EMSLIMITED,NSE-EMSLIMITED,EMS,EQ,CASH,EQ,INE0OV601013,,,,,1,0.05,,,1,1,EMSLIMITED-EQ,1
NSE,18822,ENDURANCE,NSE-ENDURANCE,Endurance Tech,EQ,CASH,EQ,INE913H01037,,,,,1,0.1,,,1,1,ENDURANCE-EQ,1
NSE,1008,FACT,NSE-FACT,Fert & Chem Travan,EQ,CASH,EQ,INE188A01015,,,,,1,0.05,,,1,1,FACT-EQ,1
NSE,5097,ETERNAL,NSE-ETERNAL,Eternal (Zomato),EQ,CASH,EQ,INE758T01015,,,,,1,0.05,,,1,1,ETERNAL-EQ,1
NSE,759251,EPACKPEB,NSE-EPACKPEB,EPack Prefab Techno.,EQ,CASH,EQ,INE0MLS01022,,,,,1,0.01,,,1,1,EPACKPEB-EQ,1
NSE,993,EVERESTIND,NSE-EVERESTIND,Everest Industries,EQ,CASH,EQ,INE295A01018,,,,,1,0.05,,,1,1,EVERESTIND-EQ,0
NSE,5382,EPIGRAL,NSE-EPIGRAL,Epigral Ltd,EQ,CASH,EQ,INE071N01016,,,,,1,0.1,,,1,1,EPIGRAL-EQ,1
NSE,11782,EVEREADY,NSE-EVEREADY,Eveready Industries,EQ,CASH,EQ,INE128A01029,,,,,1,0.05,,,1,1,EVEREADY-EQ,1
NSE,9750,ETHOSLTD,NSE-ETHOSLTD,Ethos,EQ,CASH,EQ,INE04TZ01018,,,,,1,0.1,,,1,1,ETHOSLTD-EQ,1
NSE,13421,EMKAY,NSE-EMKAY,EmkayGlobal Finl.Ser,EQ,CASH,EQ,INE296H01011,,,,,1,0.01,,,1,1,EMKAY-EQ,1
NSE,913,EQUITASBNK,NSE-EQUITASBNK,Equitas Small Fin,EQ,CASH,EQ,INE063P01018,,,,,1,0.01,,,1,1,EQUITASBNK-EQ,1
NSE,937,ELGIEQUIP,NSE-ELGIEQUIP,Elgi Equipments,EQ,CASH,EQ,INE285A01027,,,,,1,0.05,,,1,1,ELGIEQUIP-EQ,1
NSE,758563,ELLEN,NSE-ELLEN,Ellenbarrie Indl.Gas,EQ,CASH,EQ,INE236E01022,,,,,1,0.05,,,1,1,ELLEN-EQ,1
NSE,19878,ESAFSFB,NSE-ESAFSFB,ESAF Small Finance,EQ,CASH,EQ,INE818W01011,,,,,1,0.01,,,1,1,ESAFSFB-EQ,1
NSE,25162,EUREKAFORB,NSE-EUREKAFORB,Eureka Forbes,EQ,CASH,EQ,INE0KCE01017,,,,,1,0.05,,,1,1,EUREKAFORB-EQ,1
NSE,759728,EMMVEE,NSE-EMMVEE,Emmvee Photovoltaic,EQ,CASH,EQ,INE1C6T01020,,,,,1,0.05,,,1,1,EMMVEE-EQ,1
NSE,10074,EMAMIPAP,NSE-EMAMIPAP,Emami Paper Mills,EQ,CASH,EQ,INE830C01026,,,,,1,0.01,,,1,1,EMAMIPAP-EQ,0
NSE,22717,ENTERO,NSE-ENTERO,Entero Healthcare,EQ,CASH,EQ,INE010601016,,,,,1,0.1,,,1,1,ENTERO-EQ,1
NSE,1614,FAIRCHEMOR,NSE-FAIRCHEMOR,Fairchem Organics,EQ,CASH,EQ,INE0DNW01011,,,,,1,0.05,,,1,1,FAIRCHEMOR-EQ,1
NSE,22947,EXICOM,NSE-EXICOM,Exicom Tele-Systems,EQ,CASH,EQ,INE777F01014,,,,,1,0.01,,,1,1,EXICOM-EQ,1
NSE,958,ESCORTS,NSE-ESCORTS,Escorts,EQ,CASH,EQ,INE042A01014,,,,,1,0.1,,,1,1,ESCORTS-EQ,1
NSE,8953,ELDEHSG,NSE-ELDEHSG,EHIL,EQ,CASH,EQ,INE668G01021,,,,,1,0.05,,,1,1,ELDEHSG-EQ,0
NSE,757953,EUROBOND,NSE-EUROBOND,Euro Panel Products,EQ,CASH,EQ,INE505V01016,,,,,1,0.01,,,1,1,EUROBOND-EQ,0
NSE,5352,EXXARO,NSE-EXXARO,Exxaro Tiles,EQ,CASH,EQ,INE0GFE01026,,,,,1,0.01,,,1,1,EXXARO-EQ,0
NSE,676,EXIDEIND,NSE-EXIDEIND,Exide Industries,EQ,CASH,EQ,INE302A01020,,,,,1,0.05,,,1,1,EXIDEIND-EQ,1
NSE,4471,ELPROINTL,NSE-ELPROINTL,Elpro International,EQ,CASH,EQ,INE579B01039,,,,,1,0.01,,,1,1,ELPROINTL-EQ,1
NSE,9756,EMUDHRA,NSE-EMUDHRA,eMudhra,EQ,CASH,EQ,INE01QM01018,,,,,1,0.05,,,1,1,EMUDHRA-EQ,1
NSE,12000,FAZE3Q,NSE-FAZE3Q,Faze Three,EQ,CASH,EQ,INE963C01033,,,,,1,0.05,,,1,1,FAZE3Q-EQ,0
NSE,11530,EMIL,NSE-EMIL,Electronics Mart Ind,EQ,CASH,EQ,INE02YR01019,,,,,1,0.01,,,1,1,EMIL-EQ,1
NSE,18142,EMMBI,NSE-EMMBI,Emmbi Industries,EQ,CASH,EQ,INE753K01015,,,,,1,0.01,,,1,1,EMMBI-EQ,0
NSE,13517,EMAMILTD,NSE-EMAMILTD,Emami,EQ,CASH,EQ,INE548C01032,,,,,1,0.05,,,1,1,EMAMILTD-EQ,1
NSE,21154,ERIS,NSE-ERIS,Eris Lifesciences,EQ,CASH,EQ,INE406M01024,,,,,1,0.1,,,1,1,ERIS-EQ,1
NSE,25634,ESSARSHPNG,NSE-ESSARSHPNG,Essar Shipping,EQ,CASH,EQ,INE122M01019,,,,,1,0.01,,,1,1,ESSARSHPNG-EQ,0
NSE,999,EUROTEXIND,NSE-EUROTEXIND,Eurotex Industries,EQ,CASH,EQ,INE022C01012,,,,,1,0.01,,,1,1,EUROTEXIND-EQ,0
NSE,762663,ELITECON,NSE-ELITECON,Elitecon Intl,EQ,CASH,EQ,INE669R01026,,,,,1,0.01,,,1,1,ELITECON-EQ,0
NSE,22463,EPACK,NSE-EPACK,EPACK Durable,EQ,CASH,EQ,INE0G5901015,,,,,1,0.01,,,1,1,EPACK-EQ,1
NSE,955,ESABINDIA,NSE-ESABINDIA,Esab india,EQ,CASH,EQ,INE284A01012,,,,,1,0.5,,,1,1,ESABINDIA-EQ,1
NSE,981,EPL,NSE-EPL,EPL,EQ,CASH,EQ,INE255A01020,,,,,1,0.01,,,1,1,EPL-EQ,1
NSE,24398,EMCURE,NSE-EMCURE,Emcure Pharma,EQ,CASH,EQ,INE168P01015,,,,,1,0.1,,,1,1,EMCURE-EQ,1
NSE,15399,EIHAHOTELS,NSE-EIHAHOTELS,EIH Associated Hotel,EQ,CASH,EQ,INE276C01014,,,,,1,0.05,,,1,1,EIHAHOTELS-EQ,0
NSE,24265,ESTER,NSE-ESTER,Ester Industries,EQ,CASH,EQ,INE778B01029,,,,,1,0.01,,,1,1,ESTER-EQ,0
NSE,760007,EXCELSOFT,NSE-EXCELSOFT,Excelsoft Technologi,EQ,CASH,EQ,INE606N01019,,,,,1,0.01,,,1,1,EXCELSOFT-EQ,1
NSE,13192,ENIL,NSE-ENIL,Entertainment Network,EQ,CASH,EQ,INE265F01028,,,,,1,0.01,,,1,1,ENIL-EQ,0
NSE,14450,EMBDL,NSE-EMBDL,Embassy Developments,EQ,CASH,EQ,INE069I01010,,,,,1,0.01,,,1,1,EMBDL-EQ,1
NSE,756871,ENRIN,NSE-ENRIN,Siemens Energy India,EQ,CASH,EQ,INE1NPP01017,,,,,1,0.1,,,1,1,ENRIN-EQ,1
NSE,15049,ENERGYDEV,NSE-ENERGYDEV,Energy Development Co,EQ,CASH,EQ,INE306C01019,,,,,1,0.01,,,1,1,ENERGYDEV-EQ,0
NSE,4907,ENGINERSIN,NSE-ENGINERSIN,Engineers India,EQ,CASH,EQ,INE510A01028,,,,,1,0.01,,,1,1,ENGINERSIN-EQ,1
NSE,4469,ELECTHERM,NSE-ELECTHERM,Electrotherm India,EQ,CASH,EQ,INE822G01016,,,,,1,0.05,,,1,1,ELECTHERM-EQ,1
NSE,24924,ELGIRUBCO,NSE-ELGIRUBCO,ELGI Rubber Co,EQ,CASH,EQ,INE819L01012,,,,,1,0.01,,,1,1,ELGIRUBCO-EQ,0
NSE,17486,EXPLEOSOL,NSE-EXPLEOSOL,Expleo Solutions,EQ,CASH,EQ,INE201K01015,,,,,1,0.05,,,1,1,EXPLEOSOL-EQ,1
NSE,13643,ELECON,NSE-ELECON,Elecon Engg Co,EQ,CASH,EQ,INE205B01031,,,,,1,0.05,,,1,1,ELECON-EQ,1
NSE,919,EIHOTEL,NSE-EIHOTEL,EIH,EQ,CASH,EQ,INE230A01023,,,,,1,0.05,,,1,1,EIHOTEL-EQ,1
NSE,11471,EXCELINDUS,NSE-EXCELINDUS,Excel Industries,EQ,CASH,EQ,INE369A01029,,,,,1,0.05,,,1,1,EXCELINDUS-EQ,1
NSE,760125,FABTECH,NSE-FABTECH,Fabtech Technologies,EQ,CASH,EQ,INE0HF201011,,,,,1,0.01,,,1,1,FABTECH-EQ,1
NSE,13091,EKC,NSE-EKC,Everest Kanto,EQ,CASH,EQ,INE184H01027,,,,,1,0.01,,,1,1,EKC-EQ,1
NSE,762653,ELANTAS,NSE-ELANTAS,ELANTAS Beck India,EQ,CASH,EQ,INE280B01018,,,,,1,0.5,,,1,1,ELANTAS-EQ,0
NSE,928,ELECTCAST,NSE-ELECTCAST,Electrosteel Castings,EQ,CASH,EQ,INE086A01029,,,,,1,0.01,,,1,1,ELECTCAST-EQ,1
NSE,13423,ELIN,NSE-ELIN,Elin Electronics,EQ,CASH,EQ,INE050401020,,,,,1,0.01,,,1,1,ELIN-EQ,1
NSE,4040,EIMCOELECO,NSE-EIMCOELECO,Eimco Elecon India,EQ,CASH,EQ,INE158B01016,,,,,1,0.1,,,1,1,EIMCOELECO-EQ,1
NSE,762658,ELCIDIN,NSE-ELCIDIN,Elcid Investments,EQ,CASH,EQ,INE927X01018,,,,,1,5.0,,,1,1,ELCIDIN-EQ,0
NSE,6040,EIFFL,NSE-EIFFL,Euro India Fresh Foods,EQ,CASH,EQ,INE546V01010,,,,,1,0.01,,,1,1,EIFFL-EQ,0
NSE,759797,EUROPRATIK,NSE-EUROPRATIK,Euro Pratik Sales,EQ,CASH,EQ,INE198501012,,,,,1,0.05,,,1,1,EUROPRATIK-EQ,1
NSE,762685,FRONTSP,NSE-FRONTSP,Frontier Springs,EQ,CASH,EQ,INE572D01014,,,,,1,0.1,,,1,1,FRONTSP-EQ,1
NSE,1100,GARFIBRES,NSE-GARFIBRES,Garware Tech Fibre,EQ,CASH,EQ,INE276A01018,,,,,1,0.05,,,1,1,GARFIBRES-EQ,1
NSE,10905,GENESYS,NSE-GENESYS,Genesys Intl Corp,EQ,CASH,EQ,INE727B01026,,,,,1,0.05,,,1,1,GENESYS-EQ,1
NSE,4717,GAIL,NSE-GAIL,GAIL (India),EQ,CASH,EQ,INE129A01019,,,,,1,0.01,,,1,1,GAIL-EQ,1
NSE,8510,GATEWAY,NSE-GATEWAY,Gateway Distri,EQ,CASH,EQ,INE079J01017,,,,,1,0.01,,,1,1,GATEWAY-EQ,1
NSE,14116,GANDHITUBE,NSE-GANDHITUBE,Gandhi Special Tubes,EQ,CASH,EQ,INE524B01027,,,,,1,0.05,,,1,1,GANDHITUBE-EQ,1
NSE,14339,GANESHHOU,NSE-GANESHHOU,Ganesh Housing,EQ,CASH,EQ,INE460C01014,,,,,1,0.05,,,1,1,GANESHHOU-EQ,1
NSE,25512,FLEXITUFF,NSE-FLEXITUFF,Flexituff Ventures,EQ,CASH,EQ,INE060J01017,,,,,1,0.01,,,1,1,FLEXITUFF-EQ,0
NSE,6673,FOODSIN,NSE-FOODSIN,Foods and Inns,EQ,CASH,EQ,INE976E01023,,,,,1,0.01,,,1,1,FOODSIN-EQ,0
NSE,6944,GANECOS,NSE-GANECOS,Ganesha Ecosphere,EQ,CASH,EQ,INE845D01014,,,,,1,0.05,,,1,1,GANECOS-EQ,1
NSE,1085,GABRIEL,NSE-GABRIEL,Gabriel India,EQ,CASH,EQ,INE524A01029,,,,,1,0.1,,,1,1,GABRIEL-EQ,1
NSE,6836,FOCUS,NSE-FOCUS,Focus Lighting,EQ,CASH,EQ,INE593W01028,,,,,1,0.01,,,1,1,FOCUS-EQ,0
NSE,11905,GENUSPOWER,NSE-GENUSPOWER,Genus Power Infra,EQ,CASH,EQ,INE955D01029,,,,,1,0.05,,,1,1,GENUSPOWER-EQ,1
NSE,14592,FORTIS,NSE-FORTIS,Fortis Healthcare,EQ,CASH,EQ,INE061F01013,,,,,1,0.05,,,1,1,FORTIS-EQ,1
NSE,14304,FSL,NSE-FSL,Firstsource Solution,EQ,CASH,EQ,INE684F01012,,,,,1,0.05,,,1,1,FSL-EQ,1
NSE,3744,FINEORG,NSE-FINEORG,Fine Organic Inds.,EQ,CASH,EQ,INE686Y01026,,,,,1,0.1,,,1,1,FINEORG-EQ,1
NSE,11932,FUSION,NSE-FUSION,Fusion Finance,EQ,CASH,EQ,INE139R01012,,,,,1,0.01,,,1,1,FUSION-EQ,1
NSE,757658,FISCHER,NSE-FISCHER,Fischer Medical,EQ,CASH,EQ,INE771F01041,,,,,1,0.01,,,1,1,FISCHER-EQ,0
NSE,17922,GEEKAYWIRE,NSE-GEEKAYWIRE,Geekay Wires,EQ,CASH,EQ,INE669X01032,,,,,1,0.01,,,1,1,GEEKAYWIRE-EQ,0
NSE,6579,FINOPB,NSE-FINOPB,Fino Payments Bk,EQ,CASH,EQ,INE02NC01014,,,,,1,0.01,,,1,1,FINOPB-EQ,1
NSE,1038,FINCABLES,NSE-FINCABLES,Finolex Cables,EQ,CASH,EQ,INE235A01022,,,,,1,0.1,,,1,1,FINCABLES-EQ,1
NSE,6198,FCL,NSE-FCL,Fineotex Chemical,EQ,CASH,EQ,INE045J01034,,,,,1,0.01,,,1,1,FCL-EQ,1
NSE,8828,GAEL,NSE-GAEL,Gujarat Ambuja Exp,EQ,CASH,EQ,INE036B01030,,,,,1,0.01,,,1,1,GAEL-EQ,1
NSE,13750,FLUOROCHEM,NSE-FLUOROCHEM,Gujarat Fluorochem,EQ,CASH,EQ,INE09N301011,,,,,1,0.1,,,1,1,FLUOROCHEM-EQ,1
NSE,759012,GANESHCP,NSE-GANESHCP,Ganesh Consumer Prod,EQ,CASH,EQ,INE652V01016,,,,,1,0.01,,,1,1,GANESHCP-EQ,1
NSE,760961,FRACTAL,NSE-FRACTAL,Fractal Analytics,EQ,CASH,EQ,INE212S01015,,,,,1,0.1,,,1,1,FRACTAL-EQ,1
NSE,20322,FEDFINA,NSE-FEDFINA,Fedbank Financial,EQ,CASH,EQ,INE007N01010,,,,,1,0.01,,,1,1,FEDFINA-EQ,1
NSE,8159,FIBERWEB,NSE-FIBERWEB,Fiberweb,EQ,CASH,EQ,INE296C01020,,,,,1,0.01,,,1,1,FIBERWEB-EQ,0
NSE,13337,GALLANTT,NSE-GALLANTT,Gallantt Ispat,EQ,CASH,EQ,INE297H01019,,,,,1,0.05,,,1,1,GALLANTT-EQ,0
NSE,13710,FIEMIND,NSE-FIEMIND,Fiem Inds,EQ,CASH,EQ,INE737H01014,,,,,1,0.1,,,1,1,FIEMIND-EQ,1
NSE,4898,FDC,NSE-FDC,FDC,EQ,CASH,EQ,INE258B01022,,,,,1,0.05,,,1,1,FDC-EQ,1
NSE,762680,FERMENTA,NSE-FERMENTA,Fermenta Biotech,EQ,CASH,EQ,INE225B01021,,,,,1,0.05,,,1,1,FERMENTA-EQ,0
NSE,17888,GATECH,NSE-GATECH,GACM Technologies,EQ,CASH,EQ,INE224E01028,,,,,1,0.01,,,1,1,GATECH-EQ,0
NSE,20372,FLAIR,NSE-FLAIR,Flair Writing Indu.,EQ,CASH,EQ,INE00Y201027,,,,,1,0.05,,,1,1,FLAIR-EQ,1
NSE,17,GATECHDVR,NSE-GATECHDVR,SCAPDVR,EQ,CASH,EQ,INE224E01036,,,,,1,0.01,,,1,1,GATECHDVR-EQ,0
NSE,2188,GENCON,NSE-GENCON,Generic Engg,EQ,CASH,EQ,INE854S01022,,,,,1,0.01,,,1,1,GENCON-EQ,0
NSE,13658,GEECEE,NSE-GEECEE,GeeCee Vntrs,EQ,CASH,EQ,INE916G01016,,,,,1,0.05,,,1,1,GEECEE-EQ,0
NSE,20303,GANDHAR,NSE-GANDHAR,Gandhar Oil Refinery,EQ,CASH,EQ,INE717W01049,,,,,1,0.01,,,1,1,GANDHAR-EQ,1
NSE,1315,GALAXYSURF,NSE-GALAXYSURF,Galaxy Surfactants,EQ,CASH,EQ,INE600K01018,,,,,1,0.1,,,1,1,GALAXYSURF-EQ,1
NSE,25134,GALAPREC,NSE-GALAPREC,Gala Precision Engi.,EQ,CASH,EQ,INE0RE001014,,,,,1,0.05,,,1,1,GALAPREC-EQ,1
NSE,21399,GANGESSECU,NSE-GANGESSECU,Ganges Securities,EQ,CASH,EQ,INE335W01016,,,,,1,0.01,,,1,1,GANGESSECU-EQ,0
NSE,24532,FILATEX,NSE-FILATEX,Filatex India,EQ,CASH,EQ,INE816B01035,,,,,1,0.01,,,1,1,FILATEX-EQ,1
NSE,3693,GAYAHWS,NSE-GAYAHWS,Gayatri Highways,EQ,CASH,EQ,INE287Z01012,,,,,1,0.01,,,1,1,GAYAHWS-EQ,0
NSE,1073,FOSECOIND,NSE-FOSECOIND,Foseco India,EQ,CASH,EQ,INE519A01011,,,,,1,0.1,,,1,1,FOSECOIND-EQ,1
NSE,758986,GCSL,NSE-GCSL,Gretex Corporate,EQ,CASH,EQ,INE199P01028,,,,,1,0.05,,,1,1,GCSL-EQ,1
NSE,25800,GARUDA,NSE-GARUDA,Garuda Const. & Eng.,EQ,CASH,EQ,INE0JVO01026,,,,,1,0.01,,,1,1,GARUDA-EQ,1
NSE,6600,GENUSPAPER,NSE-GENUSPAPER,Genus Paper & Boards,EQ,CASH,EQ,INE949P01018,,,,,1,0.01,,,1,1,GENUSPAPER-EQ,0
NSE,1023,FEDERALBNK,NSE-FEDERALBNK,The Federal Bank,EQ,CASH,EQ,INE171A01029,,,,,1,0.05,,,1,1,FEDERALBNK-EQ,1
NSE,759239,FINKURVE,NSE-FINKURVE,Finkurve Financial,EQ,CASH,EQ,INE734I01027,,,,,1,0.01,,,1,1,FINKURVE-EQ,0
NSE,12032,FIVESTAR,NSE-FIVESTAR,Five Star Business,EQ,CASH,EQ,INE128S01021,,,,,1,0.05,,,1,1,FIVESTAR-EQ,1
NSE,1041,FINPIPE,NSE-FINPIPE,Finolex Industries,EQ,CASH,EQ,INE183A01024,,,,,1,0.01,,,1,1,FINPIPE-EQ,1
NSE,1190,FMGOETZE,NSE-FMGOETZE,Federal-Mogul Goetze,EQ,CASH,EQ,INE529A01010,,,,,1,0.05,,,1,1,FMGOETZE-EQ,1
NSE,24814,FIRSTCRY,NSE-FIRSTCRY,Brainbees Solutions,EQ,CASH,EQ,INE02RE01045,,,,,1,0.01,,,1,1,FIRSTCRY-EQ,1
NSE,5614,GANESHBE,NSE-GANESHBE,Ganesh Benzoplast,EQ,CASH,EQ,INE388A01029,,,,,1,0.01,,,1,1,GANESHBE-EQ,1
NSE,11573,FORCEMOT,NSE-FORCEMOT,Force Motors,EQ,CASH,EQ,INE451A01017,,,,,1,1.0,,,1,1,FORCEMOT-EQ,1
NSE,4957,GANGAFORGE,NSE-GANGAFORGE,Ganga Forging,EQ,CASH,EQ,INE691Z01023,,,,,1,0.01,,,1,1,GANGAFORGE-EQ,0
NSE,762675,FEDDERSHOL,NSE-FEDDERSHOL,Fedders Holding,EQ,CASH,EQ,INE417D01020,,,,,1,0.01,,,1,1,FEDDERSHOL-EQ,1
NSE,16696,GHCLTEXTIL,NSE-GHCLTEXTIL,GHCL Textiles,EQ,CASH,EQ,INE0PA801013,,,,,1,0.01,,,1,1,GHCLTEXTIL-EQ,1
NSE,17357,GKWLIMITED,NSE-GKWLIMITED,GKW,EQ,CASH,EQ,INE528A01020,,,,,1,0.1,,,1,1,GKWLIMITED-EQ,0
NSE,762690,GNRL,NSE-GNRL,GNRL,EQ,CASH,EQ,INE207H01018,,,,,1,0.01,,,1,1,GNRL-EQ,1
NSE,762700,GRAVISSHO,NSE-GRAVISSHO,Graviss Hospitality,EQ,CASH,EQ,INE214F01026,,,,,1,0.01,,,1,1,GRAVISSHO-EQ,0
NSE,17875,GODREJPROP,NSE-GODREJPROP,Godrej Properties,EQ,CASH,EQ,INE484J01027,,,,,1,0.1,,,1,1,GODREJPROP-EQ,1
NSE,6964,GOCOLORS,NSE-GOCOLORS,Go Fashion (India),EQ,CASH,EQ,INE0BJS01011,,,,,1,0.05,,,1,1,GOCOLORS-EQ,1
NSE,763299,GRADIENTE,NSE-GRADIENTE,Gradiente Infotain.,EQ,CASH,EQ,INE361K01017,,,,,1,0.01,,,1,1,GRADIENTE-EQ,0
NSE,23799,GODIGIT,NSE-GODIGIT,Go Digit General Ins,EQ,CASH,EQ,INE03JT01014,,,,,1,0.05,,,1,1,GODIGIT-EQ,1
NSE,1570,GMMPFAUDLR,NSE-GMMPFAUDLR,GMM Pfaudler,EQ,CASH,EQ,INE541A01023,,,,,1,0.05,,,1,1,GMMPFAUDLR-EQ,1
NSE,1181,GODFRYPHLP,NSE-GODFRYPHLP,Godfrey Phillips,EQ,CASH,EQ,INE260B01028,,,,,1,0.1,,,1,1,GODFRYPHLP-EQ,1
NSE,1415,GLOBAL,NSE-GLOBAL,Global Education,EQ,CASH,EQ,INE291W01037,,,,,1,0.01,,,1,1,GLOBAL-EQ,0
NSE,3987,GREENPLY,NSE-GREENPLY,Greenply Industries,EQ,CASH,EQ,INE461C01038,,,,,1,0.01,,,1,1,GREENPLY-EQ,1
NSE,1289,GFLLIMITED,NSE-GFLLIMITED,GFL,EQ,CASH,EQ,INE538A01037,,,,,1,0.01,,,1,1,GFLLIMITED-EQ,0
NSE,20110,GREENPOWER,NSE-GREENPOWER,Orient Green Power,EQ,CASH,EQ,INE999K01014,,,,,1,0.01,,,1,1,GREENPOWER-EQ,1
NSE,17685,GPTINFRA,NSE-GPTINFRA,GPT Infraprojects,EQ,CASH,EQ,INE390G01014,,,,,1,0.01,,,1,1,GPTINFRA-EQ,1
NSE,19731,GPPL,NSE-GPPL,Gujarat Pipavav Port,EQ,CASH,EQ,INE517F01014,,,,,1,0.01,,,1,1,GPPL-EQ,1
NSE,22846,GPTHEALTH,NSE-GPTHEALTH,GPT Healthcare,EQ,CASH,EQ,INE486R01017,,,,,1,0.01,,,1,1,GPTHEALTH-EQ,1
NSE,1168,GMBREW,NSE-GMBREW,GM Breweries,EQ,CASH,EQ,INE075D01018,,,,,1,0.05,,,1,1,GMBREW-EQ,1
NSE,592,GRAPHITE,NSE-GRAPHITE,Graphite India,EQ,CASH,EQ,INE371A01025,,,,,1,0.05,,,1,1,GRAPHITE-EQ,1
NSE,11787,GOYALALUM,NSE-GOYALALUM,Goyal Aluminiums,EQ,CASH,EQ,INE705X01026,,,,,1,0.01,,,1,1,GOYALALUM-EQ,0
NSE,16705,GOKUL,NSE-GOKUL,Gokul Refoils,EQ,CASH,EQ,INE020J01029,,,,,1,0.01,,,1,1,GOKUL-EQ,0
NSE,10925,GODREJIND,NSE-GODREJIND,Godrej Industries,EQ,CASH,EQ,INE233A01035,,,,,1,0.1,,,1,1,GODREJIND-EQ,1
NSE,17839,GILLANDERS,NSE-GILLANDERS,Gillanders Arbuthnot,EQ,CASH,EQ,INE047B01011,,,,,1,0.01,,,1,1,GILLANDERS-EQ,0
NSE,1205,GOODYEAR,NSE-GOODYEAR,Goodyear India,EQ,CASH,EQ,INE533A01012,,,,,1,0.05,,,1,1,GOODYEAR-EQ,0
NSE,6848,GREENLAM,NSE-GREENLAM,Greenlam Industries,EQ,CASH,EQ,INE544R01021,,,,,1,0.01,,,1,1,GREENLAM-EQ,1
NSE,11971,GOLDIAM,NSE-GOLDIAM,Goldiam Intl,EQ,CASH,EQ,INE025B01025,,,,,1,0.05,,,1,1,GOLDIAM-EQ,1
NSE,1142,GINNIFILA,NSE-GINNIFILA,Ginni Filaments,EQ,CASH,EQ,INE424C01010,,,,,1,0.01,,,1,1,GINNIFILA-EQ,0
NSE,13776,GESHIP,NSE-GESHIP,GE Shipping,EQ,CASH,EQ,INE017A01032,,,,,1,0.1,,,1,1,GESHIP-EQ,1
NSE,17424,GLOBUSSPR,NSE-GLOBUSSPR,Globus Spirits,EQ,CASH,EQ,INE615I01010,,,,,1,0.05,,,1,1,GLOBUSSPR-EQ,1
NSE,8529,GMRP&UI,NSE-GMRP&UI,GMR Power,EQ,CASH,EQ,INE0CU601026,,,,,1,0.01,,,1,1,GMRP&UI-EQ,1
NSE,14480,GOKULAGRO,NSE-GOKULAGRO,Gokul Agro Resources,EQ,CASH,EQ,INE314T01033,,,,,1,0.01,,,1,1,GOKULAGRO-EQ,1
NSE,1153,GLAXO,NSE-GLAXO,GSK Pharma,EQ,CASH,EQ,INE159A01016,,,,,1,0.1,,,1,1,GLAXO-EQ,1
NSE,5200,GRAUWEIL,NSE-GRAUWEIL,Grauer & Weil,EQ,CASH,EQ,INE266D01021,,,,,1,0.01,,,1,1,GRAUWEIL-EQ,1
NSE,11896,GEOJITFSL,NSE-GEOJITFSL,Geojit Finl. Service,EQ,CASH,EQ,INE007B01023,,,,,1,0.01,,,1,1,GEOJITFSL-EQ,1
NSE,13810,GREENPANEL,NSE-GREENPANEL,Greenpanel Inds.,EQ,CASH,EQ,INE08ZM01014,,,,,1,0.01,,,1,1,GREENPANEL-EQ,1
NSE,25941,GODAVARIB,NSE-GODAVARIB,Godavari Biorefin,EQ,CASH,EQ,INE497S01012,,,,,1,0.05,,,1,1,GODAVARIB-EQ,1
NSE,1235,GREAVESCOT,NSE-GREAVESCOT,Greaves Cotton,EQ,CASH,EQ,INE224A01026,,,,,1,0.01,,,1,1,GREAVESCOT-EQ,1
NSE,1139,GICHSGFIN,NSE-GICHSGFIN,GIC Housing Finance,EQ,CASH,EQ,INE289B01019,,,,,1,0.01,,,1,1,GICHSGFIN-EQ,1
NSE,1186,GLAND,NSE-GLAND,Gland Pharma,EQ,CASH,EQ,INE068V01023,,,,,1,0.1,,,1,1,GLAND-EQ,1
NSE,13528,GMRAIRPORT,NSE-GMRAIRPORT,GMR Airports,EQ,CASH,EQ,INE776C01039,,,,,1,0.01,,,1,1,GMRAIRPORT-EQ,1
NSE,7406,GLENMARK,NSE-GLENMARK,Glenmark Pharma,EQ,CASH,EQ,INE935A01035,,,,,1,0.1,,,1,1,GLENMARK-EQ,1
NSE,13735,GLOBALVECT,NSE-GLOBALVECT,Global Vectra,EQ,CASH,EQ,INE792H01019,,,,,1,0.01,,,1,1,GLOBALVECT-EQ,0
NSE,18571,GNA,NSE-GNA,GNA Axles,EQ,CASH,EQ,INE934S01014,,,,,1,0.05,,,1,1,GNA-EQ,1
NSE,277,GICRE,NSE-GICRE,General Insurance,EQ,CASH,EQ,INE481Y01014,,,,,1,0.05,,,1,1,GICRE-EQ,1
NSE,11872,GRANULES,NSE-GRANULES,Granules India,EQ,CASH,EQ,INE101D01020,,,,,1,0.05,,,1,1,GRANULES-EQ,1
NSE,23066,GOPAL,NSE-GOPAL,Gopal Snacks,EQ,CASH,EQ,INE0L9R01028,,,,,1,0.05,,,1,1,GOPAL-EQ,1
NSE,759048,GKENERGY,NSE-GKENERGY,GK Energy,EQ,CASH,EQ,INE1AG301022,,,,,1,0.01,,,1,1,GKENERGY-EQ,1
NSE,3963,GOCLCORP,NSE-GOCLCORP,GOCL Corp,EQ,CASH,EQ,INE077F01035,,,,,1,0.05,,,1,1,GOCLCORP-EQ,1
NSE,9874,GOLDTECH,NSE-GOLDTECH,AION-Tech Solutions,EQ,CASH,EQ,INE805A01014,,,,,1,0.01,,,1,1,GOLDTECH-EQ,0
NSE,762695,GRANDOAK,NSE-GRANDOAK,Grand Oak Canyons,EQ,CASH,EQ,INE926B01016,,,,,1,0.01,,,1,1,GRANDOAK-EQ,0
NSE,761197,GKSL,NSE-GKSL,Guj. Kidney & Super,EQ,CASH,EQ,INE0V0W01025,,,,,1,0.01,,,1,1,GKSL-EQ,1
NSE,1576,GILLETTE,NSE-GILLETTE,Gillette India,EQ,CASH,EQ,INE322A01010,,,,,1,0.5,,,1,1,GILLETTE-EQ,1
NSE,14687,GOACARBON,NSE-GOACARBON,Goa Carbon,EQ,CASH,EQ,INE426D01013,,,,,1,0.05,,,1,1,GOACARBON-EQ,0
NSE,1127,GHCL,NSE-GHCL,GHCL,EQ,CASH,EQ,INE539A01019,,,,,1,0.05,,,1,1,GHCL-EQ,1
NSE,13409,GPIL,NSE-GPIL,Godawari Pwr,EQ,CASH,EQ,INE177H01039,,,,,1,0.05,,,1,1,GPIL-EQ,1
NSE,761025,GICL,NSE-GICL,Globe Intl Carriers,EQ,CASH,EQ,INE947T01022,,,,,1,0.01,,,1,1,GICL-EQ,0
NSE,1145,GIPCL,NSE-GIPCL,Guj Inds Power Co,EQ,CASH,EQ,INE162A01010,,,,,1,0.01,,,1,1,GIPCL-EQ,1
NSE,6125,GOODLUCK,NSE-GOODLUCK,Goodluck India,EQ,CASH,EQ,INE127I01024,,,,,1,0.1,,,1,1,GOODLUCK-EQ,1
NSE,1174,GNFC,NSE-GNFC,GNFC,EQ,CASH,EQ,INE113A01013,,,,,1,0.05,,,1,1,GNFC-EQ,1
NSE,20534,GRAVITA,NSE-GRAVITA,Gravita India,EQ,CASH,EQ,INE024L01027,,,,,1,0.1,,,1,1,GRAVITA-EQ,1
NSE,10099,GODREJCP,NSE-GODREJCP,Godrej Consumer,EQ,CASH,EQ,INE102D01028,,,,,1,0.1,,,1,1,GODREJCP-EQ,1
NSE,1232,GRASIM,NSE-GRASIM,Grasim Industries,EQ,CASH,EQ,INE047A01021,,,,,1,0.1,,,1,1,GRASIM-EQ,1
NSE,144,GODREJAGRO,NSE-GODREJAGRO,Godrej Agrovet,EQ,CASH,EQ,INE850D01014,,,,,1,0.05,,,1,1,GODREJAGRO-EQ,1
NSE,393,GLOBE,NSE-GLOBE,Globe Enterprises(I),EQ,CASH,EQ,INE581X01021,,,,,1,0.01,,,1,1,GLOBE-EQ,0
NSE,11778,GOKEX,NSE-GOKEX,Gokaldas Exports,EQ,CASH,EQ,INE887G01027,,,,,1,0.05,,,1,1,GOKEX-EQ,1
NSE,5204,GMDCLTD,NSE-GMDCLTD,GMDC,EQ,CASH,EQ,INE131A01031,,,,,1,0.05,,,1,1,GMDCLTD-EQ,1
NSE,23590,GLOSTERLTD,NSE-GLOSTERLTD,Gloster,EQ,CASH,EQ,INE350Z01018,,,,,1,0.05,,,1,1,GLOSTERLTD-EQ,0
NSE,762705,HALDYNGL,NSE-HALDYNGL,Haldyn Glass,EQ,CASH,EQ,INE506D01020,,,,,1,0.01,,,1,1,HALDYNGL-EQ,1
NSE,4548,GUJRAFFIA,NSE-GUJRAFFIA,Gujarat Raffia Inds,EQ,CASH,EQ,INE610B01024,,,,,1,0.01,,,1,1,GUJRAFFIA-EQ,0
NSE,18154,HATHWAY,NSE-HATHWAY,Hathway Cable,EQ,CASH,EQ,INE982F01036,,,,,1,0.01,,,1,1,HATHWAY-EQ,1
NSE,20854,HAPPYFORGE,NSE-HAPPYFORGE,Happy Forgings,EQ,CASH,EQ,INE330T01021,,,,,1,0.1,,,1,1,HAPPYFORGE-EQ,1
NSE,10599,GUJGASLTD,NSE-GUJGASLTD,Gujarat Energy,EQ,CASH,EQ,INE844O01030,,,,,1,0.05,,,1,1,GUJGASLTD-EQ,1
NSE,4391,GULFOILLUB,NSE-GULFOILLUB,Gulf Oil Lubricants,EQ,CASH,EQ,INE635Q01029,,,,,1,0.05,,,1,1,GULFOILLUB-EQ,1
NSE,6543,GRPLTD,NSE-GRPLTD,GRP,EQ,CASH,EQ,INE137I01015,,,,,1,0.1,,,1,1,GRPLTD-EQ,0
NSE,1247,GSFC,NSE-GSFC,GSFC,EQ,CASH,EQ,INE026A01025,,,,,1,0.01,,,1,1,GSFC-EQ,1
NSE,21551,HALEOSLABS,NSE-HALEOSLABS,Haleos Labs,EQ,CASH,EQ,INE320X01016,,,,,1,0.1,,,1,1,HALEOSLABS-EQ,0
NSE,10865,GVPTECH,NSE-GVPTECH,GVP Infotech,EQ,CASH,EQ,INE382T01030,,,,,1,0.01,,,1,1,GVPTECH-EQ,0
NSE,762239,GSPCROP,NSE-GSPCROP,GSP Crop Science,EQ,CASH,EQ,INE713R01022,,,,,1,0.05,,,1,1,GSPCROP-EQ,1
NSE,48,HAPPSTMNDS,NSE-HAPPSTMNDS,Happiest Minds Tech.,EQ,CASH,EQ,INE419U01012,,,,,1,0.05,,,1,1,HAPPSTMNDS-EQ,1
NSE,3892,HATSUN,NSE-HATSUN,Hatsun Agro Prod,EQ,CASH,EQ,INE473B01035,,,,,1,0.05,,,1,1,HATSUN-EQ,1
NSE,17770,GROBTEA,NSE-GROBTEA,Grob Tea Co,EQ,CASH,EQ,INE646C01018,,,,,1,0.05,,,1,1,GROBTEA-EQ,0
NSE,6286,GULPOLY,NSE-GULPOLY,Gulshan Polyols,EQ,CASH,EQ,INE255D01024,,,,,1,0.01,,,1,1,GULPOLY-EQ,1
NSE,1267,GUJALKALI,NSE-GUJALKALI,Gujarat Alkalies,EQ,CASH,EQ,INE186A01019,,,,,1,0.05,,,1,1,GUJALKALI-EQ,1
NSE,5054,GRINFRA,NSE-GRINFRA,GR Infraprojects,EQ,CASH,EQ,INE201P01022,,,,,1,0.05,,,1,1,GRINFRA-EQ,1
NSE,10871,GRMOVER,NSE-GRMOVER,GRM Overseas,EQ,CASH,EQ,INE192H01020,,,,,1,0.01,,,1,1,GRMOVER-EQ,1
NSE,7862,GVPIL,NSE-GVPIL,GE Power India,EQ,CASH,EQ,INE878A01011,,,,,1,0.05,,,1,1,GVPIL-EQ,0
NSE,5475,GRSE,NSE-GRSE,Garden Reach,EQ,CASH,EQ,INE382Z01011,,,,,1,0.1,,,1,1,GRSE-EQ,1
NSE,759806,GROWW,NSE-GROWW,Groww,EQ,CASH,EQ,INE0HOQ01053,,,,,1,0.01,,,1,1,GROWW-EQ,1
NSE,1313,HARRMALAYA,NSE-HARRMALAYA,Harrisons Malayalam,EQ,CASH,EQ,INE544A01019,,,,,1,0.01,,,1,1,HARRMALAYA-EQ,0
NSE,9819,HAVELLS,NSE-HAVELLS,Havells India,EQ,CASH,EQ,INE176B01034,,,,,1,0.1,,,1,1,HAVELLS-EQ,1
NSE,16783,GVT&D,NSE-GVT&D,GE Vernova T&D India,EQ,CASH,EQ,INE200A01026,,,,,1,0.5,,,1,1,GVT&D-EQ,1
NSE,8968,HARIOMPIPE,NSE-HARIOMPIPE,Hariom Pipe Inds,EQ,CASH,EQ,INE00EV01017,,,,,1,0.05,,,1,1,HARIOMPIPE-EQ,1
NSE,14599,GSLSU,NSE-GSLSU,Global Surfaces,EQ,CASH,EQ,INE0JSX01015,,,,,1,0.01,,,1,1,GSLSU-EQ,0
NSE,13745,GTLINFRA,NSE-GTLINFRA,GTL Infrastructure,EQ,CASH,EQ,INE221H01019,,,,,1,0.01,,,1,1,GTLINFRA-EQ,0
NSE,11606,GUFICBIO,NSE-GUFICBIO,Gufic Biosciences,EQ,CASH,EQ,INE742B01025,,,,,1,0.05,,,1,1,GUFICBIO-EQ,1
NSE,11581,GULFPETRO,NSE-GULFPETRO,GP Petroleums,EQ,CASH,EQ,INE586G01017,,,,,1,0.01,,,1,1,GULFPETRO-EQ,0
NSE,11162,HARSHA,NSE-HARSHA,Harsha Engineers Int,EQ,CASH,EQ,INE0JUS01029,,,,,1,0.05,,,1,1,HARSHA-EQ,1
NSE,1129,GTECJAINX,NSE-GTECJAINX,G-Tec Jainx Edu,EQ,CASH,EQ,INE586X01012,,,,,1,0.01,,,1,1,GTECJAINX-EQ,0
NSE,8962,HARDWYN,NSE-HARDWYN,Hardwyn India,EQ,CASH,EQ,INE626Z01029,,,,,1,0.01,,,1,1,HARDWYN-EQ,1
NSE,1162,GTL,NSE-GTL,GTL,EQ,CASH,EQ,INE043A01012,,,,,1,0.01,,,1,1,GTL-EQ,0
NSE,7982,GRWRHITECH,NSE-GRWRHITECH,Garware Hi Tech,EQ,CASH,EQ,INE291A01017,,,,,1,0.5,,,1,1,GRWRHITECH-EQ,1
NSE,2303,HAL,NSE-HAL,HAL,EQ,CASH,EQ,INE066F01020,,,,,1,0.1,,,1,1,HAL-EQ,1
NSE,29731,GUJTHEM,NSE-GUJTHEM,Guj Themis Biosyn,EQ,CASH,EQ,INE942C01045,,,,,1,0.05,,,1,1,GUJTHEM-EQ,1
NSE,21195,GTPL,NSE-GTPL,GTPL Hathway,EQ,CASH,EQ,INE869I01013,,,,,1,0.01,,,1,1,GTPL-EQ,0
NSE,7457,HAVISHA,NSE-HAVISHA,Sri Havisha Hosp,EQ,CASH,EQ,INE293B01029,,,,,1,0.01,,,1,1,HAVISHA-EQ,0
NSE,14677,GUJAPOLLO,NSE-GUJAPOLLO,Gujarat Apollo Inds,EQ,CASH,EQ,INE826C01016,,,,,1,0.05,,,1,1,GUJAPOLLO-EQ,0
NSE,13560,GRINDWELL,NSE-GRINDWELL,Grindwell Norton,EQ,CASH,EQ,INE536A01023,,,,,1,0.1,,,1,1,GRINDWELL-EQ,1
NSE,760715,HALDER,NSE-HALDER,Halder Venture,EQ,CASH,EQ,INE115S01010,,,,,1,0.01,,,1,1,HALDER-EQ,0
NSE,1403,HINDOILEXP,NSE-HINDOILEXP,HOEC,EQ,CASH,EQ,INE345A01011,,,,,1,0.01,,,1,1,HINDOILEXP-EQ,1
NSE,14712,HGS,NSE-HGS,Hinduja Global,EQ,CASH,EQ,INE170I01016,,,,,1,0.05,,,1,1,HGS-EQ,0
NSE,467,HDFCLIFE,NSE-HDFCLIFE,HDFC Life Insurance,EQ,CASH,EQ,INE795G01014,,,,,1,0.05,,,1,1,HDFCLIFE-EQ,1
NSE,4598,HERITGFOOD,NSE-HERITGFOOD,Heritage Foods,EQ,CASH,EQ,INE978A01027,,,,,1,0.05,,,1,1,HERITGFOOD-EQ,1
NSE,1333,HDFCBANK,NSE-HDFCBANK,HDFC Bank,EQ,CASH,EQ,INE040A01034,,,,,1,0.05,,,1,1,HDFCBANK-EQ,1
NSE,1406,HINDPETRO,NSE-HINDPETRO,HPCL,EQ,CASH,EQ,INE094A01015,,,,,1,0.05,,,1,1,HINDPETRO-EQ,1
NSE,29666,HEXT,NSE-HEXT,HEXT,EQ,CASH,EQ,INE093A01041,,,,,1,0.05,,,1,1,HEXT-EQ,1
NSE,15883,HINDWAREAP,NSE-HINDWAREAP,Hindware Home Innovation Limited,EQ,CASH,EQ,INE05AN01011,,,,,1,0.01,,,1,1,HINDWAREAP-EQ,1
NSE,13592,HGM,NSE-HGM,HandsOn Global Manag,EQ,CASH,EQ,INE596H01014,,,,,1,0.01,,,1,1,HGM-EQ,0
NSE,4444,HAWKINCOOK,NSE-HAWKINCOOK,Hawkins Cookers,EQ,CASH,EQ,INE979B01015,,,,,1,0.5,,,1,1,HAWKINCOOK-EQ,1
NSE,1424,HINDZINC,NSE-HINDZINC,Hindustan Zinc,EQ,CASH,EQ,INE267A01025,,,,,1,0.05,,,1,1,HINDZINC-EQ,1
NSE,21951,HFCL,NSE-HFCL,HFCL,EQ,CASH,EQ,INE548A01028,,,,,1,0.01,,,1,1,HFCL-EQ,0
NSE,13966,HBLENGINE,NSE-HBLENGINE,HBL Engineering,EQ,CASH,EQ,INE292B01021,,,,,1,0.05,,,1,1,HBLENGINE-EQ,1
NSE,1375,HCC,NSE-HCC,Hindustan Constr,EQ,CASH,EQ,INE549A01026,,,,,1,0.01,,,1,1,HCC-EQ,1
NSE,19205,HEADSUP,NSE-HEADSUP,Mandhana Retail,EQ,CASH,EQ,INE759V01019,,,,,1,0.01,,,1,1,HEADSUP-EQ,0
NSE,4244,HDFCAMC,NSE-HDFCAMC,HDFC Asset Mgmt Co,EQ,CASH,EQ,INE127D01025,,,,,1,0.1,,,1,1,HDFCAMC-EQ,1
NSE,2289,HLEGLAS,NSE-HLEGLAS,HLE Glascoat,EQ,CASH,EQ,INE461D01028,,,,,1,0.05,,,1,1,HLEGLAS-EQ,1
NSE,7425,HECPROJECT,NSE-HECPROJECT,HEC Infra Projects,EQ,CASH,EQ,INE558R01013,,,,,1,0.01,,,1,1,HECPROJECT-EQ,0
NSE,19322,HISARMETAL,NSE-HISARMETAL,Hisar Metal Inds,EQ,CASH,EQ,INE598C01011,,,,,1,0.01,,,1,1,HISARMETAL-EQ,0
NSE,1327,HCL-INSYS,NSE-HCL-INSYS,HCL Infosystems,EQ,CASH,EQ,INE236A01020,,,,,1,0.01,,,1,1,HCL-INSYS-EQ,0
NSE,1394,HINDUNILVR,NSE-HINDUNILVR,Hindustan Unilever,EQ,CASH,EQ,INE030A01027,,,,,1,0.1,,,1,1,HINDUNILVR-EQ,1
NSE,20063,HEALTHX,NSE-HEALTHX,Health X Platform,EQ,CASH,EQ,INE019J01013,,,,,1,0.05,,,1,1,HEALTHX-EQ,0
NSE,1348,HEROMOTOCO,NSE-HEROMOTOCO,Hero MotoCorp,EQ,CASH,EQ,INE158A01026,,,,,1,0.1,,,1,1,HEROMOTOCO-EQ,1
NSE,27008,HEXATRADEX,NSE-HEXATRADEX,Hexa Tradex,EQ,CASH,EQ,INE750M01017,,,,,1,0.01,,,1,1,HEXATRADEX-EQ,0
NSE,701,HEMIPROP,NSE-HEMIPROP,Hemisphere Prop,EQ,CASH,EQ,INE0AJG01018,,,,,1,0.01,,,1,1,HEMIPROP-EQ,1
NSE,7048,HESTERBIO,NSE-HESTERBIO,Hester Biosciences,EQ,CASH,EQ,INE782E01017,,,,,1,0.1,,,1,1,HESTERBIO-EQ,1
NSE,1360,HIMATSEIDE,NSE-HIMATSEIDE,Himatsingka Seide,EQ,CASH,EQ,INE049A01027,,,,,1,0.01,,,1,1,HIMATSEIDE-EQ,1
NSE,1336,HEG,NSE-HEG,HEG,EQ,CASH,EQ,INE545A01024,,,,,1,0.05,,,1,1,HEG-EQ,1
NSE,2868,HITECH,NSE-HITECH,Hi-Tech Pipes,EQ,CASH,EQ,INE106T01025,,,,,1,0.01,,,1,1,HITECH-EQ,1
NSE,1372,HINDCOMPOS,NSE-HINDCOMPOS,Hindustan Composites,EQ,CASH,EQ,INE310C01029,,,,,1,0.05,,,1,1,HINDCOMPOS-EQ,0
NSE,757772,HDBFS,NSE-HDBFS,HDB Financial Services,EQ,CASH,EQ,INE756I01012,,,,,1,0.05,,,1,1,HDBFS-EQ,1
NSE,15555,HCG,NSE-HCG,Healthcare Global,EQ,CASH,EQ,INE075I01017,,,,,1,0.05,,,1,1,HCG-EQ,1
NSE,17939,HINDCOPPER,NSE-HINDCOPPER,Hindustan Copper,EQ,CASH,EQ,INE531E01026,,,,,1,0.05,,,1,1,HINDCOPPER-EQ,1
NSE,9668,HIKAL,NSE-HIKAL,Hikal,EQ,CASH,EQ,INE475B01022,,,,,1,0.01,,,1,1,HIKAL-EQ,1
NSE,2614,HERANBA,NSE-HERANBA,Heranba Industries,EQ,CASH,EQ,INE694N01015,,,,,1,0.01,,,1,1,HERANBA-EQ,1
NSE,13890,HIRECT,NSE-HIRECT,Hind Rectifiers,EQ,CASH,EQ,INE835D01023,,,,,1,0.1,,,1,1,HIRECT-EQ,1
NSE,762712,HBESD,NSE-HBESD,HB Estate Developers,EQ,CASH,EQ,INE640B01021,,,,,1,0.01,,,1,1,HBESD-EQ,0
NSE,1363,HINDALCO,NSE-HINDALCO,Hindalco,EQ,CASH,EQ,INE038A01020,,,,,1,0.1,,,1,1,HINDALCO-EQ,1
NSE,7229,HCLTECH,NSE-HCLTECH,HCL Tech.,EQ,CASH,EQ,INE860A01027,,,,,1,0.1,,,1,1,HCLTECH-EQ,1
NSE,1672,HGINFRA,NSE-HGINFRA,HGIEL,EQ,CASH,EQ,INE926X01010,,,,,1,0.05,,,1,1,HGINFRA-EQ,1
NSE,2316,HEIDELBERG,NSE-HEIDELBERG,Heidelberg Cement,EQ,CASH,EQ,INE578A01017,,,,,1,0.01,,,1,1,HEIDELBERG-EQ,1
NSE,13072,IIFLCAPS,NSE-IIFLCAPS,IIFL Securities,EQ,CASH,EQ,INE489L01022,,,,,1,0.05,,,1,1,IIFLCAPS-EQ,1
NSE,17507,INCREDIBLE,NSE-INCREDIBLE,Adhunik Industries,EQ,CASH,EQ,INE452L01012,,,,,1,0.01,,,1,1,INCREDIBLE-EQ,0
NSE,436,IFGLEXPOR,NSE-IFGLEXPOR,IFGL Refractories,EQ,CASH,EQ,INE133Y01011,,,,,1,0.01,,,1,1,IFGLEXPOR-EQ,0
NSE,634,IGARASHI,NSE-IGARASHI,Igarashi Motors,EQ,CASH,EQ,INE188B01013,,,,,1,0.05,,,1,1,IGARASHI-EQ,1
NSE,1485,IFBIND,NSE-IFBIND,IFB Industries,EQ,CASH,EQ,INE559A01017,,,,,1,0.1,,,1,1,IFBIND-EQ,1
NSE,18652,ICICIPRULI,NSE-ICICIPRULI,ICICI Prudential,EQ,CASH,EQ,INE726G01019,,,,,1,0.05,,,1,1,ICICIPRULI-EQ,1
NSE,2056,HOMEFIRST,NSE-HOMEFIRST,Home First Finance,EQ,CASH,EQ,INE481N01025,,,,,1,0.1,,,1,1,HOMEFIRST-EQ,1
NSE,16822,IKIO,NSE-IKIO,IKIO Technologies,EQ,CASH,EQ,INE0LOJ01019,,,,,1,0.01,,,1,1,IKIO-EQ,1
NSE,760407,ICICIAMC,NSE-ICICIAMC,ICICI Prud.Asset Man,EQ,CASH,EQ,INE346A01027,,,,,1,0.1,,,1,1,ICICIAMC-EQ,1
NSE,1512,INDHOTEL,NSE-INDHOTEL,Indian Hotel,EQ,CASH,EQ,INE053A01029,,,,,1,0.05,,,1,1,INDHOTEL-EQ,1
NSE,19211,HMVL,NSE-HMVL,Hindustan Media,EQ,CASH,EQ,INE871K01015,,,,,1,0.01,,,1,1,HMVL-EQ,0
NSE,1521,INDIAGLYCO,NSE-INDIAGLYCO,India Glycols,EQ,CASH,EQ,INE560A01023,,,,,1,0.05,,,1,1,INDIAGLYCO-EQ,1
NSE,3417,HONAUT,NSE-HONAUT,Honeywell Automation,EQ,CASH,EQ,INE671A01010,,,,,1,5.0,,,1,1,HONAUT-EQ,1
NSE,2562,HUHTAMAKI,NSE-HUHTAMAKI,Huhtamaki India,EQ,CASH,EQ,INE275B01026,,,,,1,0.01,,,1,1,HUHTAMAKI-EQ,1
NSE,1448,HLVLTD,NSE-HLVLTD,HLV,EQ,CASH,EQ,INE102A01024,,,,,1,0.01,,,1,1,HLVLTD-EQ,0
NSE,10726,INDIAMART,NSE-INDIAMART,Indiamart Inter,EQ,CASH,EQ,INE933S01016,,,,,1,0.1,,,1,1,INDIAMART-EQ,1
NSE,28125,IKS,NSE-IKS,Inventurus Knowledge,EQ,CASH,EQ,INE115Q01022,,,,,1,0.1,,,1,1,IKS-EQ,1
NSE,14334,HSCL,NSE-HSCL,Himadri Speciality,EQ,CASH,EQ,INE019C01026,,,,,1,0.05,,,1,1,HSCL-EQ,1
NSE,19235,IMFA,NSE-IMFA,IMFA,EQ,CASH,EQ,INE919H01018,,,,,1,0.1,,,1,1,IMFA-EQ,1
NSE,21770,ICICIGI,NSE-ICICIGI,ICICI Lombard Gen.,EQ,CASH,EQ,INE765G01017,,,,,1,0.1,,,1,1,ICICIGI-EQ,1
NSE,4963,ICICIBANK,NSE-ICICIBANK,ICICI Bank,EQ,CASH,EQ,INE090A01021,,,,,1,0.1,,,1,1,ICICIBANK-EQ,1
NSE,11979,HTMEDIA,NSE-HTMEDIA,HT Media,EQ,CASH,EQ,INE501G01024,,,,,1,0.01,,,1,1,HTMEDIA-EQ,0
NSE,16933,INDBANK,NSE-INDBANK,Indbank Merchant,EQ,CASH,EQ,INE841B01017,,,,,1,0.01,,,1,1,INDBANK-EQ,0
NSE,11262,IGL,NSE-IGL,Indraprastha Gas,EQ,CASH,EQ,INE203G01027,,,,,1,0.01,,,1,1,IGL-EQ,1
NSE,3138,HONDAPOWER,NSE-HONDAPOWER,Honda Power Prods,EQ,CASH,EQ,INE634A01018,,,,,1,0.1,,,1,1,HONDAPOWER-EQ,1
NSE,6977,ICDSLTD,NSE-ICDSLTD,ICDS,EQ,CASH,EQ,INE613B01010,,,,,1,0.01,,,1,1,ICDSLTD-EQ,0
NSE,7376,HPAL,NSE-HPAL,Hp Adhesives,EQ,CASH,EQ,INE0GSL01024,,,,,1,0.01,,,1,1,HPAL-EQ,0
NSE,23693,INDGN,NSE-INDGN,Indegene,EQ,CASH,EQ,INE065X01017,,,,,1,0.05,,,1,1,INDGN-EQ,1
NSE,12809,HYBRIDFIN,NSE-HYBRIDFIN,Hybrid Fin Serv,EQ,CASH,EQ,INE965B01022,,,,,1,0.01,,,1,1,HYBRIDFIN-EQ,0
NSE,25844,HYUNDAI,NSE-HYUNDAI,Hyundai Motor India,EQ,CASH,EQ,INE0V6F01027,,,,,1,0.1,,,1,1,HYUNDAI-EQ,1
NSE,757801,IGCL,NSE-IGCL,Indogulf Cropscience,EQ,CASH,EQ,INE05J901018,,,,,1,0.01,,,1,1,IGCL-EQ,0
NSE,20825,HUDCO,NSE-HUDCO,HUDCO,EQ,CASH,EQ,INE031A01017,,,,,1,0.01,,,1,1,HUDCO-EQ,1
NSE,1491,IFCI,NSE-IFCI,IFCI,EQ,CASH,EQ,INE039A01010,,,,,1,0.01,,,1,1,IFCI-EQ,1
NSE,11987,ICIL,NSE-ICIL,Indo Count Inds,EQ,CASH,EQ,INE483B01026,,,,,1,0.05,,,1,1,ICIL-EQ,1
NSE,761099,INA,NSE-INA,Insolation Energy,EQ,CASH,EQ,INE0LGX01024,,,,,1,0.01,,,1,1,INA-EQ,1
NSE,14523,ICRA,NSE-ICRA,ICRA,EQ,CASH,EQ,INE725G01011,,,,,1,0.5,,,1,1,ICRA-EQ,1
NSE,19813,HONASA,NSE-HONASA,Honasa Consumer,EQ,CASH,EQ,INE0J5401028,,,,,1,0.05,,,1,1,HONASA-EQ,1
NSE,18679,HPL,NSE-HPL,HPL Electric & Power,EQ,CASH,EQ,INE495S01016,,,,,1,0.05,,,1,1,HPL-EQ,1
NSE,1476,IDBI,NSE-IDBI,IDBI Bank,EQ,CASH,EQ,INE008A01015,,,,,1,0.01,,,1,1,IDBI-EQ,1
NSE,11809,IIFL,NSE-IIFL,IIFL Finance,EQ,CASH,EQ,INE530B01024,,,,,1,0.05,,,1,1,IIFL-EQ,1
NSE,28378,IGIL,NSE-IGIL,International Gemolo,EQ,CASH,EQ,INE0Q9301021,,,,,1,0.05,,,1,1,IGIL-EQ,1
NSE,1515,INDIACEM,NSE-INDIACEM,India Cements,EQ,CASH,EQ,INE383A01012,,,,,1,0.05,,,1,1,INDIACEM-EQ,1
NSE,12009,IMPAL,NSE-IMPAL,IMPAL,EQ,CASH,EQ,INE547E01014,,,,,1,0.1,,,1,1,IMPAL-EQ,0
NSE,17053,HMAAGRO,NSE-HMAAGRO,HMA Agro Indus,EQ,CASH,EQ,INE0ECP01024,,,,,1,0.01,,,1,1,HMAAGRO-EQ,0
NSE,11184,IDFCFIRSTB,NSE-IDFCFIRSTB,IDFC First Bank,EQ,CASH,EQ,INE092T01019,,,,,1,0.01,,,1,1,IDFCFIRSTB-EQ,1
NSE,489,ICEMAKE,NSE-ICEMAKE,Ice Make Refrig,EQ,CASH,EQ,INE520Y01019,,,,,1,0.05,,,1,1,ICEMAKE-EQ,0
NSE,14366,IDEA,NSE-IDEA,Vodafone Idea,EQ,CASH,EQ,INE669E01016,,,,,1,0.01,,,1,1,IDEA-EQ,1
NSE,7672,IMAGICAA,NSE-IMAGICAA,Imagicaaworld,EQ,CASH,EQ,INE172N01012,,,,,1,0.01,,,1,1,IMAGICAA-EQ,1
NSE,220,IEX,NSE-IEX,IEX,EQ,CASH,EQ,INE022Q01020,,,,,1,0.01,,,1,1,IEX-EQ,1
NSE,11796,HPIL,NSE-HPIL,Hindprakash Inds,EQ,CASH,EQ,INE05X901010,,,,,1,0.01,,,1,1,HPIL-EQ,0
NSE,14203,HUBTOWN,NSE-HUBTOWN,Hubtown,EQ,CASH,EQ,INE703H01016,,,,,1,0.01,,,1,1,HUBTOWN-EQ,1
NSE,14086,IGPL,NSE-IGPL,IGPL,EQ,CASH,EQ,INE204A01010,,,,,1,0.05,,,1,1,IGPL-EQ,1
NSE,12173,HNDFDS,NSE-HNDFDS,Hindustan Foods,EQ,CASH,EQ,INE254N01026,,,,,1,0.05,,,1,1,HNDFDS-EQ,1
NSE,19525,IITL,NSE-IITL,Industrial Invest,EQ,CASH,EQ,INE886A01014,,,,,1,0.01,,,1,1,IITL-EQ,0
NSE,762717,INDPRUD,NSE-INDPRUD,Ind & Prud Invest,EQ,CASH,EQ,INE620D01011,,,,,1,0.5,,,1,1,INDPRUD-EQ,0
NSE,10993,INDORAMA,NSE-INDORAMA,Indo Rama Synthetics,EQ,CASH,EQ,INE156A01020,,,,,1,0.01,,,1,1,INDORAMA-EQ,0
NSE,1675,ITI,NSE-ITI,ITI,EQ,CASH,EQ,INE248A01017,,,,,1,0.05,,,1,1,ITI-EQ,1
NSE,1633,IPCALAB,NSE-IPCALAB,Ipca Laboratories,EQ,CASH,EQ,INE571A01038,,,,,1,0.1,,,1,1,IPCALAB-EQ,1
NSE,3329,ISGEC,NSE-ISGEC,ISGEC Heavy Engg,EQ,CASH,EQ,INE858B01029,,,,,1,0.05,,,1,1,ISGEC-EQ,1
NSE,2048,INDIGOPNTS,NSE-INDIGOPNTS,Indigo Paints,EQ,CASH,EQ,INE09VQ01012,,,,,1,0.05,,,1,1,INDIGOPNTS-EQ,1
NSE,20071,INTENTECH,NSE-INTENTECH,Intense Tech,EQ,CASH,EQ,INE781A01025,,,,,1,0.01,,,1,1,INTENTECH-EQ,0
NSE,5258,INDUSINDBK,NSE-INDUSINDBK,IndusInd Bank,EQ,CASH,EQ,INE095A01012,,,,,1,0.05,,,1,1,INDUSINDBK-EQ,1
NSE,6489,IRIS,NSE-IRIS,IRIS RegTech Solut.,EQ,CASH,EQ,INE864K01010,,,,,1,0.05,,,1,1,IRIS-EQ,0
NSE,20413,IOLCP,NSE-IOLCP,IOLCP,EQ,CASH,EQ,INE485C01029,,,,,1,0.01,,,1,1,IOLCP-EQ,1
NSE,25503,INDOUS,NSE-INDOUS,Indo US Bio-Tech,EQ,CASH,EQ,INE250Z01010,,,,,1,0.01,,,1,1,INDOUS-EQ,0
NSE,1594,INFY,NSE-INFY,Infosys,EQ,CASH,EQ,INE009A01021,,,,,1,0.1,,,1,1,INFY-EQ,1
NSE,9348,IOB,NSE-IOB,Indian Overseas Bank,EQ,CASH,EQ,INE565A01014,,,,,1,0.01,,,1,1,IOB-EQ,1
NSE,14309,INDIANB,NSE-INDIANB,Indian Bank,EQ,CASH,EQ,INE562A01011,,,,,1,0.05,,,1,1,INDIANB-EQ,1
NSE,30249,ISHANCH,NSE-ISHANCH,Ishan Dyes and Chem.,EQ,CASH,EQ,INE561M01018,,,,,1,0.01,,,1,1,ISHANCH-EQ,0
NSE,21062,INNOVACAP,NSE-INNOVACAP,Innova Captab,EQ,CASH,EQ,INE0DUT01020,,,,,1,0.05,,,1,1,INNOVACAP-EQ,1
NSE,1530,INDIANHUME,NSE-INDIANHUME,Indian Hume Pipe,EQ,CASH,EQ,INE323C01030,,,,,1,0.05,,,1,1,INDIANHUME-EQ,1
NSE,6711,IVC,NSE-IVC,IL&FS Investment,EQ,CASH,EQ,INE050B01023,,,,,1,0.01,,,1,1,IVC-EQ,0
NSE,27754,INNOVANA,NSE-INNOVANA,Innovana Thinklabs,EQ,CASH,EQ,INE403Y01018,,,,,1,0.05,,,1,1,INNOVANA-EQ,0
NSE,25608,INDOTHAI,NSE-INDOTHAI,Indo Thai Secs,EQ,CASH,EQ,INE337M01021,,,,,1,0.01,,,1,1,INDOTHAI-EQ,1
NSE,7852,INOXWIND,NSE-INOXWIND,INOX Wind,EQ,CASH,EQ,INE066P01011,,,,,1,0.01,,,1,1,INOXWIND-EQ,1
NSE,19597,IRMENERGY,NSE-IRMENERGY,IRM Energy,EQ,CASH,EQ,INE07U701015,,,,,1,0.05,,,1,1,IRMENERGY-EQ,1
NSE,8614,INDOBORAX,NSE-INDOBORAX,Indo Borax,EQ,CASH,EQ,INE803D01021,,,,,1,0.05,,,1,1,INDOBORAX-EQ,1
NSE,24870,INVENTURE,NSE-INVENTURE,Inventure Growth,EQ,CASH,EQ,INE878H01024,,,,,1,0.01,,,1,1,INVENTURE-EQ,0
NSE,3088,INDOSTAR,NSE-INDOSTAR,IndoStar Capital,EQ,CASH,EQ,INE896L01010,,,,,1,0.01,,,1,1,INDOSTAR-EQ,1
NSE,11195,INDIGO,NSE-INDIGO,Interglobe Aviation,EQ,CASH,EQ,INE646L01027,,,,,1,0.1,,,1,1,INDIGO-EQ,1
NSE,4751,INDRAMEDCO,NSE-INDRAMEDCO,Indrapras Med Corp,EQ,CASH,EQ,INE681B01017,,,,,1,0.05,,,1,1,INDRAMEDCO-EQ,1
NSE,4934,IPL,NSE-IPL,India Pesticides,EQ,CASH,EQ,INE0D6701023,,,,,1,0.01,,,1,1,IPL-EQ,1
NSE,18479,ISFT,NSE-ISFT,Intrasoft Tech,EQ,CASH,EQ,INE566K01011,,,,,1,0.01,,,1,1,ISFT-EQ,0
NSE,4422,INDIANCARD,NSE-INDIANCARD,Indian Card Cloth,EQ,CASH,EQ,INE061A01014,,,,,1,0.01,,,1,1,INDIANCARD-EQ,0
NSE,1660,ITC,NSE-ITC,ITC,EQ,CASH,EQ,INE154A01025,,,,,1,0.05,,,1,1,ITC-EQ,1
NSE,24909,INTERARCH,NSE-INTERARCH,Interarch Building,EQ,CASH,EQ,INE00M901018,,,,,1,0.1,,,1,1,INTERARCH-EQ,1
NSE,4870,INDSWFTLAB,NSE-INDSWFTLAB,Ind-Swift Labs,EQ,CASH,EQ,INE915B01019,,,,,1,0.01,,,1,1,INDSWFTLAB-EQ,1
NSE,761528,INNOVISION,NSE-INNOVISION,Innovision,EQ,CASH,EQ,INE0ADB01012,,,,,1,0.05,,,1,1,INNOVISION-EQ,1
NSE,9116,INDOAMIN,NSE-INDOAMIN,Indo Amines,EQ,CASH,EQ,INE760F01028,,,,,1,0.01,,,1,1,INDOAMIN-EQ,1
NSE,13693,INFOMEDIA,NSE-INFOMEDIA,Infomedia Press,EQ,CASH,EQ,INE669A01022,,,,,1,0.01,,,1,1,INFOMEDIA-EQ,0
NSE,5606,INTLCONV,NSE-INTLCONV,Intl Conveyors,EQ,CASH,EQ,INE575C01027,,,,,1,0.01,,,1,1,INTLCONV-EQ,0
NSE,1681,IVP,NSE-IVP,IVP,EQ,CASH,EQ,INE043C01018,,,,,1,0.01,,,1,1,IVP-EQ,0
NSE,14657,INSECTICID,NSE-INSECTICID,Insecticides India,EQ,CASH,EQ,INE070I01018,,,,,1,0.05,,,1,1,INSECTICID-EQ,1
NSE,757845,INDIQUBE,NSE-INDIQUBE,Indiqube Spaces,EQ,CASH,EQ,INE06ST01018,,,,,1,0.01,,,1,1,INDIQUBE-EQ,0
NSE,29135,INDUSTOWER,NSE-INDUSTOWER,Indus Towers,EQ,CASH,EQ,INE121J01017,,,,,1,0.05,,,1,1,INDUSTOWER-EQ,1
NSE,5926,INTELLECT,NSE-INTELLECT,Intellect Design,EQ,CASH,EQ,INE306R01017,,,,,1,0.05,,,1,1,INTELLECT-EQ,1
NSE,1624,IOC,NSE-IOC,IOCL,EQ,CASH,EQ,INE242A01010,,,,,1,0.01,,,1,1,IOC-EQ,1
NSE,4986,IRCON,NSE-IRCON,Ircon International,EQ,CASH,EQ,INE962Y01021,,,,,1,0.01,,,1,1,IRCON-EQ,1
NSE,19299,ITDC,NSE-ITDC,ITDC,EQ,CASH,EQ,INE353K01014,,,,,1,0.05,,,1,1,ITDC-EQ,1
NSE,4747,INDNIPPON,NSE-INDNIPPON,India Nippon Elec,EQ,CASH,EQ,INE092B01025,,,,,1,0.05,,,1,1,INDNIPPON-EQ,1
NSE,2029,IRFC,NSE-IRFC,IRFC,EQ,CASH,EQ,INE053F01010,,,,,1,0.01,,,1,1,IRFC-EQ,1
NSE,12188,INOXGREEN,NSE-INOXGREEN,Inox Green Energy Se,EQ,CASH,EQ,INE510W01014,,,,,1,0.01,,,1,1,INOXGREEN-EQ,1
NSE,29251,ITCHOTELS,NSE-ITCHOTELS,ITC Hotels,EQ,CASH,EQ,INE379A01028,,,,,1,0.01,,,1,1,ITCHOTELS-EQ,1
NSE,20261,IREDA,NSE-IREDA,Indian Ren. Energy,EQ,CASH,EQ,INE202E01016,,,,,1,0.01,,,1,1,IREDA-EQ,1
NSE,11677,INDOCO,NSE-INDOCO,Indoco Remedies,EQ,CASH,EQ,INE873D01024,,,,,1,0.01,,,1,1,INDOCO-EQ,1
NSE,13611,IRCTC,NSE-IRCTC,IRCTC,EQ,CASH,EQ,INE335Y01020,,,,,1,0.05,,,1,1,IRCTC-EQ,1
NSE,1597,INGERRAND,NSE-INGERRAND,Ingersoll Rand,EQ,CASH,EQ,INE177A01018,,,,,1,0.1,,,1,1,INGERRAND-EQ,1
NSE,21957,INDTERRAIN,NSE-INDTERRAIN,Indian Terrain,EQ,CASH,EQ,INE611L01021,,,,,1,0.01,,,1,1,INDTERRAIN-EQ,0
NSE,762722,INVPRECQ,NSE-INVPRECQ,IPCL,EQ,CASH,EQ,INE155E01016,,,,,1,0.05,,,1,1,INVPRECQ-EQ,0
NSE,2275,IRISDOREME,NSE-IRISDOREME,Iris Clothings,EQ,CASH,EQ,INE01GN01025,,,,,1,0.01,,,1,1,IRISDOREME-EQ,0
NSE,11027,INFOBEAN,NSE-INFOBEAN,Infobeans Tech.,EQ,CASH,EQ,INE344S01016,,,,,1,0.01,,,1,1,INFOBEAN-EQ,1
NSE,759041,IVALUE,NSE-IVALUE,Ivalue Infosolutions,EQ,CASH,EQ,INE056801025,,,,,1,0.01,,,1,1,IVALUE-EQ,1
NSE,1630,IONEXCHANG,NSE-IONEXCHANG,Ion Exchange,EQ,CASH,EQ,INE570A01022,,,,,1,0.05,,,1,1,IONEXCHANG-EQ,1
NSE,15313,IRB,NSE-IRB,IRB Infra Devs,EQ,CASH,EQ,INE821I01022,,,,,1,0.01,,,1,1,IRB-EQ,1
NSE,29025,INDOFARM,NSE-INDOFARM,Indo Farm Equipment,EQ,CASH,EQ,INE622H01018,,,,,1,0.01,,,1,1,INDOFARM-EQ,1
NSE,20556,INDIASHLTR,NSE-INDIASHLTR,India Shelter Fin.,EQ,CASH,EQ,INE922K01024,,,,,1,0.05,,,1,1,INDIASHLTR-EQ,1
NSE,20607,INOXINDIA,NSE-INOXINDIA,Inox India,EQ,CASH,EQ,INE616N01034,,,,,1,0.1,,,1,1,INOXINDIA-EQ,1
NSE,2783,JUBLINGREA,NSE-JUBLINGREA,Jubilant Ingrevia,EQ,CASH,EQ,INE0BY001018,,,,,1,0.05,,,1,1,JUBLINGREA-EQ,1
NSE,759244,JAINREC,NSE-JAINREC,Jain Resource Recycl,EQ,CASH,EQ,INE0YD401026,,,,,1,0.05,,,1,1,JAINREC-EQ,1
NSE,19691,JITFINFRA,NSE-JITFINFRA,JITF Infra,EQ,CASH,EQ,INE863T01013,,,,,1,0.05,,,1,1,JITFINFRA-EQ,0
NSE,2955,KALYANKJIL,NSE-KALYANKJIL,Kalyan Jewellers,EQ,CASH,EQ,INE303R01014,,,,,1,0.05,,,1,1,KALYANKJIL-EQ,1
NSE,14435,JKTYRE,NSE-JKTYRE,JK Tyre & Industries,EQ,CASH,EQ,INE573A01042,,,,,1,0.05,,,1,1,JKTYRE-EQ,1
NSE,24067,IXIGO,NSE-IXIGO,Le Travenues Techno,EQ,CASH,EQ,INE0HV901016,,,,,1,0.01,,,1,1,IXIGO-EQ,1
NSE,13270,JKCEMENT,NSE-JKCEMENT,JK Cement,EQ,CASH,EQ,INE823G01014,,,,,1,0.5,,,1,1,JKCEMENT-EQ,1
NSE,1720,JAYSREETEA,NSE-JAYSREETEA,Jay Shree Tea,EQ,CASH,EQ,INE364A01020,,,,,1,0.01,,,1,1,JAYSREETEA-EQ,0
NSE,758460,JSWCEMENT,NSE-JSWCEMENT,JSW Cement,EQ,CASH,EQ,INE718I01012,,,,,1,0.01,,,1,1,JSWCEMENT-EQ,1
NSE,18143,JIOFIN,NSE-JIOFIN,JIO Financial Serv.,EQ,CASH,EQ,INE758E01017,,,,,1,0.01,,,1,1,JIOFIN-EQ,1
NSE,31507,JPOLYINVST,NSE-JPOLYINVST,Jindal Poly Invst,EQ,CASH,EQ,INE147P01019,,,,,1,0.1,,,1,1,JPOLYINVST-EQ,0
NSE,13637,JMFINANCIL,NSE-JMFINANCIL,JM Financial,EQ,CASH,EQ,INE780C01023,,,,,1,0.01,,,1,1,JMFINANCIL-EQ,1
NSE,18967,KAPSTON,NSE-KAPSTON,Kapston Services,EQ,CASH,EQ,INE542Z01028,,,,,1,0.05,,,1,1,KAPSTON-EQ,0
NSE,1756,JINDALPOLY,NSE-JINDALPOLY,Jindal Poly Films,EQ,CASH,EQ,INE197D01010,,,,,1,0.05,,,1,1,JINDALPOLY-EQ,0
NSE,13814,KAMOPAINTS,NSE-KAMOPAINTS,Kamdhenu Ventures,EQ,CASH,EQ,INE0BTI01037,,,,,1,0.01,,,1,1,KAMOPAINTS-EQ,0
NSE,17869,JSWENERGY,NSE-JSWENERGY,JSW Energy,EQ,CASH,EQ,INE121E01018,,,,,1,0.05,,,1,1,JSWENERGY-EQ,1
NSE,13875,JINDRILL,NSE-JINDRILL,Jindal Drilling,EQ,CASH,EQ,INE742C01031,,,,,1,0.05,,,1,1,JINDRILL-EQ,1
NSE,1802,JYOTISTRUC,NSE-JYOTISTRUC,Jyoti Structures,EQ,CASH,EQ,INE197A01024,,,,,1,0.01,,,1,1,JYOTISTRUC-EQ,1
NSE,7287,JTLIND,NSE-JTLIND,JTL Industries,EQ,CASH,EQ,INE391J01032,,,,,1,0.01,,,1,1,JTLIND-EQ,1
NSE,11743,JINDALPHOT,NSE-JINDALPHOT,Jindal Photo,EQ,CASH,EQ,INE796G01012,,,,,1,0.1,,,1,1,JINDALPHOT-EQ,0
NSE,18096,JUBLFOOD,NSE-JUBLFOOD,Jubilant Foodworks,EQ,CASH,EQ,INE797F01020,,,,,1,0.05,,,1,1,JUBLFOOD-EQ,1
NSE,5633,J&KBANK,NSE-J&KBANK,Jammu & Kashmir Bank,EQ,CASH,EQ,INE168A01041,,,,,1,0.01,,,1,1,J&KBANK-EQ,1
NSE,18553,JLHL,NSE-JLHL,Jupiter Life Line,EQ,CASH,EQ,INE682M01012,,,,,1,0.1,,,1,1,JLHL-EQ,1
NSE,15266,JKIL,NSE-JKIL,J Kumar Infra,EQ,CASH,EQ,INE576I01022,,,,,1,0.05,,,1,1,JKIL-EQ,1
NSE,759951,JARO,NSE-JARO,Jaro Inst. of Tech&R,EQ,CASH,EQ,INE00YJ01010,,,,,1,0.05,,,1,1,JARO-EQ,1
NSE,3237,JTEKTINDIA,NSE-JTEKTINDIA,JTEKT India,EQ,CASH,EQ,INE643A01035,,,,,1,0.01,,,1,1,JTEKTINDIA-EQ,1
NSE,10397,JISLJALEQS,NSE-JISLJALEQS,Jain Irrigation Sys,EQ,CASH,EQ,INE175A01038,,,,,1,0.01,,,1,1,JISLJALEQS-EQ,1
NSE,1726,JBCHEPHARM,NSE-JBCHEPHARM,JB Chem & Pharma,EQ,CASH,EQ,INE572A01036,,,,,1,0.1,,,1,1,JBCHEPHARM-EQ,1
NSE,3024,JINDALSAW,NSE-JINDALSAW,Jindal SAW,EQ,CASH,EQ,INE324A01032,,,,,1,0.01,,,1,1,JINDALSAW-EQ,1
NSE,1708,JAYBARMARU,NSE-JAYBARMARU,Jay Bharat Maruti,EQ,CASH,EQ,INE571B01036,,,,,1,0.01,,,1,1,JAYBARMARU-EQ,1
NSE,11723,JSWSTEEL,NSE-JSWSTEEL,JSW Steel,EQ,CASH,EQ,INE019A01038,,,,,1,0.1,,,1,1,JSWSTEEL-EQ,1
NSE,2331,JAYNECOIND,NSE-JAYNECOIND,Jayaswal Neco Inds,EQ,CASH,EQ,INE854B01010,,,,,1,0.01,,,1,1,JAYNECOIND-EQ,1
NSE,25684,JISLDVREQS,NSE-JISLDVREQS,Jain Irrigation - DVR,EQ,CASH,EQ,IN9175A01010,,,,,1,0.01,,,1,1,JISLDVREQS-EQ,0
NSE,13211,JAGRAN,NSE-JAGRAN,Jagran Prakashan,EQ,CASH,EQ,INE199G01027,,,,,1,0.01,,,1,1,JAGRAN-EQ,1
NSE,25786,KANANIIND,NSE-KANANIIND,Kanani Industries,EQ,CASH,EQ,INE879E01037,,,,,1,0.01,,,1,1,KANANIIND-EQ,0
NSE,13982,JASH,NSE-JASH,Jash Engineering,EQ,CASH,EQ,INE039O01029,,,,,1,0.05,,,1,1,JASH-EQ,1
NSE,6733,JINDALSTEL,NSE-JINDALSTEL,Jindal Steel,EQ,CASH,EQ,INE749A01030,,,,,1,0.1,,,1,1,JINDALSTEL-EQ,1
NSE,15146,JYOTHYLAB,NSE-JYOTHYLAB,Jyothy Labs,EQ,CASH,EQ,INE668F01031,,,,,1,0.01,,,1,1,JYOTHYLAB-EQ,1
NSE,11236,JSL,NSE-JSL,Jindal Stainless,EQ,CASH,EQ,INE220G01021,,,,,1,0.05,,,1,1,JSL-EQ,1
NSE,13491,JKLAKSHMI,NSE-JKLAKSHMI,JK Lakshmi Cement,EQ,CASH,EQ,INE786A01032,,,,,1,0.05,,,1,1,JKLAKSHMI-EQ,1
NSE,13457,KAMDHENU,NSE-KAMDHENU,Kamdhenu,EQ,CASH,EQ,INE390H01020,,,,,1,0.01,,,1,1,KAMDHENU-EQ,1
NSE,1808,KAJARIACER,NSE-KAJARIACER,Kajaria Ceramics,EQ,CASH,EQ,INE217B01036,,,,,1,0.1,,,1,1,KAJARIACER-EQ,1
NSE,11860,JKPAPER,NSE-JKPAPER,JK Paper,EQ,CASH,EQ,INE789E01012,,,,,1,0.05,,,1,1,JKPAPER-EQ,1
NSE,1782,KANPRPLA,NSE-KANPRPLA,Kanpur Plastipack,EQ,CASH,EQ,INE694E01014,,,,,1,0.01,,,1,1,KANPRPLA-EQ,0
NSE,23056,JGCHEM,NSE-JGCHEM,JG Chemicals,EQ,CASH,EQ,INE0MB501011,,,,,1,0.05,,,1,1,JGCHEM-EQ,1
NSE,19020,JSWINFRA,NSE-JSWINFRA,JSW Infrastructure,EQ,CASH,EQ,INE880J01026,,,,,1,0.05,,,1,1,JSWINFRA-EQ,1
NSE,20778,JAMNAAUTO,NSE-JAMNAAUTO,Jamna Auto Inds,EQ,CASH,EQ,INE039C01032,,,,,1,0.01,,,1,1,JAMNAAUTO-EQ,1
NSE,1196,KANSAINER,NSE-KANSAINER,Kansai Nerolac,EQ,CASH,EQ,INE531A01024,,,,,1,0.01,,,1,1,KANSAINER-EQ,1
NSE,762732,KAMAHOLD,NSE-KAMAHOLD,Kama Holdings,EQ,CASH,EQ,INE411F01010,,,,,1,0.1,,,1,1,KAMAHOLD-EQ,1
NSE,22663,JSFB,NSE-JSFB,Jana Small Fin. Bank,EQ,CASH,EQ,INE953L01027,,,,,1,0.05,,,1,1,JSFB-EQ,1
NSE,7211,JETFREIGHT,NSE-JETFREIGHT,Jet Freight Logistic,EQ,CASH,EQ,INE982V01025,,,,,1,0.01,,,1,1,JETFREIGHT-EQ,0
NSE,1826,KAMATHOTEL,NSE-KAMATHOTEL,Kamat Hotels,EQ,CASH,EQ,INE967C01018,,,,,1,0.01,,,1,1,KAMATHOTEL-EQ,1
NSE,20224,JWL,NSE-JWL,Jupiter Wagons,EQ,CASH,EQ,INE209L01016,,,,,1,0.05,,,1,1,JWL-EQ,1
NSE,11763,JPPOWER,NSE-JPPOWER,Jaiprakash Power,EQ,CASH,EQ,INE351F01018,,,,,1,0.01,,,1,1,JPPOWER-EQ,1
NSE,758558,KALPATARU,NSE-KALPATARU,Kalpataru,EQ,CASH,EQ,INE227J01012,,,,,1,0.05,,,1,1,KALPATARU-EQ,1
NSE,23621,JNKINDIA,NSE-JNKINDIA,JNK India,EQ,CASH,EQ,INE0OAF01028,,,,,1,0.05,,,1,1,JNKINDIA-EQ,1
NSE,14174,IZMO,NSE-IZMO,Izmo,EQ,CASH,EQ,INE848A01014,,,,,1,0.05,,,1,1,IZMO-EQ,0
NSE,29962,JUSTDIAL,NSE-JUSTDIAL,Just Dial,EQ,CASH,EQ,INE599M01018,,,,,1,0.05,,,1,1,JUSTDIAL-EQ,1
NSE,1467,JSWDULUX,NSE-JSWDULUX,JSW Dulux,EQ,CASH,EQ,INE133A01011,,,,,1,0.1,,,1,1,JSWDULUX-EQ,1
NSE,1805,KABRAEXTRU,NSE-KABRAEXTRU,Kabra Extrus.technik,EQ,CASH,EQ,INE900B01029,,,,,1,0.01,,,1,1,KABRAEXTRU-EQ,0
NSE,11655,JBMA,NSE-JBMA,JBM Auto,EQ,CASH,EQ,INE927D01051,,,,,1,0.05,,,1,1,JBMA-EQ,1
NSE,13720,JHS,NSE-JHS,JHS Svendgaard Lab,EQ,CASH,EQ,INE544H01014,,,,,1,0.01,,,1,1,JHS-EQ,0
NSE,760073,JAYKAY,NSE-JAYKAY,Jaykay Enterprises,EQ,CASH,EQ,INE903A01025,,,,,1,0.01,,,1,1,JAYKAY-EQ,1
NSE,15156,KALYANIFRG,NSE-KALYANIFRG,Kalyani Forge,EQ,CASH,EQ,INE314G01014,,,,,1,0.05,,,1,1,KALYANIFRG-EQ,0
NSE,3637,JUBLPHARMA,NSE-JUBLPHARMA,Jubilant Pharmova,EQ,CASH,EQ,INE700A01033,,,,,1,0.05,,,1,1,JUBLPHARMA-EQ,1
NSE,7109,JMA,NSE-JMA,Jullundur Motor,EQ,CASH,EQ,INE412C01023,,,,,1,0.01,,,1,1,JMA-EQ,0
NSE,4410,JAGSNPHARM,NSE-JAGSNPHARM,Jagson Pal Pharma,EQ,CASH,EQ,INE048B01035,,,,,1,0.01,,,1,1,JAGSNPHARM-EQ,1
NSE,11880,JSWHL,NSE-JSWHL,JSW Holdings,EQ,CASH,EQ,INE824G01012,,,,,1,1.0,,,1,1,JSWHL-EQ,0
NSE,4041,JAYAGROGN,NSE-JAYAGROGN,Jayant Agro-Organics,EQ,CASH,EQ,INE785A01026,,,,,1,0.01,,,1,1,JAYAGROGN-EQ,0
NSE,22824,JUNIPER,NSE-JUNIPER,Juniper Hotels,EQ,CASH,EQ,INE696F01016,,,,,1,0.01,,,1,1,JUNIPER-EQ,1
NSE,758115,JSLL,NSE-JSLL,Jeena Sikho Life,EQ,CASH,EQ,INE0J5801029,,,,,1,0.05,,,1,1,JSLL-EQ,1
NSE,20642,JINDWORLD,NSE-JINDWORLD,Jindal Worldwide,EQ,CASH,EQ,INE247D01039,,,,,1,0.01,,,1,1,JINDWORLD-EQ,1
NSE,5143,JAICORPLTD,NSE-JAICORPLTD,Jai Corp,EQ,CASH,EQ,INE070D01027,,,,,1,0.01,,,1,1,JAICORPLTD-EQ,1
NSE,29590,JUBLCPL,NSE-JUBLCPL,Jubilant Agri & Con.,EQ,CASH,EQ,INE03CC01015,,,,,1,0.1,,,1,1,JUBLCPL-EQ,1
NSE,762727,IWP,NSE-IWP,Indian Wood Prods,EQ,CASH,EQ,INE586E01020,,,,,1,0.01,,,1,1,IWP-EQ,0
NSE,5516,JAIPURKURT,NSE-JAIPURKURT,Nandani Creation,EQ,CASH,EQ,INE696V01013,,,,,1,0.01,,,1,1,JAIPURKURT-EQ,0
NSE,21334,JYOTICNC,NSE-JYOTICNC,Jyoti CNC Automation,EQ,CASH,EQ,INE980O01024,,,,,1,0.05,,,1,1,JYOTICNC-EQ,1
NSE,18755,KALAMANDIR,NSE-KALAMANDIR,Sai Silks (Kalaman),EQ,CASH,EQ,INE438K01021,,,,,1,0.01,,,1,1,KALAMANDIR-EQ,1
NSE,5108,KPIGREEN,NSE-KPIGREEN,KPI Green Energy,EQ,CASH,EQ,INE542W01025,,,,,1,0.05,,,1,1,KPIGREEN-EQ,1
NSE,14908,KDDL,NSE-KDDL,KDDL,EQ,CASH,EQ,INE291D01011,,,,,1,0.1,,,1,1,KDDL-EQ,1
NSE,761192,KRISHNADEF,NSE-KRISHNADEF,Krishna Defence,EQ,CASH,EQ,INE0J5601015,,,,,1,0.1,,,1,1,KRISHNADEF-EQ,0
NSE,11841,KENNAMET,NSE-KENNAMET,Kennametal,EQ,CASH,EQ,INE717A01029,,,,,1,0.1,,,1,1,KENNAMET-EQ,1
NSE,16827,KOKUYOCMLN,NSE-KOKUYOCMLN,Kokuyo Camlin,EQ,CASH,EQ,INE760A01029,,,,,1,0.01,,,1,1,KOKUYOCMLN-EQ,0
NSE,13430,KELLTONTEC,NSE-KELLTONTEC,Kellton Tech Soln,EQ,CASH,EQ,INE164B01030,,,,,1,0.01,,,1,1,KELLTONTEC-EQ,1
NSE,4594,KOTHARIPET,NSE-KOTHARIPET,Kothari Petrochem,EQ,CASH,EQ,INE720A01015,,,,,1,0.01,,,1,1,KOTHARIPET-EQ,0
NSE,3009,KOHINOOR,NSE-KOHINOOR,Kohinoor Foods,EQ,CASH,EQ,INE080B01012,,,,,1,0.01,,,1,1,KOHINOOR-EQ,0
NSE,11060,KSOLVES,NSE-KSOLVES,Ksolves India,EQ,CASH,EQ,INE0D6I01023,,,,,1,0.05,,,1,1,KSOLVES-EQ,1
NSE,763294,KISSHT,NSE-KISSHT,OnEMI Technology,EQ,CASH,EQ,INE12F801023,,,,,1,0.05,,,1,1,KISSHT-EQ,1
NSE,5359,KRSNAA,NSE-KRSNAA,Krsnaa,EQ,CASH,EQ,INE08LI01020,,,,,1,0.05,,,1,1,KRSNAA-EQ,1
NSE,21119,KICL,NSE-KICL,KICL,EQ,CASH,EQ,INE029L01018,,,,,1,0.5,,,1,1,KICL-EQ,1
NSE,9288,KRITIKA,NSE-KRITIKA,Kritika Wires,EQ,CASH,EQ,INE00Z501029,,,,,1,0.01,,,1,1,KRITIKA-EQ,0
NSE,778,KEEPLEARN,NSE-KEEPLEARN,DSJ Communications,EQ,CASH,EQ,INE055C01020,,,,,1,0.01,,,1,1,KEEPLEARN-EQ,0
NSE,10577,KRBL,NSE-KRBL,KRBL,EQ,CASH,EQ,INE001B01026,,,,,1,0.05,,,1,1,KRBL-EQ,1
NSE,760923,KNAGRI,NSE-KNAGRI,KN Agri Resources,EQ,CASH,EQ,INE0KNW01016,,,,,1,0.01,,,1,1,KNAGRI-EQ,0
NSE,762757,KPL,NSE-KPL,Kwality Pharma,EQ,CASH,EQ,INE552U01010,,,,,1,0.1,,,1,1,KPL-EQ,1
NSE,13260,KEC,NSE-KEC,KEC International,EQ,CASH,EQ,INE389H01022,,,,,1,0.05,,,1,1,KEC-EQ,1
NSE,15124,KOLTEPATIL,NSE-KOLTEPATIL,Kolte-Patil Develop.,EQ,CASH,EQ,INE094I01018,,,,,1,0.05,,,1,1,KOLTEPATIL-EQ,1
NSE,13121,KERNEX,NSE-KERNEX,Kernex Microsystem,EQ,CASH,EQ,INE202H01019,,,,,1,0.1,,,1,1,KERNEX-EQ,1
NSE,19126,KIOCL,NSE-KIOCL,KIOCL,EQ,CASH,EQ,INE880L01014,,,,,1,0.05,,,1,1,KIOCL-EQ,1
NSE,15283,KNRCON,NSE-KNRCON,KNR Constructions,EQ,CASH,EQ,INE634I01029,,,,,1,0.01,,,1,1,KNRCON-EQ,1
NSE,4809,KCPSUGIND,NSE-KCPSUGIND,KCP Sugar & Inds,EQ,CASH,EQ,INE790B01024,,,,,1,0.01,,,1,1,KCPSUGIND-EQ,0
NSE,5192,KOVAI,NSE-KOVAI,Kovai Medical Center,EQ,CASH,EQ,INE177F01017,,,,,1,0.5,,,1,1,KOVAI-EQ,1
NSE,27084,KMEW,NSE-KMEW,Knowledge Marine,EQ,CASH,EQ,INE0CJD01029,,,,,1,0.1,,,1,1,KMEW-EQ,1
NSE,14667,KMSUGAR,NSE-KMSUGAR,KM Sugar Mills,EQ,CASH,EQ,INE157H01023,,,,,1,0.01,,,1,1,KMSUGAR-EQ,0
NSE,11647,KOTARISUG,NSE-KOTARISUG,Kothari Sugars,EQ,CASH,EQ,INE419A01022,,,,,1,0.01,,,1,1,KOTARISUG-EQ,0
NSE,15180,KIRLPNU,NSE-KIRLPNU,Kirloskar Pneumatic,EQ,CASH,EQ,INE811A01020,,,,,1,0.1,,,1,1,KIRLPNU-EQ,1
NSE,19025,KIRLOSIND,NSE-KIRLOSIND,Kirloskar Industries,EQ,CASH,EQ,INE250A01039,,,,,1,0.1,,,1,1,KIRLOSIND-EQ,1
NSE,18944,KINGFA,NSE-KINGFA,Kingfa Science,EQ,CASH,EQ,INE473D01015,,,,,1,0.5,,,1,1,KINGFA-EQ,1
NSE,25252,KROSS,NSE-KROSS,Kross,EQ,CASH,EQ,INE0O6601022,,,,,1,0.01,,,1,1,KROSS-EQ,1
NSE,1814,KPIL,NSE-KPIL,Kalpataru Projects,EQ,CASH,EQ,INE220B01022,,,,,1,0.1,,,1,1,KPIL-EQ,1
NSE,762747,KLBRENG-B,NSE-KLBRENG-B,Kilburn Eng,EQ,CASH,EQ,INE338F01015,,,,,1,0.05,,,1,1,KLBRENG-B-EQ,1
NSE,15136,KAUSHALYA,NSE-KAUSHALYA,Kaushalya Infra,EQ,CASH,EQ,INE234I01028,,,,,1,0.05,,,1,1,KAUSHALYA-EQ,0
NSE,762742,KIRANVYPAR,NSE-KIRANVYPAR,Kiran Vyapar,EQ,CASH,EQ,INE555P01013,,,,,1,0.01,,,1,1,KIRANVYPAR-EQ,0
NSE,761335,KOTYARK,NSE-KOTYARK,Kotyark Industries,EQ,CASH,EQ,INE0J0B01017,,,,,1,0.05,,,1,1,KOTYARK-EQ,0
NSE,18581,KIRLOSBROS,NSE-KIRLOSBROS,Kirloskar Brothers,EQ,CASH,EQ,INE732A01036,,,,,1,0.1,,,1,1,KIRLOSBROS-EQ,1
NSE,12092,KAYNES,NSE-KAYNES,Kaynes Technology,EQ,CASH,EQ,INE918Z01012,,,,,1,0.1,,,1,1,KAYNES-EQ,1
NSE,20936,KIRLOSENG,NSE-KIRLOSENG,Kirloskar Oil Engines,EQ,CASH,EQ,INE146L01010,,,,,1,0.1,,,1,1,KIRLOSENG-EQ,1
NSE,1841,KCP,NSE-KCP,KCP,EQ,CASH,EQ,INE805C01028,,,,,1,0.01,,,1,1,KCP-EQ,1
NSE,13381,KKCL,NSE-KKCL,Kewal Kiran Clothing,EQ,CASH,EQ,INE401H01017,,,,,1,0.05,,,1,1,KKCL-EQ,0
NSE,1937,KREBSBIO,NSE-KREBSBIO,Krebs Biochem,EQ,CASH,EQ,INE268B01013,,,,,1,0.01,,,1,1,KREBSBIO-EQ,0
NSE,16639,KIRIINDUS,NSE-KIRIINDUS,Kiri Industries,EQ,CASH,EQ,INE415I01015,,,,,1,0.05,,,1,1,KIRIINDUS-EQ,1
NSE,5528,KOTHARIPRO,NSE-KOTHARIPRO,Kothari Products,EQ,CASH,EQ,INE823A01017,,,,,1,0.01,,,1,1,KOTHARIPRO-EQ,0
NSE,24385,KARMAENG,NSE-KARMAENG,Karma Energy,EQ,CASH,EQ,INE725L01011,,,,,1,0.01,,,1,1,KARMAENG-EQ,0
NSE,18889,KSL,NSE-KSL,Kalyani Steels,EQ,CASH,EQ,INE907A01026,,,,,1,0.05,,,1,1,KSL-EQ,1
NSE,9683,KPITTECH,NSE-KPITTECH,KPIT Tech,EQ,CASH,EQ,INE04I401011,,,,,1,0.05,,,1,1,KPITTECH-EQ,1
NSE,10276,KAYA,NSE-KAYA,Kaya,EQ,CASH,EQ,INE587G01015,,,,,1,0.01,,,1,1,KAYA-EQ,0
NSE,1838,KARURVYSYA,NSE-KARURVYSYA,Karur Vysya Bank,EQ,CASH,EQ,INE036D01028,,,,,1,0.05,,,1,1,KARURVYSYA-EQ,1
NSE,12847,KRISHANA,NSE-KRISHANA,Krishana Phoschem,EQ,CASH,EQ,INE506W01012,,,,,1,0.05,,,1,1,KRISHANA-EQ,0
NSE,24025,KRONOX,NSE-KRONOX,Kronox Lab Sciences,EQ,CASH,EQ,INE0ATZ01017,,,,,1,0.01,,,1,1,KRONOX-EQ,0
NSE,27079,KPEL,NSE-KPEL,KP ENERGY,EQ,CASH,EQ,INE127T01021,,,,,1,0.05,,,1,1,KPEL-EQ,1
NSE,760433,KSHINTL,NSE-KSHINTL,KSH International,EQ,CASH,EQ,INE987S01020,,,,,1,0.05,,,1,1,KSHINTL-EQ,1
NSE,762752,KOTIC,NSE-KOTIC,Kothari Industrial,EQ,CASH,EQ,INE972A01020,,,,,1,0.01,,,1,1,KOTIC-EQ,0
NSE,14466,KIRLFER,NSE-KIRLFER,Kirloskar Ferrous,EQ,CASH,EQ,INE884B01025,,,,,1,0.05,,,1,1,KIRLFER-EQ,1
NSE,425,KHADIM,NSE-KHADIM,Khadim,EQ,CASH,EQ,INE834I01025,,,,,1,0.01,,,1,1,KHADIM-EQ,0
NSE,14972,KSCL,NSE-KSCL,Kaveri Seed Co,EQ,CASH,EQ,INE455I01029,,,,,1,0.05,,,1,1,KSCL-EQ,1
NSE,1922,KOTAKBANK,NSE-KOTAKBANK,Kotak Mahindra Bank,EQ,CASH,EQ,INE237A01036,,,,,1,0.05,,,1,1,KOTAKBANK-EQ,1
NSE,23175,KRYSTAL,NSE-KRYSTAL,Krystal Integrated Services Ltd,EQ,CASH,EQ,INE0QN801017,,,,,1,0.05,,,1,1,KRYSTAL-EQ,1
NSE,13359,KFINTECH,NSE-KFINTECH,KFin Technologies,EQ,CASH,EQ,INE138Y01010,,,,,1,0.05,,,1,1,KFINTECH-EQ,1
NSE,1949,KSB,NSE-KSB,KSB,EQ,CASH,EQ,INE999A01023,,,,,1,0.05,,,1,1,KSB-EQ,1
NSE,9641,KHANDSE,NSE-KHANDSE,Khandwala Securities,EQ,CASH,EQ,INE060B01014,,,,,1,0.01,,,1,1,KHANDSE-EQ,0
NSE,13310,KEI,NSE-KEI,KEI Industries,EQ,CASH,EQ,INE878B01027,,,,,1,0.5,,,1,1,KEI-EQ,1
NSE,756782,KRISHIVAL,NSE-KRISHIVAL,Krishival Foods,EQ,CASH,EQ,INE0GGO01015,,,,,1,0.05,,,1,1,KRISHIVAL-EQ,0
NSE,19937,KILITCH,NSE-KILITCH,Kilitch Drugs,EQ,CASH,EQ,INE729D01010,,,,,1,0.01,,,1,1,KILITCH-EQ,1
NSE,15244,KAVDEFENCE,NSE-KAVDEFENCE,Kavveri Def. Wireles,EQ,CASH,EQ,INE641C01019,,,,,1,0.01,,,1,1,KAVDEFENCE-EQ,0
NSE,14912,KPRMILL,NSE-KPRMILL,K.P.R. Mill,EQ,CASH,EQ,INE930H01031,,,,,1,0.05,,,1,1,KPRMILL-EQ,1
NSE,28899,KITEX,NSE-KITEX,Kitex Garments,EQ,CASH,EQ,INE602G01020,,,,,1,0.01,,,1,1,KITEX-EQ,1
NSE,4847,KIMS,NSE-KIMS,KIMS,EQ,CASH,EQ,INE967H01025,,,,,1,0.05,,,1,1,KIMS-EQ,1
NSE,4157,KEYFINSERV,NSE-KEYFINSERV,Keynote Financial,EQ,CASH,EQ,INE681C01015,,,,,1,0.05,,,1,1,KEYFINSERV-EQ,0
NSE,16807,LOTUSEYE,NSE-LOTUSEYE,Lotus Eye Hosp,EQ,CASH,EQ,INE947I01017,,,,,1,0.01,,,1,1,LOTUSEYE-EQ,0
NSE,17801,LLOYDSENGG,NSE-LLOYDSENGG,Lloyds Engr Works,EQ,CASH,EQ,INE093R01011,,,,,1,0.01,,,1,1,LLOYDSENGG-EQ,1
NSE,11596,LINCOLN,NSE-LINCOLN,Lincoln Pharma,EQ,CASH,EQ,INE405C01035,,,,,1,0.05,,,1,1,LINCOLN-EQ,1
NSE,16863,LPDC,NSE-LPDC,LPDCL,EQ,CASH,EQ,INE197J01017,,,,,1,0.01,,,1,1,LPDC-EQ,0
NSE,6568,LAXMICOT,NSE-LAXMICOT,Laxmi Cotspin,EQ,CASH,EQ,INE801V01019,,,,,1,0.01,,,1,1,LAXMICOT-EQ,0
NSE,11654,LALPATHLAB,NSE-LALPATHLAB,Dr Lal PathLabs,EQ,CASH,EQ,INE600L01024,,,,,1,0.1,,,1,1,LALPATHLAB-EQ,1
NSE,6818,LATENTVIEW,NSE-LATENTVIEW,Latent View,EQ,CASH,EQ,INE0I7C01011,,,,,1,0.05,,,1,1,LATENTVIEW-EQ,1
NSE,25807,LLOYDSENT,NSE-LLOYDSENT,Lloyds enterprises limited,EQ,CASH,EQ,INE080I01025,,,,,1,0.01,,,1,1,LLOYDSENT-EQ,1
NSE,11301,LUXIND,NSE-LUXIND,Lux Industries,EQ,CASH,EQ,INE150G01020,,,,,1,0.1,,,1,1,LUXIND-EQ,0
NSE,13285,M&MFIN,NSE-M&MFIN,Mah & Mah Finl. Serv,EQ,CASH,EQ,INE774D01024,,,,,1,0.05,,,1,1,M&MFIN-EQ,1
NSE,1997,LICHSGFIN,NSE-LICHSGFIN,LIC Housing Finance,EQ,CASH,EQ,INE115A01026,,,,,1,0.05,,,1,1,LICHSGFIN-EQ,1
NSE,14423,LAOPALA,NSE-LAOPALA,La Opala Rg,EQ,CASH,EQ,INE059D01020,,,,,1,0.01,,,1,1,LAOPALA-EQ,1
NSE,6951,LINC,NSE-LINC,Linc,EQ,CASH,EQ,INE802B01027,,,,,1,0.01,,,1,1,LINC-EQ,0
NSE,11082,LIBAS,NSE-LIBAS,Libas Consumer Prods,EQ,CASH,EQ,INE908V01012,,,,,1,0.01,,,1,1,LIBAS-EQ,0
NSE,10440,LUPIN,NSE-LUPIN,Lupin,EQ,CASH,EQ,INE326A01037,,,,,1,0.1,,,1,1,LUPIN-EQ,1
NSE,8054,KTKBANK,NSE-KTKBANK,Karnataka Bank,EQ,CASH,EQ,INE614B01018,,,,,1,0.05,,,1,1,KTKBANK-EQ,1
NSE,29171,LAXMIDENTL,NSE-LAXMIDENTL,Laxmi Denta,EQ,CASH,EQ,INE0WO601020,,,,,1,0.01,,,1,1,LAXMIDENTL-EQ,1
NSE,13671,MADHUCON,NSE-MADHUCON,Madhucon Projects,EQ,CASH,EQ,INE378D01032,,,,,1,0.01,,,1,1,MADHUCON-EQ,0
NSE,18564,LTTS,NSE-LTTS,L&T Technology Serv.,EQ,CASH,EQ,INE010V01017,,,,,1,0.1,,,1,1,LTTS-EQ,1
NSE,11483,LT,NSE-LT,L&T,EQ,CASH,EQ,INE018A01030,,,,,1,0.1,,,1,1,LT-EQ,1
NSE,18232,LORDSCHLO,NSE-LORDSCHLO,Lords Chloro Alkali,EQ,CASH,EQ,INE846D01012,,,,,1,0.01,,,1,1,LORDSCHLO-EQ,0
NSE,6407,LAMBODHARA,NSE-LAMBODHARA,Lambodhara Textile,EQ,CASH,EQ,INE112F01022,,,,,1,0.01,,,1,1,LAMBODHARA-EQ,0
NSE,23027,LANCORHOL,NSE-LANCORHOL,Lancor Holdings,EQ,CASH,EQ,INE572G01025,,,,,1,0.01,,,1,1,LANCORHOL-EQ,0
NSE,759605,LENSKART,NSE-LENSKART,Lenskart Solutions,EQ,CASH,EQ,INE956O01016,,,,,1,0.05,,,1,1,LENSKART-EQ,1
NSE,19234,LAURUSLABS,NSE-LAURUSLABS,Laurus Labs,EQ,CASH,EQ,INE947Q01028,,,,,1,0.1,,,1,1,LAURUSLABS-EQ,1
NSE,13276,LANDMARK,NSE-LANDMARK,Landmark Cars,EQ,CASH,EQ,INE559R01029,,,,,1,0.05,,,1,1,LANDMARK-EQ,1
NSE,2841,LXCHEM,NSE-LXCHEM,Laxmi Organic Inds.,EQ,CASH,EQ,INE576O01020,,,,,1,0.01,,,1,1,LXCHEM-EQ,1
NSE,17313,LLOYDSME,NSE-LLOYDSME,Lloyds Metals,EQ,CASH,EQ,INE281B01032,,,,,1,0.1,,,1,1,LLOYDSME-EQ,1
NSE,24948,LTF,NSE-LTF,L&T Finance,EQ,CASH,EQ,INE498L01015,,,,,1,0.05,,,1,1,LTF-EQ,1
NSE,1627,LINDEINDIA,NSE-LINDEINDIA,Linde India,EQ,CASH,EQ,INE473A01011,,,,,1,0.5,,,1,1,LINDEINDIA-EQ,1
NSE,14014,LUMAXTECH,NSE-LUMAXTECH,Lumax Auto Tech,EQ,CASH,EQ,INE872H01027,,,,,1,0.1,,,1,1,LUMAXTECH-EQ,1
NSE,760213,LGEINDIA,NSE-LGEINDIA,LG Electronics India,EQ,CASH,EQ,INE324D01010,,,,,1,0.1,,,1,1,LGEINDIA-EQ,1
NSE,18321,LGBBROSLTD,NSE-LGBBROSLTD,LG Balakrishnan,EQ,CASH,EQ,INE337A01034,,,,,1,0.1,,,1,1,LGBBROSLTD-EQ,1
NSE,5865,LAGNAM,NSE-LAGNAM,Lagnam Spintex,EQ,CASH,EQ,INE548Z01017,,,,,1,0.01,,,1,1,LAGNAM-EQ,0
NSE,14459,LEXUS,NSE-LEXUS,Lexus Granito,EQ,CASH,EQ,INE500X01013,,,,,1,0.01,,,1,1,LEXUS-EQ,0
NSE,3220,LODHA,NSE-LODHA,Lodha Developers,EQ,CASH,EQ,INE670K01029,,,,,1,0.05,,,1,1,LODHA-EQ,1
NSE,2018,LUMAXIND,NSE-LUMAXIND,Lumax Industries,EQ,CASH,EQ,INE162B01018,,,,,1,0.5,,,1,1,LUMAXIND-EQ,1
NSE,2031,M&M,NSE-M&M,Mahindra & Mahindra,EQ,CASH,EQ,INE101A01026,,,,,1,0.1,,,1,1,M&M-EQ,1
NSE,31468,LYPSAGEMS,NSE-LYPSAGEMS,Lypsa Gems,EQ,CASH,EQ,INE142K01011,,,,,1,0.01,,,1,1,LYPSAGEMS-EQ,0
NSE,22415,LOVABLE,NSE-LOVABLE,Lovable Lingerie,EQ,CASH,EQ,INE597L01014,,,,,1,0.01,,,1,1,LOVABLE-EQ,0
NSE,2606,LEMONTREE,NSE-LEMONTREE,Lemon Tree Hotels,EQ,CASH,EQ,INE970X01018,,,,,1,0.01,,,1,1,LEMONTREE-EQ,1
NSE,762762,LAHOTIOV,NSE-LAHOTIOV,Lahoti Overseas,EQ,CASH,EQ,INE515C01023,,,,,1,0.01,,,1,1,LAHOTIOV-EQ,0
NSE,14924,LAL,NSE-LAL,Lorenzini Apparels,EQ,CASH,EQ,INE740X01023,,,,,1,0.01,,,1,1,LAL-EQ,0
NSE,9480,LICI,NSE-LICI,LIC,EQ,CASH,EQ,INE0J1Y01017,,,,,1,0.05,,,1,1,LICI-EQ,1
NSE,15151,MADHAV,NSE-MADHAV,Madhav Marbles,EQ,CASH,EQ,INE925C01016,,,,,1,0.01,,,1,1,MADHAV-EQ,0
NSE,17376,LANDSMILL,NSE-LANDSMILL,Landsmill Green,EQ,CASH,EQ,INE688J01023,,,,,1,0.01,,,1,1,LANDSMILL-EQ,0
NSE,758145,LOTUSDEV,NSE-LOTUSDEV,Sri Lotus Developers,EQ,CASH,EQ,INE0V9Q01010,,,,,1,0.01,,,1,1,LOTUSDEV-EQ,0
NSE,760946,KWIL,NSE-KWIL,Kwality Wall's India,EQ,CASH,EQ,INE2KCE01013,,,,,1,0.01,,,1,1,KWIL-EQ,1
NSE,13870,KUANTUM,NSE-KUANTUM,Kuantum Papers,EQ,CASH,EQ,INE529I01021,,,,,1,0.01,,,1,1,KUANTUM-EQ,0
NSE,21713,LASA,NSE-LASA,Lasa Supergenerics,EQ,CASH,EQ,INE670X01014,,,,,1,0.01,,,1,1,LASA-EQ,0
NSE,17818,LTM,NSE-LTM,LTM,EQ,CASH,EQ,INE214T01019,,,,,1,0.1,,,1,1,LTM-EQ,1
NSE,760300,LEMERITE,NSE-LEMERITE,Le Merite Exports,EQ,CASH,EQ,INE0G1L01025,,,,,1,0.01,,,1,1,LEMERITE-EQ,0
NSE,1994,LIBERTSHOE,NSE-LIBERTSHOE,Liberty Shoes,EQ,CASH,EQ,INE557B01019,,,,,1,0.01,,,1,1,LIBERTSHOE-EQ,0
NSE,13816,LTFOODS,NSE-LTFOODS,LT Foods,EQ,CASH,EQ,INE818H01020,,,,,1,0.05,,,1,1,LTFOODS-EQ,1
NSE,15017,MAANALU,NSE-MAANALU,Maan Aluminium,EQ,CASH,EQ,INE215I01027,,,,,1,0.01,,,1,1,MAANALU-EQ,1
NSE,19876,LGHL,NSE-LGHL,Laxmi Goldorna,EQ,CASH,EQ,INE258Y01016,,,,,1,0.01,,,1,1,LGHL-EQ,0
NSE,762767,MADHAVIPL,NSE-MADHAVIPL,Madhav Infra Proj,EQ,CASH,EQ,INE631R01026,,,,,1,0.01,,,1,1,MADHAVIPL-EQ,0
NSE,2028,LYKALABS,NSE-LYKALABS,Lyka Labs,EQ,CASH,EQ,INE933A01014,,,,,1,0.01,,,1,1,LYKALABS-EQ,0
NSE,22347,MACPOWER,NSE-MACPOWER,Macpower CNC,EQ,CASH,EQ,INE155Z01011,,,,,1,0.05,,,1,1,MACPOWER-EQ,0
NSE,7902,LFIC,NSE-LFIC,Lakshmi Finance,EQ,CASH,EQ,INE850E01012,,,,,1,0.01,,,1,1,LFIC-EQ,0
NSE,1979,LMW,NSE-LMW,LMW,EQ,CASH,EQ,INE269B01029,,,,,1,1.0,,,1,1,LMW-EQ,1
NSE,28906,MAYURUNIQ,NSE-MAYURUNIQ,Mayur Uniquoters,EQ,CASH,EQ,INE040D01038,,,,,1,0.05,,,1,1,MAYURUNIQ-EQ,1
NSE,21726,MATRIMONY,NSE-MATRIMONY,Matrimony.Com,EQ,CASH,EQ,INE866R01028,,,,,1,0.05,,,1,1,MATRIMONY-EQ,0
NSE,25597,MANBA,NSE-MANBA,Manba Finance,EQ,CASH,EQ,INE939X01013,,,,,1,0.01,,,1,1,MANBA-EQ,0
NSE,10227,MANORAMA,NSE-MANORAMA,Manorama Inds,EQ,CASH,EQ,INE00VM01036,,,,,1,0.1,,,1,1,MANORAMA-EQ,1
NSE,7420,MANAKALUCO,NSE-MANAKALUCO,Manaksia Aluminium,EQ,CASH,EQ,INE859Q01017,,,,,1,0.01,,,1,1,MANAKALUCO-EQ,0
NSE,762777,MAJESAUT,NSE-MAJESAUT,Majestic Auto,EQ,CASH,EQ,INE201B01022,,,,,1,0.05,,,1,1,MAJESAUT-EQ,0
NSE,5239,MAHAPEXLTD,NSE-MAHAPEXLTD,Maha Rashtra Apex,EQ,CASH,EQ,INE843B01013,,,,,1,0.01,,,1,1,MAHAPEXLTD-EQ,0
NSE,17603,MAHEPC,NSE-MAHEPC,Mahindra EPC Irrig,EQ,CASH,EQ,INE215D01010,,,,,1,0.01,,,1,1,MAHEPC-EQ,0
NSE,4067,MARICO,NSE-MARICO,Marico,EQ,CASH,EQ,INE196A01026,,,,,1,0.05,,,1,1,MARICO-EQ,1
NSE,8153,MEGASTAR,NSE-MEGASTAR,Megastar Foods,EQ,CASH,EQ,INE00EM01016,,,,,1,0.05,,,1,1,MEGASTAR-EQ,0
NSE,24823,MANCREDIT,NSE-MANCREDIT,MCFL,EQ,CASH,EQ,INE545L01039,,,,,1,0.01,,,1,1,MANCREDIT-EQ,0
NSE,18659,MARATHON,NSE-MARATHON,Marathon Nextgen,EQ,CASH,EQ,INE182D01020,,,,,1,0.05,,,1,1,MARATHON-EQ,1
NSE,7413,MANAKCOAT,NSE-MANAKCOAT,Manaksia Coated,EQ,CASH,EQ,INE830Q01018,,,,,1,0.01,,,1,1,MANAKCOAT-EQ,1
NSE,2088,MAHSEAMLES,NSE-MAHSEAMLES,Maharashtra Seamless,EQ,CASH,EQ,INE271B01025,,,,,1,0.05,,,1,1,MAHSEAMLES-EQ,1
NSE,13572,MANUGRAPH,NSE-MANUGRAPH,Manugraph India,EQ,CASH,EQ,INE867A01022,,,,,1,0.01,,,1,1,MANUGRAPH-EQ,0
NSE,18029,MBLINFRA,NSE-MBLINFRA,MBL Infrastructures,EQ,CASH,EQ,INE912H01013,,,,,1,0.01,,,1,1,MBLINFRA-EQ,0
NSE,2085,MAHSCOOTER,NSE-MAHSCOOTER,Maharashtra Scooters,EQ,CASH,EQ,INE288A01013,,,,,1,1.0,,,1,1,MAHSCOOTER-EQ,1
NSE,11377,MAHABANK,NSE-MAHABANK,Bank of Maharashtra,EQ,CASH,EQ,INE457A01014,,,,,1,0.01,,,1,1,MAHABANK-EQ,1
NSE,21392,MAGADSUGAR,NSE-MAGADSUGAR,Magadh Sugar & Energ,EQ,CASH,EQ,INE347W01011,,,,,1,0.05,,,1,1,MAGADSUGAR-EQ,0
NSE,762772,MAFATIND,NSE-MAFATIND,Mafatlal Industries,EQ,CASH,EQ,INE270B01035,,,,,1,0.01,,,1,1,MAFATIND-EQ,0
NSE,19646,MAXESTATES,NSE-MAXESTATES,Max Estates,EQ,CASH,EQ,INE03EI01018,,,,,1,0.05,,,1,1,MAXESTATES-EQ,1
NSE,28687,MAMATA,NSE-MAMATA,Mamata Machinery,EQ,CASH,EQ,INE0TO701015,,,,,1,0.05,,,1,1,MAMATA-EQ,1
NSE,22360,MCL,NSE-MCL,M Tek Copper,EQ,CASH,EQ,INE813V01022,,,,,1,0.01,,,1,1,MCL-EQ,0
NSE,7254,MEDPLUS,NSE-MEDPLUS,Medplus Health Services,EQ,CASH,EQ,INE804L01022,,,,,1,0.05,,,1,1,MEDPLUS-EQ,1
NSE,22428,MAXIND,NSE-MAXIND,Max India,EQ,CASH,EQ,INE0CG601016,,,,,1,0.01,,,1,1,MAXIND-EQ,1
NSE,15199,MANAKSIA,NSE-MANAKSIA,Manaksia,EQ,CASH,EQ,INE015D01022,,,,,1,0.01,,,1,1,MANAKSIA-EQ,0
NSE,21705,MEDIASSIST,NSE-MEDIASSIST,Medi Assist Health,EQ,CASH,EQ,INE456Z01021,,,,,1,0.05,,,1,1,MEDIASSIST-EQ,1
NSE,9667,MEDICO,NSE-MEDICO,Medico Remedies,EQ,CASH,EQ,INE630Y01024,,,,,1,0.01,,,1,1,MEDICO-EQ,0
NSE,22377,MAXHEALTH,NSE-MAXHEALTH,Max Healthcare,EQ,CASH,EQ,INE027H01010,,,,,1,0.05,,,1,1,MAXHEALTH-EQ,1
NSE,7227,MAPMYINDIA,NSE-MAPMYINDIA,CE Info Systems,EQ,CASH,EQ,INE0BV301023,,,,,1,0.05,,,1,1,MAPMYINDIA-EQ,1
NSE,11956,MEDANTA,NSE-MEDANTA,Global Health,EQ,CASH,EQ,INE474Q01031,,,,,1,0.1,,,1,1,MEDANTA-EQ,1
NSE,27047,MASTERTR,NSE-MASTERTR,Master Trust,EQ,CASH,EQ,INE677D01037,,,,,1,0.01,,,1,1,MASTERTR-EQ,1
NSE,13352,MALUPAPER,NSE-MALUPAPER,Malu Paper Mills,EQ,CASH,EQ,INE383H01017,,,,,1,0.01,,,1,1,MALUPAPER-EQ,0
NSE,385,MAHLOG,NSE-MAHLOG,Mahindra Logistics,EQ,CASH,EQ,INE766P01016,,,,,1,0.05,,,1,1,MAHLOG-EQ,1
NSE,760204,MARKOLINES,NSE-MARKOLINES,Markolines Pave Tech,EQ,CASH,EQ,INE0FW001016,,,,,1,0.01,,,1,1,MARKOLINES-EQ,0
NSE,13753,MANOMAY,NSE-MANOMAY,Manomay Tex India,EQ,CASH,EQ,INE784W01015,,,,,1,0.01,,,1,1,MANOMAY-EQ,0
NSE,15380,MANKIND,NSE-MANKIND,Mankind Pharma,EQ,CASH,EQ,INE634S01028,,,,,1,0.1,,,1,1,MANKIND-EQ,1
NSE,11884,MANINDS,NSE-MANINDS,Man Industries,EQ,CASH,EQ,INE993A01026,,,,,1,0.05,,,1,1,MANINDS-EQ,1
NSE,18226,MANINFRA,NSE-MANINFRA,Man InfraConstruct,EQ,CASH,EQ,INE949H01023,,,,,1,0.01,,,1,1,MANINFRA-EQ,1
NSE,2106,MANGLMCEM,NSE-MANGLMCEM,Mangalam Cement,EQ,CASH,EQ,INE347A01017,,,,,1,0.05,,,1,1,MANGLMCEM-EQ,1
NSE,19061,MANAPPURAM,NSE-MANAPPURAM,Manappuram Finance,EQ,CASH,EQ,INE522D01027,,,,,1,0.05,,,1,1,MANAPPURAM-EQ,1
NSE,761386,MARSONS,NSE-MARSONS,Marsons,EQ,CASH,EQ,INE415B01044,,,,,1,0.01,,,1,1,MARSONS-EQ,1
NSE,760229,MEESHO,NSE-MEESHO,Meesho,EQ,CASH,EQ,INE0VDM01015,,,,,1,0.01,,,1,1,MEESHO-EQ,1
NSE,13796,MANALIPETC,NSE-MANALIPETC,Manali Petrochem,EQ,CASH,EQ,INE201A01024,,,,,1,0.01,,,1,1,MANALIPETC-EQ,1
NSE,10999,MARUTI,NSE-MARUTI,Maruti Suzuki,EQ,CASH,EQ,INE585B01010,,,,,1,1.0,,,1,1,MARUTI-EQ,1
NSE,29482,MCLOUD,NSE-MCLOUD,Magellanic Cloud,EQ,CASH,EQ,INE613C01026,,,,,1,0.01,,,1,1,MCLOUD-EQ,1
NSE,199,MASFIN,NSE-MASFIN,MAS Financial,EQ,CASH,EQ,INE348L01012,,,,,1,0.05,,,1,1,MASFIN-EQ,1
NSE,758150,MBEL,NSE-MBEL,M&B Engineering,EQ,CASH,EQ,INE08N601015,,,,,1,0.05,,,1,1,MBEL-EQ,1
NSE,18866,MAZDA,NSE-MAZDA,Mazda,EQ,CASH,EQ,INE885E01042,,,,,1,0.01,,,1,1,MAZDA-EQ,0
NSE,7965,MALLCOM,NSE-MALLCOM,Mallcom,EQ,CASH,EQ,INE389C01015,,,,,1,0.05,,,1,1,MALLCOM-EQ,0
NSE,8050,MAHLIFE,NSE-MAHLIFE,Mahindra Lifespace,EQ,CASH,EQ,INE813A01018,,,,,1,0.05,,,1,1,MAHLIFE-EQ,1
NSE,12686,MBAPL,NSE-MBAPL,MBAPL,EQ,CASH,EQ,INE900L01010,,,,,1,0.05,,,1,1,MBAPL-EQ,0
NSE,14957,MAGNUM,NSE-MAGNUM,Magnum Ventures,EQ,CASH,EQ,INE387I01016,,,,,1,0.01,,,1,1,MAGNUM-EQ,0
NSE,9576,MAHESHWARI,NSE-MAHESHWARI,Maheshwari Logistics,EQ,CASH,EQ,INE263W01010,,,,,1,0.01,,,1,1,MAHESHWARI-EQ,0
NSE,6278,MEDICAMEQ,NSE-MEDICAMEQ,Medicamen Biotech,EQ,CASH,EQ,INE646B01010,,,,,1,0.05,,,1,1,MEDICAMEQ-EQ,0
NSE,31181,MCX,NSE-MCX,MCX,EQ,CASH,EQ,INE745G01043,,,,,1,0.1,,,1,1,MCX-EQ,1
NSE,509,MAZDOCK,NSE-MAZDOCK,Mazagon Dock Ship,EQ,CASH,EQ,INE249Z01020,,,,,1,0.1,,,1,1,MAZDOCK-EQ,1
NSE,1328,MARINE,NSE-MARINE,Marine Electrials,EQ,CASH,EQ,INE01JE01028,,,,,1,0.05,,,1,1,MARINE-EQ,0
NSE,24538,MAITHANALL,NSE-MAITHANALL,Maithan Alloys,EQ,CASH,EQ,INE683C01011,,,,,1,0.1,,,1,1,MAITHANALL-EQ,1
NSE,4911,MADRASFERT,NSE-MADRASFERT,Madras Fertilizers,EQ,CASH,EQ,INE414A01015,,,,,1,0.01,,,1,1,MADRASFERT-EQ,0
NSE,10579,MARKSANS,NSE-MARKSANS,Marksans Pharma,EQ,CASH,EQ,INE750C01026,,,,,1,0.01,,,1,1,MARKSANS-EQ,1
NSE,762782,MCCHRLS-B,NSE-MCCHRLS-B,Mac Charles,EQ,CASH,EQ,INE435D01014,,,,,1,0.05,,,1,1,MCCHRLS-B-EQ,0
NSE,2124,MASTEK,NSE-MASTEK,Mastek,EQ,CASH,EQ,INE759A01021,,,,,1,0.1,,,1,1,MASTEK-EQ,1
NSE,8167,MANYAVAR,NSE-MANYAVAR,Vedant Fashions,EQ,CASH,EQ,INE825V01034,,,,,1,0.05,,,1,1,MANYAVAR-EQ,1
NSE,20830,MOIL,NSE-MOIL,MOIL,EQ,CASH,EQ,INE490G01020,,,,,1,0.05,,,1,1,MOIL-EQ,1
NSE,7679,MONARCH,NSE-MONARCH,Monarch Networth,EQ,CASH,EQ,INE903D01011,,,,,1,0.05,,,1,1,MONARCH-EQ,1
NSE,17534,MGL,NSE-MGL,Mahanagar Gas,EQ,CASH,EQ,INE002S01010,,,,,1,0.1,,,1,1,MGL-EQ,1
NSE,9581,METROPOLIS,NSE-METROPOLIS,Metropolis Health.,EQ,CASH,EQ,INE112L01020,,,,,1,0.05,,,1,1,METROPOLIS-EQ,1
NSE,16395,MMP,NSE-MMP,MMP Industries,EQ,CASH,EQ,INE511Y01018,,,,,1,0.05,,,1,1,MMP-EQ,0
NSE,6713,MOLDTKPAC,NSE-MOLDTKPAC,Mold-Tek Packaging,EQ,CASH,EQ,INE893J01029,,,,,1,0.05,,,1,1,MOLDTKPAC-EQ,1
NSE,29423,MOHITIND,NSE-MOHITIND,Mohit Industries,EQ,CASH,EQ,INE954E01012,,,,,1,0.01,,,1,1,MOHITIND-EQ,0
NSE,17957,MMTC,NSE-MMTC,MMTC,EQ,CASH,EQ,INE123F01029,,,,,1,0.01,,,1,1,MMTC-EQ,1
NSE,18049,MINDTECK,NSE-MINDTECK,Mindteck (India),EQ,CASH,EQ,INE110B01017,,,,,1,0.01,,,1,1,MINDTECK-EQ,1
NSE,17333,MHRIL,NSE-MHRIL,Mahindra Holi.&Resor,EQ,CASH,EQ,INE998I01010,,,,,1,0.01,,,1,1,MHRIL-EQ,1
NSE,762797,METROGLOBL,NSE-METROGLOBL,Metroglobal,EQ,CASH,EQ,INE085D01033,,,,,1,0.01,,,1,1,METROGLOBL-EQ,0
NSE,7169,MICEL,NSE-MICEL,MIC Electronics,EQ,CASH,EQ,INE287C01037,,,,,1,0.01,,,1,1,MICEL-EQ,0
NSE,759752,MODIS,NSE-MODIS,Modi's Navnirman,EQ,CASH,EQ,INE0L0L01012,,,,,1,0.05,,,1,1,MODIS-EQ,0
NSE,759381,MONEYBOXX,NSE-MONEYBOXX,Moneyboxx Finance,EQ,CASH,EQ,INE296Q01012,,,,,1,0.01,,,1,1,MONEYBOXX-EQ,0
NSE,6961,MENONBE,NSE-MENONBE,Menon Bearings,EQ,CASH,EQ,INE071D01033,,,,,1,0.01,,,1,1,MENONBE-EQ,1
NSE,5394,MOL,NSE-MOL,Meghmani,EQ,CASH,EQ,INE0CT101020,,,,,1,0.01,,,1,1,MOL-EQ,1
NSE,18562,MITTAL,NSE-MITTAL,Mittal Life Style,EQ,CASH,EQ,INE997Y01027,,,,,1,0.01,,,1,1,MITTAL-EQ,0
NSE,762792,MERCANTILE,NSE-MERCANTILE,Mercantile Ventures,EQ,CASH,EQ,INE689O01013,,,,,1,0.01,,,1,1,MERCANTILE-EQ,0
NSE,28046,MOBIKWIK,NSE-MOBIKWIK,One Mobikwik Systems,EQ,CASH,EQ,INE0HLU01028,,,,,1,0.01,,,1,1,MOBIKWIK-EQ,1
NSE,2229,MODIRUBBER,NSE-MODIRUBBER,Modi Rubber,EQ,CASH,EQ,INE832A01018,,,,,1,0.01,,,1,1,MODIRUBBER-EQ,0
NSE,3586,MOKSH,NSE-MOKSH,Moksh Ornaments,EQ,CASH,EQ,INE514Y01020,,,,,1,0.01,,,1,1,MOKSH-EQ,0
NSE,24937,MFML,NSE-MFML,Mahalaxmi Fabric,EQ,CASH,EQ,INE0US801024,,,,,1,0.01,,,1,1,MFML-EQ,0
NSE,7886,MHLXMIRU,NSE-MHLXMIRU,MRT,EQ,CASH,EQ,INE112D01035,,,,,1,0.01,,,1,1,MHLXMIRU-EQ,0
NSE,25897,MINDACORP,NSE-MINDACORP,Minda Corporation,EQ,CASH,EQ,INE842C01021,,,,,1,0.05,,,1,1,MINDACORP-EQ,1
NSE,759517,MIDWESTLTD,NSE-MIDWESTLTD,Midwest,EQ,CASH,EQ,INE0XAD01024,,,,,1,0.1,,,1,1,MIDWESTLTD-EQ,1
NSE,2142,MFSL,NSE-MFSL,Max Fin Services,EQ,CASH,EQ,INE180A01020,,,,,1,0.1,,,1,1,MFSL-EQ,1
NSE,17625,MOLDTECH,NSE-MOLDTECH,Mold-Tek Tech,EQ,CASH,EQ,INE835B01035,,,,,1,0.01,,,1,1,MOLDTECH-EQ,0
NSE,4394,MIRZAINT,NSE-MIRZAINT,Mirza International,EQ,CASH,EQ,INE771A01026,,,,,1,0.01,,,1,1,MIRZAINT-EQ,0
NSE,762787,MENNPIS,NSE-MENNPIS,Menon Pistons,EQ,CASH,EQ,INE650G01029,,,,,1,0.01,,,1,1,MENNPIS-EQ,0
NSE,2241,MODTHREAD,NSE-MODTHREAD,Modern Threads,EQ,CASH,EQ,INE794W01014,,,,,1,0.01,,,1,1,MODTHREAD-EQ,0
NSE,7242,METROBRAND,NSE-METROBRAND,Metro Brands,EQ,CASH,EQ,INE317I01021,,,,,1,0.1,,,1,1,METROBRAND-EQ,1
NSE,13844,MMFL,NSE-MMFL,MM Forgings,EQ,CASH,EQ,INE227C01017,,,,,1,0.05,,,1,1,MMFL-EQ,1
NSE,16736,MKPL,NSE-MKPL,MK Proteins,EQ,CASH,EQ,INE964W01021,,,,,1,0.01,,,1,1,MKPL-EQ,0
NSE,2463,MIDHANI,NSE-MIDHANI,Mishra Dhatu Nigam,EQ,CASH,EQ,INE099Z01011,,,,,1,0.05,,,1,1,MIDHANI-EQ,1
NSE,13751,NAUKRI,NSE-NAUKRI,Info Edge (India),EQ,CASH,EQ,INE663F01032,,,,,1,0.05,,,1,1,NAUKRI-EQ,1
NSE,2313,MURUDCERA,NSE-MURUDCERA,Murudeshwar Ceramics,EQ,CASH,EQ,INE692B01014,,,,,1,0.01,,,1,1,MURUDCERA-EQ,0
NSE,13522,NECCLTD,NSE-NECCLTD,North Eastern Carrying,EQ,CASH,EQ,INE553C01016,,,,,1,0.01,,,1,1,NECCLTD-EQ,0
NSE,19111,NBIFIN,NSE-NBIFIN,NBI Industrial Fin,EQ,CASH,EQ,INE365I01020,,,,,1,0.1,,,1,1,NBIFIN-EQ,0
NSE,11427,NDTV,NSE-NDTV,New Delhi Television,EQ,CASH,EQ,INE155G01029,,,,,1,0.01,,,1,1,NDTV-EQ,1
NSE,3918,NATCOPHARM,NSE-NATCOPHARM,Natco Pharma,EQ,CASH,EQ,INE987B01026,,,,,1,0.1,,,1,1,NATCOPHARM-EQ,1
NSE,760346,NEPHROPLUS,NSE-NEPHROPLUS,Nephrocare Health Se,EQ,CASH,EQ,INE428V01029,,,,,1,0.05,,,1,1,NEPHROPLUS-EQ,1
NSE,759169,MWL,NSE-MWL,Mangalam Worldwide,EQ,CASH,EQ,INE0JYY01011,,,,,1,0.05,,,1,1,MWL-EQ,1
NSE,10557,NAVKARCORP,NSE-NAVKARCORP,Navkar Corporation,EQ,CASH,EQ,INE278M01019,,,,,1,0.01,,,1,1,NAVKARCORP-EQ,1
NSE,2283,MRPL,NSE-MRPL,MRPL,EQ,CASH,EQ,INE103A01014,,,,,1,0.01,,,1,1,MRPL-EQ,1
NSE,10415,MUTHOOTCAP,NSE-MUTHOOTCAP,Muthoot Capital Serv,EQ,CASH,EQ,INE296G01013,,,,,1,0.01,,,1,1,MUTHOOTCAP-EQ,0
NSE,6364,NATIONALUM,NSE-NATIONALUM,NALCO,EQ,CASH,EQ,INE139A01034,,,,,1,0.05,,,1,1,NATIONALUM-EQ,1
NSE,2319,NCC,NSE-NCC,NCC,EQ,CASH,EQ,INE868B01028,,,,,1,0.01,,,1,1,NCC-EQ,1
NSE,20878,MUFTI,NSE-MUFTI,Credo Brands Mktg,EQ,CASH,EQ,INE220Q01020,,,,,1,0.01,,,1,1,MUFTI-EQ,1
NSE,5938,MONTECARLO,NSE-MONTECARLO,Monte Carlo Fashions,EQ,CASH,EQ,INE950M01013,,,,,1,0.05,,,1,1,MONTECARLO-EQ,1
NSE,13511,MUNJALAU,NSE-MUNJALAU,Munjal Auto Inds,EQ,CASH,EQ,INE672B01032,,,,,1,0.01,,,1,1,MUNJALAU-EQ,1
NSE,357,NAM-INDIA,NSE-NAM-INDIA,Nippon Life India AMC,EQ,CASH,EQ,INE298J01013,,,,,1,0.1,,,1,1,NAM-INDIA-EQ,1
NSE,9917,NEOGEN,NSE-NEOGEN,Neogen Chemicals,EQ,CASH,EQ,INE136S01016,,,,,1,0.1,,,1,1,NEOGEN-EQ,1
NSE,14672,NAVINFLUOR,NSE-NAVINFLUOR,Navin Fluorine Intl,EQ,CASH,EQ,INE048G01026,,,,,1,0.5,,,1,1,NAVINFLUOR-EQ,1
NSE,2709,MTARTECH,NSE-MTARTECH,MTAR Technologies,EQ,CASH,EQ,INE864I01014,,,,,1,0.5,,,1,1,MTARTECH-EQ,1
NSE,11919,MSPL,NSE-MSPL,MSP Steel & Power,EQ,CASH,EQ,INE752G01015,,,,,1,0.01,,,1,1,MSPL-EQ,0
NSE,22255,NDRAUTO,NSE-NDRAUTO,NDR Auto Components,EQ,CASH,EQ,INE07OG01012,,,,,1,0.05,,,1,1,NDRAUTO-EQ,1
NSE,20788,MOTISONS,NSE-MOTISONS,Motisons Jewellers,EQ,CASH,EQ,INE0FRK01020,,,,,1,0.01,,,1,1,MOTISONS-EQ,1
NSE,10578,MPSLTD,NSE-MPSLTD,MPS,EQ,CASH,EQ,INE943D01017,,,,,1,0.1,,,1,1,MPSLTD-EQ,1
NSE,19015,MVGJL,NSE-MVGJL,Manoj Vaibhav Gems,EQ,CASH,EQ,INE0KNT01012,,,,,1,0.01,,,1,1,MVGJL-EQ,1
NSE,14490,NCLIND,NSE-NCLIND,NCL Industries,EQ,CASH,EQ,INE732C01016,,,,,1,0.01,,,1,1,NCLIND-EQ,1
NSE,762807,NATIONSTD,NSE-NATIONSTD,National Stndrd,EQ,CASH,EQ,INE166R01015,,,,,1,0.1,,,1,1,NATIONSTD-EQ,0
NSE,11065,NATHBIOGEN,NSE-NATHBIOGEN,Nath Bio-Genes,EQ,CASH,EQ,INE448G01010,,,,,1,0.01,,,1,1,NATHBIOGEN-EQ,0
NSE,8687,MUKTAARTS,NSE-MUKTAARTS,Mukta Arts,EQ,CASH,EQ,INE374B01019,,,,,1,0.01,,,1,1,MUKTAARTS-EQ,0
NSE,2259,MOREPENLAB,NSE-MOREPENLAB,Morepen Labs,EQ,CASH,EQ,INE083A01026,,,,,1,0.01,,,1,1,MOREPENLAB-EQ,1
NSE,14761,NELCAST,NSE-NELCAST,Nelcast,EQ,CASH,EQ,INE189I01024,,,,,1,0.01,,,1,1,NELCAST-EQ,1
NSE,2388,NELCO,NSE-NELCO,NELCO,EQ,CASH,EQ,INE045B01015,,,,,1,0.05,,,1,1,NELCO-EQ,1
NSE,31258,NDL,NSE-NDL,Nandan Denim,EQ,CASH,EQ,INE875G01048,,,,,1,0.01,,,1,1,NDL-EQ,0
NSE,20831,MUTHOOTMF,NSE-MUTHOOTMF,Muthoot Microfin,EQ,CASH,EQ,INE046W01019,,,,,1,0.01,,,1,1,MUTHOOTMF-EQ,1
NSE,23650,MUTHOOTFIN,NSE-MUTHOOTFIN,Muthoot Finance,EQ,CASH,EQ,INE414G01012,,,,,1,0.1,,,1,1,MUTHOOTFIN-EQ,1
NSE,15360,NAHARCAP,NSE-NAHARCAP,Nahar Cap & Fin,EQ,CASH,EQ,INE049I01012,,,,,1,0.05,,,1,1,NAHARCAP-EQ,0
NSE,4204,MOTHERSON,NSE-MOTHERSON,Samvardhana Motherson,EQ,CASH,EQ,INE775A01035,,,,,1,0.01,,,1,1,MOTHERSON-EQ,1
NSE,14702,NAGREEKEXP,NSE-NAGREEKEXP,Nagreeka Exports,EQ,CASH,EQ,INE123B01028,,,,,1,0.01,,,1,1,NAGREEKEXP-EQ,0
NSE,2307,MUNJALSHOW,NSE-MUNJALSHOW,Munjal Showa,EQ,CASH,EQ,INE577A01027,,,,,1,0.01,,,1,1,MUNJALSHOW-EQ,0
NSE,4503,MPHASIS,NSE-MPHASIS,Mphasis,EQ,CASH,EQ,INE356A01018,,,,,1,0.1,,,1,1,MPHASIS-EQ,1
NSE,31415,NBCC,NSE-NBCC,NBCC (India),EQ,CASH,EQ,INE095N01031,,,,,1,0.01,,,1,1,NBCC-EQ,1
NSE,29583,NATCAPSUQ,NSE-NATCAPSUQ,Natural Capsules,EQ,CASH,EQ,INE936B01015,,,,,1,0.01,,,1,1,NATCAPSUQ-EQ,0
NSE,8596,MSUMI,NSE-MSUMI,Motherson Sumi Wiring India,EQ,CASH,EQ,INE0FS801015,,,,,1,0.01,,,1,1,MSUMI-EQ,1
NSE,18371,NDGL,NSE-NDGL,Naga Dhunseri Group,EQ,CASH,EQ,INE756C01015,,,,,1,0.1,,,1,1,NDGL-EQ,0
NSE,22980,MUKKA,NSE-MUKKA,Mukka Proteins,EQ,CASH,EQ,INE0CG401037,,,,,1,0.01,,,1,1,MUKKA-EQ,0
NSE,2277,MRF,NSE-MRF,MRF,EQ,CASH,EQ,INE883A01011,,,,,1,5.0,,,1,1,MRF-EQ,1
NSE,2987,NAZARA,NSE-NAZARA,Nazara Technologies,EQ,CASH,EQ,INE418L01047,,,,,1,0.05,,,1,1,NAZARA-EQ,1
NSE,19783,MUFIN,NSE-MUFIN,Mufin Green Finance,EQ,CASH,EQ,INE08KJ01020,,,,,1,0.01,,,1,1,MUFIN-EQ,1
NSE,29459,MOSCHIP,NSE-MOSCHIP,Moschip Tech,EQ,CASH,EQ,INE935B01025,,,,,1,0.01,,,1,1,MOSCHIP-EQ,1
NSE,29146,NAVKARURB,NSE-NAVKARURB,Navkar Urban,EQ,CASH,EQ,INE268H01044,,,,,1,0.01,,,1,1,NAVKARURB-EQ,0
NSE,4014,NAVA,NSE-NAVA,Nava,EQ,CASH,EQ,INE725A01030,,,,,1,0.05,,,1,1,NAVA-EQ,1
NSE,2294,MTNL,NSE-MTNL,MTNL,EQ,CASH,EQ,INE153A01019,,,,,1,0.01,,,1,1,MTNL-EQ,1
NSE,762812,NEAGI,NSE-NEAGI,Neelamalai Agro,EQ,CASH,EQ,INE605D01012,,,,,1,0.1,,,1,1,NEAGI-EQ,0
NSE,20425,NACLIND,NSE-NACLIND,NACL Industries,EQ,CASH,EQ,INE295D01020,,,,,1,0.01,,,1,1,NACLIND-EQ,1
NSE,14445,NAHARPOLY,NSE-NAHARPOLY,Nahar Poly Films,EQ,CASH,EQ,INE308A01027,,,,,1,0.05,,,1,1,NAHARPOLY-EQ,0
NSE,14947,MOTILALOFS,NSE-MOTILALOFS,MO Financial,EQ,CASH,EQ,INE338I01027,,,,,1,0.05,,,1,1,MOTILALOFS-EQ,1
NSE,11627,NARMADA,NSE-NARMADA,Narmada Agrobase,EQ,CASH,EQ,INE117Z01011,,,,,1,0.01,,,1,1,NARMADA-EQ,0
NSE,11325,MUKANDLTD,NSE-MUKANDLTD,Mukand,EQ,CASH,EQ,INE304A01026,,,,,1,0.01,,,1,1,MUKANDLTD-EQ,1
NSE,13106,NAHARINDUS,NSE-NAHARINDUS,Nahar Inds Enter,EQ,CASH,EQ,INE289A01011,,,,,1,0.01,,,1,1,NAHARINDUS-EQ,0
NSE,9356,MSTCLTD,NSE-MSTCLTD,MSTC,EQ,CASH,EQ,INE255X01014,,,,,1,0.05,,,1,1,MSTCLTD-EQ,1
NSE,14547,NDLVENTURE,NSE-NDLVENTURE,NXTDigital,EQ,CASH,EQ,INE353A01023,,,,,1,0.01,,,1,1,NDLVENTURE-EQ,0
NSE,2385,NAVNETEDUL,NSE-NAVNETEDUL,Navneet Education,EQ,CASH,EQ,INE060A01024,,,,,1,0.01,,,1,1,NAVNETEDUL-EQ,1
NSE,9007,NOVARTIND,NSE-NOVARTIND,Novartis,EQ,CASH,EQ,INE234A01025,,,,,1,0.1,,,1,1,NOVARTIND-EQ,1
NSE,11239,NSIL,NSE-NSIL,Nalwa Sons Invst,EQ,CASH,EQ,INE023A01030,,,,,1,0.5,,,1,1,NSIL-EQ,1
NSE,1164,NEWGEN,NSE-NEWGEN,Newgen Software Tech,EQ,CASH,EQ,INE619B01017,,,,,1,0.05,,,1,1,NEWGEN-EQ,1
NSE,2442,NOCIL,NSE-NOCIL,NOCIL,EQ,CASH,EQ,INE163A01018,,,,,1,0.01,,,1,1,NOCIL-EQ,1
NSE,11522,NIITLTD,NSE-NIITLTD,NIIT,EQ,CASH,EQ,INE161A01038,,,,,1,0.01,,,1,1,NIITLTD-EQ,1
NSE,10768,OAL,NSE-OAL,Oriental Aromatics,EQ,CASH,EQ,INE959C01023,,,,,1,0.05,,,1,1,OAL-EQ,0
NSE,18840,NIRAJISPAT,NSE-NIRAJISPAT,Niraj Ispat Inds,EQ,CASH,EQ,INE326T01011,,,,,1,0.01,,,1,1,NIRAJISPAT-EQ,0
NSE,9867,NEXTMEDIA,NSE-NEXTMEDIA,Next Mediaworks,EQ,CASH,EQ,INE747B01016,,,,,1,0.01,,,1,1,NEXTMEDIA-EQ,0
NSE,18721,NUVAMA,NSE-NUVAMA,Nuvama Wealth,EQ,CASH,EQ,INE531F01023,,,,,1,0.1,,,1,1,NUVAMA-EQ,1
NSE,15332,NMDC,NSE-NMDC,NMDC,EQ,CASH,EQ,INE584A01023,,,,,1,0.01,,,1,1,NMDC-EQ,1
NSE,22477,NOVAAGRI,NSE-NOVAAGRI,Nova Agritech,EQ,CASH,EQ,INE02H701025,,,,,1,0.01,,,1,1,NOVAAGRI-EQ,0
NSE,25426,NORTHARC,NSE-NORTHARC,Northern Arc Capital,EQ,CASH,EQ,INE850M01015,,,,,1,0.05,,,1,1,NORTHARC-EQ,1
NSE,13300,NITCO,NSE-NITCO,Nitco,EQ,CASH,EQ,INE858F01012,,,,,1,0.01,,,1,1,NITCO-EQ,1
NSE,3247,NITIRAJ,NSE-NITIRAJ,Nitiraj Engg,EQ,CASH,EQ,INE439T01012,,,,,1,0.01,,,1,1,NITIRAJ-EQ,0
NSE,29733,NIBL,NSE-NIBL,NRB Inds Bearings,EQ,CASH,EQ,INE047O01014,,,,,1,0.01,,,1,1,NIBL-EQ,0
NSE,17438,OIL,NSE-OIL,Oil India,EQ,CASH,EQ,INE274J01014,,,,,1,0.05,,,1,1,OIL-EQ,1
NSE,13675,NRL,NSE-NRL,Nupur Recyclers,EQ,CASH,EQ,INE0JM501013,,,,,1,0.01,,,1,1,NRL-EQ,0
NSE,2421,NILKAMAL,NSE-NILKAMAL,Nilkamal,EQ,CASH,EQ,INE310A01015,,,,,1,0.1,,,1,1,NILKAMAL-EQ,0
NSE,17963,NESTLEIND,NSE-NESTLEIND,Nestle,EQ,CASH,EQ,INE239A01024,,,,,1,0.1,,,1,1,NESTLEIND-EQ,1
NSE,2350,NURECA,NSE-NURECA,Nureca,EQ,CASH,EQ,INE0DSF01015,,,,,1,0.05,,,1,1,NURECA-EQ,0
NSE,399,NIACL,NSE-NIACL,New India Assurance,EQ,CASH,EQ,INE470Y01017,,,,,1,0.01,,,1,1,NIACL-EQ,1
NSE,10791,NUCLEUS,NSE-NUCLEUS,Nucleus Software Exp,EQ,CASH,EQ,INE096B01018,,,,,1,0.05,,,1,1,NUCLEUS-EQ,1
NSE,6782,NIPPOBATRY,NSE-NIPPOBATRY,Indo National,EQ,CASH,EQ,INE567A01028,,,,,1,0.05,,,1,1,NIPPOBATRY-EQ,0
NSE,5426,NUVOCO,NSE-NUVOCO,Nuvoco Vistas,EQ,CASH,EQ,INE118D01016,,,,,1,0.05,,,1,1,NUVOCO-EQ,1
NSE,756324,NPST,NSE-NPST,Network People S,EQ,CASH,EQ,INE0FFK01017,,,,,1,0.1,,,1,1,NPST-EQ,1
NSE,2439,NKIND,NSE-NKIND,NK Industries,EQ,CASH,EQ,INE542C01019,,,,,1,0.01,,,1,1,NKIND-EQ,0
NSE,8585,NLCINDIA,NSE-NLCINDIA,NLC India,EQ,CASH,EQ,INE589A01014,,,,,1,0.05,,,1,1,NLCINDIA-EQ,1
NSE,25918,OCCLLTD,NSE-OCCLLTD,OCCL,EQ,CASH,EQ,INE0PK601023,,,,,1,0.01,,,1,1,OCCLLTD-EQ,1
NSE,15409,NESCO,NSE-NESCO,Nesco,EQ,CASH,EQ,INE317F01035,,,,,1,0.1,,,1,1,NESCO-EQ,1
NSE,13925,NFL,NSE-NFL,National Fertilizers,EQ,CASH,EQ,INE870D01012,,,,,1,0.01,,,1,1,NFL-EQ,1
NSE,13175,NITINSPIN,NSE-NITINSPIN,Nitin Spinners,EQ,CASH,EQ,INE229H01012,,,,,1,0.05,,,1,1,NITINSPIN-EQ,1
NSE,27097,NIVABUPA,NSE-NIVABUPA,Niva Bupa Health Ins,EQ,CASH,EQ,INE995S01015,,,,,1,0.01,,,1,1,NIVABUPA-EQ,1
NSE,4160,NORBTEAEXP,NSE-NORBTEAEXP,Norben Tea & Exports,EQ,CASH,EQ,INE369C01017,,,,,1,0.01,,,1,1,NORBTEAEXP-EQ,0
NSE,24777,OLAELEC,NSE-OLAELEC,Ola Electric Mobility,EQ,CASH,EQ,INE0LXG01040,,,,,1,0.01,,,1,1,OLAELEC-EQ,1
NSE,762817,NILE,NSE-NILE,NILE,EQ,CASH,EQ,INE445D01013,,,,,1,0.1,,,1,1,NILE-EQ,1
NSE,2406,NEULANDLAB,NSE-NEULANDLAB,Neuland Laboratories,EQ,CASH,EQ,INE794A01010,,,,,1,1.0,,,1,1,NEULANDLAB-EQ,1
NSE,10277,NGLFINE,NSE-NGLFINE,NGL Fine Chem,EQ,CASH,EQ,INE887E01022,,,,,1,0.1,,,1,1,NGLFINE-EQ,1
NSE,27571,ODIGMA,NSE-ODIGMA,Odigma Consult Solut,EQ,CASH,EQ,INE054301028,,,,,1,0.01,,,1,1,ODIGMA-EQ,0
NSE,9253,NILAINFRA,NSE-NILAINFRA,Nila Infrastructures,EQ,CASH,EQ,INE937C01029,,,,,1,0.01,,,1,1,NILAINFRA-EQ,0
NSE,7411,NILASPACES,NSE-NILASPACES,Nila Spaces,EQ,CASH,EQ,INE00S901012,,,,,1,0.01,,,1,1,NILASPACES-EQ,0
NSE,2433,NIRLON,NSE-NIRLON,Nirlon,EQ,CASH,EQ,INE910A01012,,,,,1,0.05,,,1,1,NIRLON-EQ,0
NSE,11630,NTPC,NSE-NTPC,NTPC,EQ,CASH,EQ,INE733E01010,,,,,1,0.05,,,1,1,NTPC-EQ,1
NSE,17400,NHPC,NSE-NHPC,NHPC,EQ,CASH,EQ,INE848E01016,,,,,1,0.01,,,1,1,NHPC-EQ,1
NSE,6545,NYKAA,NSE-NYKAA,Nykaa,EQ,CASH,EQ,INE388Y01029,,,,,1,0.05,,,1,1,NYKAA-EQ,1
NSE,20242,OBEROIRLTY,NSE-OBEROIRLTY,Oberoi Realty,EQ,CASH,EQ,INE093I01010,,,,,1,0.1,,,1,1,OBEROIRLTY-EQ,1
NSE,20314,NRAIL,NSE-NRAIL,NR Agarwal Inds,EQ,CASH,EQ,INE740D01017,,,,,1,0.05,,,1,1,NRAIL-EQ,0
NSE,17433,NETWEB,NSE-NETWEB,Netweb Technologies,EQ,CASH,EQ,INE0NT901020,,,,,1,0.1,,,1,1,NETWEB-EQ,1
NSE,7553,NRBBEARING,NSE-NRBBEARING,NRB Bearings,EQ,CASH,EQ,INE349A01021,,,,,1,0.05,,,1,1,NRBBEARING-EQ,1
NSE,8797,OBCL,NSE-OBCL,OBCL,EQ,CASH,EQ,INE426Z01016,,,,,1,0.01,,,1,1,OBCL-EQ,0
NSE,14180,NSLNISP,NSE-NSLNISP,NMDC Steel,EQ,CASH,EQ,INE0NNS01018,,,,,1,0.01,,,1,1,NSLNISP-EQ,1
NSE,29487,NIBE,NSE-NIBE,NIBE,EQ,CASH,EQ,INE149O01018,,,,,1,0.1,,,1,1,NIBE-EQ,1
NSE,17747,NIITMTS,NSE-NIITMTS,NIIT Learning Sys,EQ,CASH,EQ,INE342G01023,,,,,1,0.01,,,1,1,NIITMTS-EQ,1
NSE,27176,NTPCGREEN,NSE-NTPCGREEN,NTPC Green Energy,EQ,CASH,EQ,INE0ONG01011,,,,,1,0.01,,,1,1,NTPCGREEN-EQ,1
NSE,14111,NETWORK18,NSE-NETWORK18,Network18 Media,EQ,CASH,EQ,INE870H01013,,,,,1,0.01,,,1,1,NETWORK18-EQ,1
NSE,11840,NH,NSE-NH,Narayana Hrudayalaya,EQ,CASH,EQ,INE410P01011,,,,,1,0.1,,,1,1,NH-EQ,1
NSE,10738,OFSS,NSE-OFSS,Oracle Finl. Service,EQ,CASH,EQ,INE881D01027,,,,,1,0.5,,,1,1,OFSS-EQ,1
NSE,762824,NITTAGELA,NSE-NITTAGELA,Nitta Gelatin,EQ,CASH,EQ,INE265B01019,,,,,1,0.1,,,1,1,NITTAGELA-EQ,1
NSE,13111,ORIENTCER,NSE-ORIENTCER,Orient Abrasives,EQ,CASH,EQ,INE569C01020,,,,,1,0.01,,,1,1,ORIENTCER-EQ,0
NSE,10159,ORICONENT,NSE-ORICONENT,Oricon Enterprises,EQ,CASH,EQ,INE730A01022,,,,,1,0.01,,,1,1,ORICONENT-EQ,1
NSE,14346,ORIENTALTL,NSE-ORIENTALTL,Oriental Trimex,EQ,CASH,EQ,INE998H01012,,,,,1,0.01,,,1,1,ORIENTALTL-EQ,0
NSE,759342,PACEDIGITK,NSE-PACEDIGITK,Pace Digitek,EQ,CASH,EQ,INE0S3G01027,,,,,1,0.01,,,1,1,PACEDIGITK-EQ,1
NSE,14299,PFC,NSE-PFC,Power Finance Corp,EQ,CASH,EQ,INE134E01011,,,,,1,0.05,,,1,1,PFC-EQ,1
NSE,14413,PAGEIND,NSE-PAGEIND,Page Industries,EQ,CASH,EQ,INE761H01022,,,,,1,5.0,,,1,1,PAGEIND-EQ,1
NSE,2496,ORIENTPPR,NSE-ORIENTPPR,Orient Paper,EQ,CASH,EQ,INE592A01026,,,,,1,0.01,,,1,1,ORIENTPPR-EQ,0
NSE,13951,PARACABLES,NSE-PARACABLES,Paramount Comm,EQ,CASH,EQ,INE074B01023,,,,,1,0.01,,,1,1,PARACABLES-EQ,1
NSE,2493,ORIENTHOT,NSE-ORIENTHOT,Oriental Hotels,EQ,CASH,EQ,INE750A01020,,,,,1,0.01,,,1,1,ORIENTHOT-EQ,1
NSE,21383,PALASHSECU,NSE-PALASHSECU,Palash Securities,EQ,CASH,EQ,INE471W01019,,,,,1,0.01,,,1,1,PALASHSECU-EQ,0
NSE,29224,ONESOURCE,NSE-ONESOURCE,Onesource Specialty,EQ,CASH,EQ,INE013P01021,,,,,1,0.1,,,1,1,ONESOURCE-EQ,1
NSE,926,ORCHPHARMA,NSE-ORCHPHARMA,Orchid Pharma,EQ,CASH,EQ,INE191A01027,,,,,1,0.05,,,1,1,ORCHPHARMA-EQ,1
NSE,5911,PARAS,NSE-PARAS,Paras Defence,EQ,CASH,EQ,INE045601023,,,,,1,0.05,,,1,1,PARAS-EQ,1
NSE,24231,OMINFRAL,NSE-OMINFRAL,Om Infra,EQ,CASH,EQ,INE239D01028,,,,,1,0.01,,,1,1,OMINFRAL-EQ,0
NSE,760865,OMNI,NSE-OMNI,Omnitech Engineering,EQ,CASH,EQ,INE0UH301010,,,,,1,0.05,,,1,1,OMNI-EQ,1
NSE,9741,PARADEEP,NSE-PARADEEP,Paradeep Phsphts,EQ,CASH,EQ,INE088F01024,,,,,1,0.01,,,1,1,PARADEEP-EQ,1
NSE,17197,PAKKA,NSE-PAKKA,Pakka,EQ,CASH,EQ,INE551D01018,,,,,1,0.01,,,1,1,PAKKA-EQ,0
NSE,17130,PARAGMILK,NSE-PARAGMILK,Parag Milk Foods,EQ,CASH,EQ,INE883N01014,,,,,1,0.01,,,1,1,PARAGMILK-EQ,1
NSE,5631,PAR,NSE-PAR,Par Drugs & Chemical,EQ,CASH,EQ,INE04LG01015,,,,,1,0.01,,,1,1,PAR-EQ,0
NSE,17029,PATANJALI,NSE-PATANJALI,Patanjali Foods,EQ,CASH,EQ,INE619A01035,,,,,1,0.05,,,1,1,PATANJALI-EQ,1
NSE,760351,PARKHOSPS,NSE-PARKHOSPS,Park Medi World,EQ,CASH,EQ,INE119201023,,,,,1,0.05,,,1,1,PARKHOSPS-EQ,1
NSE,6045,PASUPTAC,NSE-PASUPTAC,Pasupati Acrylon,EQ,CASH,EQ,INE818B01023,,,,,1,0.01,,,1,1,PASUPTAC-EQ,1
NSE,14278,ORIENTBELL,NSE-ORIENTBELL,Orient Bell,EQ,CASH,EQ,INE607D01018,,,,,1,0.05,,,1,1,ORIENTBELL-EQ,0
NSE,759569,ORKLAINDIA,NSE-ORKLAINDIA,Orkla India,EQ,CASH,EQ,INE16NZ01023,,,,,1,0.05,,,1,1,ORKLAINDIA-EQ,1
NSE,756802,OSWALPUMPS,NSE-OSWALPUMPS,Oswal Pumps,EQ,CASH,EQ,INE0BYP01024,,,,,1,0.05,,,1,1,OSWALPUMPS-EQ,0
NSE,29124,PCJEWELLER,NSE-PCJEWELLER,PC Jeweller,EQ,CASH,EQ,INE785M01021,,,,,1,0.01,,,1,1,PCJEWELLER-EQ,1
NSE,25468,PAISALO,NSE-PAISALO,Paisalo Digital,EQ,CASH,EQ,INE420C01059,,,,,1,0.01,,,1,1,PAISALO-EQ,1
NSE,19931,ORISSAMINE,NSE-ORISSAMINE,OMDC,EQ,CASH,EQ,INE725E01024,,,,,1,0.1,,,1,1,ORISSAMINE-EQ,1
NSE,15377,PDMJEPAPER,NSE-PDMJEPAPER,Pudumjee Paper,EQ,CASH,EQ,INE865T01018,,,,,1,0.01,,,1,1,PDMJEPAPER-EQ,0
NSE,2481,ONWARDTEC,NSE-ONWARDTEC,Onward Technologies,EQ,CASH,EQ,INE229A01017,,,,,1,0.05,,,1,1,ONWARDTEC-EQ,1
NSE,762432,OMPOWER,NSE-OMPOWER,Om Power Trans,EQ,CASH,EQ,INE25E901019,,,,,1,0.01,,,1,1,OMPOWER-EQ,1
NSE,24961,ORIENTTECH,NSE-ORIENTTECH,Orient Technologies,EQ,CASH,EQ,INE0PPK01015,,,,,1,0.05,,,1,1,ORIENTTECH-EQ,1
NSE,6141,PANSARI,NSE-PANSARI,Pansari Developers,EQ,CASH,EQ,INE697V01011,,,,,1,0.05,,,1,1,PANSARI-EQ,0
NSE,22649,PARKHOTELS,NSE-PARKHOTELS,Apeejay Surrendra Park,EQ,CASH,EQ,INE988S01028,,,,,1,0.01,,,1,1,PARKHOTELS-EQ,1
NSE,20621,PENIND,NSE-PENIND,Pennar Industries,EQ,CASH,EQ,INE932A01024,,,,,1,0.01,,,1,1,PENIND-EQ,1
NSE,18365,PERSISTENT,NSE-PERSISTENT,Persistent Systems,EQ,CASH,EQ,INE262H01021,,,,,1,0.5,,,1,1,PERSISTENT-EQ,1
NSE,11351,PETRONET,NSE-PETRONET,Petronet LNG,EQ,CASH,EQ,INE347G01014,,,,,1,0.05,,,1,1,PETRONET-EQ,1
NSE,6705,PAYTM,NSE-PAYTM,Paytm,EQ,CASH,EQ,INE982J01020,,,,,1,0.1,,,1,1,PAYTM-EQ,1
NSE,2475,ONGC,NSE-ONGC,ONGC,EQ,CASH,EQ,INE213A01029,,,,,1,0.05,,,1,1,ONGC-EQ,1
NSE,4055,PANACEABIO,NSE-PANACEABIO,Panacea Biotec,EQ,CASH,EQ,INE922B01023,,,,,1,0.05,,,1,1,PANACEABIO-EQ,1
NSE,5264,PDSL,NSE-PDSL,Pds In,EQ,CASH,EQ,INE111Q01021,,,,,1,0.05,,,1,1,PDSL-EQ,1
NSE,3972,PARASPETRO,NSE-PARASPETRO,Paras Petrofils,EQ,CASH,EQ,INE162C01024,,,,,1,0.01,,,1,1,PARASPETRO-EQ,0
NSE,471,OSWALGREEN,NSE-OSWALGREEN,Oswal Greentech,EQ,CASH,EQ,INE143A01010,,,,,1,0.01,,,1,1,OSWALGREEN-EQ,0
NSE,2972,ORIENTELEC,NSE-ORIENTELEC,Orient Electric,EQ,CASH,EQ,INE142Z01019,,,,,1,0.01,,,1,1,ORIENTELEC-EQ,1
NSE,16292,PANACHE,NSE-PANACHE,Panache Digilife,EQ,CASH,EQ,INE895W01019,,,,,1,0.05,,,1,1,PANACHE-EQ,0
NSE,9939,ONEPOINT,NSE-ONEPOINT,One Point One Solutions,EQ,CASH,EQ,INE840Y01029,,,,,1,0.01,,,1,1,ONEPOINT-EQ,1
NSE,11699,PATELENG,NSE-PATELENG,Patel Engineering,EQ,CASH,EQ,INE244B01030,,,,,1,0.01,,,1,1,PATELENG-EQ,1
NSE,757955,PASHUPATI,NSE-PASHUPATI,Pashupati Cotspin,EQ,CASH,EQ,INE124Y01028,,,,,1,0.01,,,1,1,PASHUPATI-EQ,0
NSE,21469,OPTIEMUS,NSE-OPTIEMUS,Optiemus infracom,EQ,CASH,EQ,INE350C01017,,,,,1,0.05,,,1,1,OPTIEMUS-EQ,1
NSE,759411,OMFREIGHT,NSE-OMFREIGHT,Om Freight Forwarder,EQ,CASH,EQ,INE1BZC01019,,,,,1,0.01,,,1,1,OMFREIGHT-EQ,0
NSE,25392,PANAMAPET,NSE-PANAMAPET,Panama Petrochem,EQ,CASH,EQ,INE305C01029,,,,,1,0.05,,,1,1,PANAMAPET-EQ,1
NSE,14853,OMAXE,NSE-OMAXE,Omaxe,EQ,CASH,EQ,INE800H01010,,,,,1,0.01,,,1,1,OMAXE-EQ,1
NSE,10637,OLECTRA,NSE-OLECTRA,Olectra Greentech,EQ,CASH,EQ,INE260D01016,,,,,1,0.1,,,1,1,OLECTRA-EQ,1
NSE,31475,ORBTEXP,NSE-ORBTEXP,Orbit Exports,EQ,CASH,EQ,INE231G01010,,,,,1,0.01,,,1,1,ORBTEXP-EQ,0
NSE,14305,OSWALSEEDS,NSE-OSWALSEEDS,ShreeOswal Seeds,EQ,CASH,EQ,INE00IK01029,,,,,1,0.01,,,1,1,OSWALSEEDS-EQ,0
NSE,15219,PATINTLOG,NSE-PATINTLOG,Patel Integrated Log,EQ,CASH,EQ,INE529D01014,,,,,1,0.01,,,1,1,PATINTLOG-EQ,0
NSE,29492,ORCHASP,NSE-ORCHASP,Cybermate Infotek,EQ,CASH,EQ,INE215B01022,,,,,1,0.01,,,1,1,ORCHASP-EQ,0
NSE,2979,ORTINGLOBE,NSE-ORTINGLOBE,Ortin Global,EQ,CASH,EQ,INE749B01020,,,,,1,0.01,,,1,1,ORTINGLOBE-EQ,0
NSE,18208,ORIENTLTD,NSE-ORIENTLTD,Orient Press,EQ,CASH,EQ,INE609C01024,,,,,1,0.01,,,1,1,ORIENTLTD-EQ,0
NSE,2649,PCBL,NSE-PCBL,PCBL Chemical,EQ,CASH,EQ,INE602A01031,,,,,1,0.05,,,1,1,PCBL-EQ,1
NSE,30089,ORIENTCEM,NSE-ORIENTCEM,Orient Cement,EQ,CASH,EQ,INE876N01018,,,,,1,0.01,,,1,1,ORIENTCEM-EQ,1
NSE,759439,PATELRMART,NSE-PATELRMART,Patel Retail,EQ,CASH,EQ,INE0R8B01010,,,,,1,0.01,,,1,1,PATELRMART-EQ,1
NSE,15278,ONMOBILE,NSE-ONMOBILE,Onmobile Global,EQ,CASH,EQ,INE809I01019,,,,,1,0.01,,,1,1,ONMOBILE-EQ,0
NSE,759969,PAUSHAKLTD,NSE-PAUSHAKLTD,Paushak,EQ,CASH,EQ,INE111F01024,,,,,1,0.05,,,1,1,PAUSHAKLTD-EQ,0
NSE,2717,PRECWIRE,NSE-PRECWIRE,Precision Wires,EQ,CASH,EQ,INE372C01037,,,,,1,0.05,,,1,1,PRECWIRE-EQ,1
NSE,762849,PREMCO,NSE-PREMCO,Premco Global,EQ,CASH,EQ,INE001E01012,,,,,1,0.05,,,1,1,PREMCO-EQ,0
NSE,6656,POLICYBZR,NSE-POLICYBZR,PolicyBazaar,EQ,CASH,EQ,INE417T01026,,,,,1,0.1,,,1,1,POLICYBZR-EQ,1
NSE,11571,PPLPHARMA,NSE-PPLPHARMA,Piramal Pharma,EQ,CASH,EQ,INE0DK501011,,,,,1,0.01,,,1,1,PPLPHARMA-EQ,1
NSE,2711,PRECOT,NSE-PRECOT,Precot,EQ,CASH,EQ,INE283A01014,,,,,1,0.05,,,1,1,PRECOT-EQ,0
NSE,25049,PREMIERENE,NSE-PREMIERENE,Premier Energies,EQ,CASH,EQ,INE0BS701011,,,,,1,0.1,,,1,1,PREMIERENE-EQ,1
NSE,17651,POKARNA,NSE-POKARNA,Pokarna,EQ,CASH,EQ,INE637C01025,,,,,1,0.05,,,1,1,POKARNA-EQ,1
NSE,15209,PPAP,NSE-PPAP,PPAP Automotive,EQ,CASH,EQ,INE095I01015,,,,,1,0.01,,,1,1,PPAP-EQ,0
NSE,759551,PIRAMALFIN,NSE-PIRAMALFIN,Piramal Finance,EQ,CASH,EQ,INE202B01038,,,,,1,0.1,,,1,1,PIRAMALFIN-EQ,1
NSE,2535,PGHH,NSE-PGHH,P&G,EQ,CASH,EQ,INE179A01014,,,,,1,0.5,,,1,1,PGHH-EQ,1
NSE,2708,PRAKASH,NSE-PRAKASH,Prakash Industries,EQ,CASH,EQ,INE603A01013,,,,,1,0.01,,,1,1,PRAKASH-EQ,1
NSE,760242,PNGSREVA,NSE-PNGSREVA,PNGS Reva Diamond,EQ,CASH,EQ,INE1RDG01013,,,,,1,0.05,,,1,1,PNGSREVA-EQ,1
NSE,940,PGHL,NSE-PGHL,P&G Health,EQ,CASH,EQ,INE199A01012,,,,,1,0.5,,,1,1,PGHL-EQ,1
NSE,25312,PNGJL,NSE-PNGJL,PN Gadgil Jewellers,EQ,CASH,EQ,INE953R01016,,,,,1,0.05,,,1,1,PNGJL-EQ,0
NSE,12603,PRECAM,NSE-PRECAM,Precision Camshafts,EQ,CASH,EQ,INE484I01029,,,,,1,0.01,,,1,1,PRECAM-EQ,1
NSE,8825,PRIVISCL,NSE-PRIVISCL,Privi Speciality Che,EQ,CASH,EQ,INE959A01019,,,,,1,0.1,,,1,1,PRIVISCL-EQ,1
NSE,8736,PNBGILTS,NSE-PNBGILTS,PNB Gilts,EQ,CASH,EQ,INE859A01011,,,,,1,0.01,,,1,1,PNBGILTS-EQ,1
NSE,14385,POCL,NSE-POCL,Pondy Oxides,EQ,CASH,EQ,INE063E01053,,,,,1,0.1,,,1,1,POCL-EQ,1
NSE,14552,PHOENIXLTD,NSE-PHOENIXLTD,Phoenix Mills,EQ,CASH,EQ,INE211B01039,,,,,1,0.1,,,1,1,PHOENIXLTD-EQ,1
NSE,2664,PIDILITIND,NSE-PIDILITIND,Pidilite Industries,EQ,CASH,EQ,INE318A01026,,,,,1,0.1,,,1,1,PIDILITIND-EQ,1
NSE,2687,POLYPLEX,NSE-POLYPLEX,Polyplex Corporation,EQ,CASH,EQ,INE633B01018,,,,,1,0.05,,,1,1,POLYPLEX-EQ,1
NSE,2705,PRAJIND,NSE-PRAJIND,Praj Industries,EQ,CASH,EQ,INE074A01025,,,,,1,0.05,,,1,1,PRAJIND-EQ,1
NSE,11403,POONAWALLA,NSE-POONAWALLA,Poonawalla Fincorp,EQ,CASH,EQ,INE511C01022,,,,,1,0.05,,,1,1,POONAWALLA-EQ,1
NSE,10321,PKTEA,NSE-PKTEA,Peria Karamalai Tea,EQ,CASH,EQ,INE431F01018,,,,,1,0.05,,,1,1,PKTEA-EQ,0
NSE,13941,PRAENG,NSE-PRAENG,Prajay Engineers,EQ,CASH,EQ,INE505C01016,,,,,1,0.01,,,1,1,PRAENG-EQ,0
NSE,9087,PIXTRANS,NSE-PIXTRANS,Pix Transmission,EQ,CASH,EQ,INE751B01018,,,,,1,0.1,,,1,1,PIXTRANS-EQ,1
NSE,25718,POLYMED,NSE-POLYMED,Poly Medicure,EQ,CASH,EQ,INE205C01021,,,,,1,0.1,,,1,1,POLYMED-EQ,1
NSE,756925,PRIMO,NSE-PRIMO,Primo Chemicals,EQ,CASH,EQ,INE607A01022,,,,,1,0.01,,,1,1,PRIMO-EQ,0
NSE,14977,POWERGRID,NSE-POWERGRID,Power Grid Corp,EQ,CASH,EQ,INE752E01010,,,,,1,0.05,,,1,1,POWERGRID-EQ,1
NSE,762829,PIONRINV,NSE-PIONRINV,Pioneer Investcorp,EQ,CASH,EQ,INE746D01014,,,,,1,0.01,,,1,1,PIONRINV-EQ,0
NSE,762839,PRADPME,NSE-PRADPME,Pradeep Metals,EQ,CASH,EQ,INE770A01010,,,,,1,0.05,,,1,1,PRADPME-EQ,1
NSE,30134,PRABHA,NSE-PRABHA,Prabha Energy,EQ,CASH,EQ,INE0I0M01023,,,,,1,0.01,,,1,1,PRABHA-EQ,1
NSE,22930,PLATIND,NSE-PLATIND,Platinum Industries,EQ,CASH,EQ,INE0PT501018,,,,,1,0.01,,,1,1,PLATIND-EQ,1
NSE,10473,POWERMECH,NSE-POWERMECH,Power Mech Projects,EQ,CASH,EQ,INE211R01019,,,,,1,0.1,,,1,1,POWERMECH-EQ,1
NSE,9342,PNC,NSE-PNC,Pritish Nandy Comm,EQ,CASH,EQ,INE392B01011,,,,,1,0.01,,,1,1,PNC-EQ,0
NSE,11864,PRIMESECU,NSE-PRIMESECU,Prime Securities,EQ,CASH,EQ,INE032B01021,,,,,1,0.05,,,1,1,PRIMESECU-EQ,0
NSE,2643,PFIZER,NSE-PFIZER,Pfizer,EQ,CASH,EQ,INE182A01018,,,,,1,0.1,,,1,1,PFIZER-EQ,1
NSE,15716,PIGL,NSE-PIGL,Power & Instrument,EQ,CASH,EQ,INE557Z01018,,,,,1,0.01,,,1,1,PIGL-EQ,0
NSE,8304,PRITI,NSE-PRITI,Priti International,EQ,CASH,EQ,INE974Z01015,,,,,1,0.01,,,1,1,PRITI-EQ,0
NSE,19599,PRAKASHSTL,NSE-PRAKASHSTL,Prakash Steelage,EQ,CASH,EQ,INE696K01024,,,,,1,0.01,,,1,1,PRAKASHSTL-EQ,0
NSE,762834,PML,NSE-PML,Paul Merchants,EQ,CASH,EQ,INE291E01019,,,,,1,0.05,,,1,1,PML-EQ,0
NSE,24184,PIIND,NSE-PIIND,PI Industries,EQ,CASH,EQ,INE603J01030,,,,,1,0.1,,,1,1,PIIND-EQ,1
NSE,18457,POWERINDIA,NSE-POWERINDIA,Hitachi Energy,EQ,CASH,EQ,INE07Y701011,,,,,1,5.0,,,1,1,POWERINDIA-EQ,1
NSE,9590,POLYCAB,NSE-POLYCAB,Polycab India,EQ,CASH,EQ,INE455K01017,,,,,1,0.5,,,1,1,POLYCAB-EQ,1
NSE,19036,PODDARMENT,NSE-PODDARMENT,Poddar Pigments,EQ,CASH,EQ,INE371C01013,,,,,1,0.05,,,1,1,PODDARMENT-EQ,0
NSE,14260,PGIL,NSE-PGIL,Pearl Global Inds.,EQ,CASH,EQ,INE940H01022,,,,,1,0.1,,,1,1,PGIL-EQ,1
NSE,10297,PPL,NSE-PPL,Prakash Pipes,EQ,CASH,EQ,INE050001010,,,,,1,0.01,,,1,1,PPL-EQ,1
NSE,761680,POWERICA,NSE-POWERICA,Powerica,EQ,CASH,EQ,INE921L01032,,,,,1,0.05,,,1,1,POWERICA-EQ,1
NSE,762844,PRAVEG,NSE-PRAVEG,Praveg,EQ,CASH,EQ,INE722B01019,,,,,1,0.05,,,1,1,PRAVEG-EQ,1
NSE,13463,PIONEEREMB,NSE-PIONEEREMB,Pioneer Embroideries,EQ,CASH,EQ,INE156C01018,,,,,1,0.01,,,1,1,PIONEEREMB-EQ,0
NSE,10661,PONNIERODE,NSE-PONNIERODE,Ponni Sugars (Erode),EQ,CASH,EQ,INE838E01017,,,,,1,0.05,,,1,1,PONNIERODE-EQ,0
NSE,16045,PRINCEPIPE,NSE-PRINCEPIPE,Prince Pipes,EQ,CASH,EQ,INE689W01016,,,,,1,0.05,,,1,1,PRINCEPIPE-EQ,1
NSE,22602,PFS,NSE-PFS,PTC Financial Serv,EQ,CASH,EQ,INE560K01014,,,,,1,0.01,,,1,1,PFS-EQ,1
NSE,14134,PITTIENG,NSE-PITTIENG,Pitti Engineering,EQ,CASH,EQ,INE450D01021,,,,,1,0.05,,,1,1,PITTIENG-EQ,1
NSE,9385,PNCINFRA,NSE-PNCINFRA,PNC Infratech,EQ,CASH,EQ,INE195J01029,,,,,1,0.01,,,1,1,PNCINFRA-EQ,1
NSE,20302,PRESTIGE,NSE-PRESTIGE,Prestige Estates,EQ,CASH,EQ,INE811K01011,,,,,1,0.1,,,1,1,PRESTIGE-EQ,1
NSE,759820,PINELABS,NSE-PINELABS,Pine Labs,EQ,CASH,EQ,INE15B701018,,,,,1,0.01,,,1,1,PINELABS-EQ,1
NSE,5292,PRITIKAUTO,NSE-PRITIKAUTO,Pritika Auto Industr,EQ,CASH,EQ,INE583R01029,,,,,1,0.01,,,1,1,PRITIKAUTO-EQ,0
NSE,25358,PGEL,NSE-PGEL,PG Electroplast,EQ,CASH,EQ,INE457L01029,,,,,1,0.05,,,1,1,PGEL-EQ,1
NSE,19631,PRICOLLTD,NSE-PRICOLLTD,Pricol,EQ,CASH,EQ,INE726V01018,,,,,1,0.05,,,1,1,PRICOLLTD-EQ,1
NSE,18908,PNBHOUSING,NSE-PNBHOUSING,PNB Housing Finance,EQ,CASH,EQ,INE572E01012,,,,,1,0.1,,,1,1,PNBHOUSING-EQ,1
NSE,13920,PLASTIBLEN,NSE-PLASTIBLEN,Plastiblends India,EQ,CASH,EQ,INE083C01022,,,,,1,0.01,,,1,1,PLASTIBLEN-EQ,0
NSE,17397,PREMEXPLN,NSE-PREMEXPLN,Premier Explosives,EQ,CASH,EQ,INE863B01029,,,,,1,0.05,,,1,1,PREMEXPLN-EQ,1
NSE,10666,PNB,NSE-PNB,PNB,EQ,CASH,EQ,INE160A01022,,,,,1,0.01,,,1,1,PNB-EQ,1
NSE,11445,PILANIINVS,NSE-PILANIINVS,Pilani Investment,EQ,CASH,EQ,INE417C01014,,,,,1,0.1,,,1,1,PILANIINVS-EQ,1
NSE,757754,PICCADIL,NSE-PICCADIL,Piccadily Agro,EQ,CASH,EQ,INE546C01010,,,,,1,0.05,,,1,1,PICCADIL-EQ,1
NSE,10932,RADAAN,NSE-RADAAN,Radaan Media Works,EQ,CASH,EQ,INE874F01027,,,,,1,0.01,,,1,1,RADAAN-EQ,0
NSE,19877,RADIOCITY,NSE-RADIOCITY,Music Broadcast,EQ,CASH,EQ,INE919I01024,,,,,1,0.01,,,1,1,RADIOCITY-EQ,0
NSE,7851,RAMCOSYS,NSE-RAMCOSYS,Ramco Systems,EQ,CASH,EQ,INE246B01019,,,,,1,0.05,,,1,1,RAMCOSYS-EQ,1
NSE,10568,RAMAPHO,NSE-RAMAPHO,Rama Phosphates,EQ,CASH,EQ,INE809A01032,,,,,1,0.01,,,1,1,RAMAPHO-EQ,0
NSE,29472,PROTEAN,NSE-PROTEAN,Protean e-Gov Tech.,EQ,CASH,EQ,INE004A01022,,,,,1,0.05,,,1,1,PROTEAN-EQ,1
NSE,10343,RADHIKAJWE,NSE-RADHIKAJWE,Radhika Jeweltech,EQ,CASH,EQ,INE583V01021,,,,,1,0.01,,,1,1,RADHIKAJWE-EQ,1
NSE,28859,PROZONER,NSE-PROZONER,Prozone Realty,EQ,CASH,EQ,INE195N01013,,,,,1,0.01,,,1,1,PROZONER-EQ,1
NSE,14403,RAJTV,NSE-RAJTV,Raj Television,EQ,CASH,EQ,INE952H01027,,,,,1,0.01,,,1,1,RAJTV-EQ,0
NSE,17704,QUESS,NSE-QUESS,Quess Corp,EQ,CASH,EQ,INE615P01015,,,,,1,0.01,,,1,1,QUESS-EQ,1
NSE,7177,RATEGAIN,NSE-RATEGAIN,RateGain,EQ,CASH,EQ,INE0CLI01024,,,,,1,0.05,,,1,1,RATEGAIN-EQ,1
NSE,9408,RAINBOW,NSE-RAINBOW,Rainbow Children,EQ,CASH,EQ,INE961O01016,,,,,1,0.1,,,1,1,RAINBOW-EQ,1
NSE,759723,PWL,NSE-PWL,Physicswallah,EQ,CASH,EQ,INE0LP301011,,,,,1,0.01,,,1,1,PWL-EQ,1
NSE,18423,RATNAVEER,NSE-RATNAVEER,Ratnaveer Precision,EQ,CASH,EQ,INE05CZ01011,,,,,1,0.01,,,1,1,RATNAVEER-EQ,1
NSE,4010,PVP,NSE-PVP,PVP Ventures,EQ,CASH,EQ,INE362A01016,,,,,1,0.01,,,1,1,PVP-EQ,1
NSE,13147,PVRINOX,NSE-PVRINOX,PVR,EQ,CASH,EQ,INE191H01014,,,,,1,0.05,,,1,1,PVRINOX-EQ,1
NSE,27171,RACLGEAR,NSE-RACLGEAR,RACL Geartech,EQ,CASH,EQ,INE704B01017,,,,,1,0.1,,,1,1,RACLGEAR-EQ,1
NSE,758173,PROSTARM,NSE-PROSTARM,Prostarm Info System,EQ,CASH,EQ,INE0BX301013,,,,,1,0.01,,,1,1,PROSTARM-EQ,1
NSE,18962,RAJRATAN,NSE-RAJRATAN,Rajratan Global Wire,EQ,CASH,EQ,INE451D01029,,,,,1,0.05,,,1,1,RAJRATAN-EQ,1
NSE,23142,PVSL,NSE-PVSL,Popular Vehicles and Services Ltd,EQ,CASH,EQ,INE772T01024,,,,,1,0.01,,,1,1,PVSL-EQ,0
NSE,29087,QUADFUTURE,NSE-QUADFUTURE,Quadrant Future Tek,EQ,CASH,EQ,INE0LRY01011,,,,,1,0.05,,,1,1,QUADFUTURE-EQ,1
NSE,11355,PTC,NSE-PTC,PTC India,EQ,CASH,EQ,INE877F01012,,,,,1,0.01,,,1,1,PTC-EQ,1
NSE,762854,QUINT,NSE-QUINT,Quint Digital,EQ,CASH,EQ,INE641R01017,,,,,1,0.01,,,1,1,QUINT-EQ,0
NSE,2739,PRSMJOHNSN,NSE-PRSMJOHNSN,Prism Johnson,EQ,CASH,EQ,INE010A01011,,,,,1,0.01,,,1,1,PRSMJOHNSN-EQ,1
NSE,2043,RAMCOCEM,NSE-RAMCOCEM,Ramco Cements,EQ,CASH,EQ,INE331A01037,,,,,1,0.05,,,1,1,RAMCOCEM-EQ,1
NSE,1494,RBA,NSE-RBA,Restaurant Brands,EQ,CASH,EQ,INE07T201019,,,,,1,0.01,,,1,1,RBA-EQ,1
NSE,16682,PTCIL,NSE-PTCIL,PTC Industries,EQ,CASH,EQ,INE596F01018,,,,,1,1.0,,,1,1,PTCIL-EQ,1
NSE,15337,RAIN,NSE-RAIN,Rain Industries,EQ,CASH,EQ,INE855B01025,,,,,1,0.01,,,1,1,RAIN-EQ,1
NSE,4344,PUNJABCHEM,NSE-PUNJABCHEM,Punjab Chem. & Corp,EQ,CASH,EQ,INE277B01014,,,,,1,0.1,,,1,1,PUNJABCHEM-EQ,0
NSE,2844,RANEHOLDIN,NSE-RANEHOLDIN,Rane Holdings,EQ,CASH,EQ,INE384A01010,,,,,1,0.1,,,1,1,RANEHOLDIN-EQ,1
NSE,20134,RAMKY,NSE-RAMKY,Ramky Infrastructure,EQ,CASH,EQ,INE874I01013,,,,,1,0.05,,,1,1,RAMKY-EQ,1
NSE,2431,RAILTEL,NSE-RAILTEL,Railtel Corp,EQ,CASH,EQ,INE0DD101019,,,,,1,0.05,,,1,1,RAILTEL-EQ,1
NSE,762859,RAJPALAYAM,NSE-RAJPALAYAM,Rajapalayam Mills,EQ,CASH,EQ,INE296E01026,,,,,1,0.05,,,1,1,RAJPALAYAM-EQ,0
NSE,20527,PRUDMOULI,NSE-PRUDMOULI,Prudential Sugar,EQ,CASH,EQ,INE024D01016,,,,,1,0.01,,,1,1,PRUDMOULI-EQ,0
NSE,758551,RAYMONDREL,NSE-RAYMONDREL,Raymond Realty,EQ,CASH,EQ,INE1SY401010,,,,,1,0.05,,,1,1,RAYMONDREL-EQ,1
NSE,2809,RAJSREESUG,NSE-RAJSREESUG,Rajshree Sugars,EQ,CASH,EQ,INE562B01019,,,,,1,0.01,,,1,1,RAJSREESUG-EQ,0
NSE,757049,RAJOOENG,NSE-RAJOOENG,Rajoo Engineers,EQ,CASH,EQ,INE535F01024,,,,,1,0.01,,,1,1,RAJOOENG-EQ,1
NSE,4587,RAMCOIND,NSE-RAMCOIND,Ramco Inds.,EQ,CASH,EQ,INE614A01028,,,,,1,0.05,,,1,1,RAMCOIND-EQ,1
NSE,14101,PTL,NSE-PTL,PTL Enterprises,EQ,CASH,EQ,INE034D01049,,,,,1,0.01,,,1,1,PTL-EQ,0
NSE,2837,RANASUG,NSE-RANASUG,Rana Sugars,EQ,CASH,EQ,INE625B01014,,,,,1,0.01,,,1,1,RANASUG-EQ,0
NSE,10990,RADICO,NSE-RADICO,Radico Khaitan,EQ,CASH,EQ,INE944F01028,,,,,1,0.1,,,1,1,RADICO-EQ,1
NSE,21001,PSB,NSE-PSB,Punjab & Sind Bank,EQ,CASH,EQ,INE608A01012,,,,,1,0.01,,,1,1,PSB-EQ,1
NSE,18250,PYRAMID,NSE-PYRAMID,Pyramid Technoplast,EQ,CASH,EQ,INE0MIS01010,,,,,1,0.01,,,1,1,PYRAMID-EQ,0
NSE,10300,RAMASTEEL,NSE-RAMASTEEL,Rama Steel Tubes,EQ,CASH,EQ,INE230R01035,,,,,1,0.01,,,1,1,RAMASTEEL-EQ,0
NSE,25073,RAYMONDLSL,NSE-RAYMONDLSL,Raymond Lifestyle,EQ,CASH,EQ,INE02ID01020,,,,,1,0.05,,,1,1,RAYMONDLSL-EQ,1
NSE,9553,PRUDENT,NSE-PRUDENT,Prudent,EQ,CASH,EQ,INE00F201020,,,,,1,0.1,,,1,1,PRUDENT-EQ,1
NSE,14922,PURVA,NSE-PURVA,Puravankara,EQ,CASH,EQ,INE323I01011,,,,,1,0.01,,,1,1,PURVA-EQ,1
NSE,13451,RATNAMANI,NSE-RATNAMANI,Ratnamani Metals,EQ,CASH,EQ,INE703B01027,,,,,1,0.1,,,1,1,RATNAMANI-EQ,1
NSE,2859,RAYMOND,NSE-RAYMOND,Raymond,EQ,CASH,EQ,INE301A01014,,,,,1,0.05,,,1,1,RAYMOND-EQ,1
NSE,13580,RADIANTCMS,NSE-RADIANTCMS,Radiant Cash Mgmnt.,EQ,CASH,EQ,INE855R01021,,,,,1,0.01,,,1,1,RADIANTCMS-EQ,0
NSE,2168,RAJMET,NSE-RAJMET,Rajnandini Metal,EQ,CASH,EQ,INE00KV01022,,,,,1,0.01,,,1,1,RAJMET-EQ,0
NSE,2816,RALLIS,NSE-RALLIS,Rallis India,EQ,CASH,EQ,INE613A01020,,,,,1,0.01,,,1,1,RALLIS-EQ,1
NSE,20877,PSPPROJECT,NSE-PSPPROJECT,PSP Projects,EQ,CASH,EQ,INE488V01015,,,,,1,0.05,,,1,1,PSPPROJECT-EQ,1
NSE,10485,RAMRAT,NSE-RAMRAT,Ram Ratna Wires,EQ,CASH,EQ,INE207E01023,,,,,1,0.05,,,1,1,RAMRAT-EQ,1
NSE,13565,RAMANEWS,NSE-RAMANEWS,Shree Rama Newsprint,EQ,CASH,EQ,INE278B01020,,,,,1,0.01,,,1,1,RAMANEWS-EQ,0
NSE,15068,RELIGARE,NSE-RELIGARE,Religare Enterprises,EQ,CASH,EQ,INE621H01010,,,,,1,0.01,,,1,1,RELIGARE-EQ,1
NSE,762869,RSDFIN,NSE-RSDFIN,RSD Finance,EQ,CASH,EQ,INE616F01022,,,,,1,0.01,,,1,1,RSDFIN-EQ,0
NSE,15157,RHL,NSE-RHL,Robust Hotels,EQ,CASH,EQ,INE508K01013,,,,,1,0.01,,,1,1,RHL-EQ,0
NSE,1547,RKEC,NSE-RKEC,RKEC Projects,EQ,CASH,EQ,INE786W01010,,,,,1,0.01,,,1,1,RKEC-EQ,0
NSE,2885,RELIANCE,NSE-RELIANCE,Reliance Industries,EQ,CASH,EQ,INE002A01018,,,,,1,0.1,,,1,1,RELIANCE-EQ,1
NSE,20874,RBZJEWEL,NSE-RBZJEWEL,RBZ Jewellers,EQ,CASH,EQ,INE0PEQ01016,,,,,1,0.01,,,1,1,RBZJEWEL-EQ,1
NSE,11411,RKFORGE,NSE-RKFORGE,Ramkrishna Forgings,EQ,CASH,EQ,INE399G01023,,,,,1,0.05,,,1,1,RKFORGE-EQ,1
NSE,8119,RPSGVENT,NSE-RPSGVENT,RPSG Ventures,EQ,CASH,EQ,INE425Y01011,,,,,1,0.05,,,1,1,RPSGVENT-EQ,0
NSE,3965,REMSONSIND,NSE-REMSONSIND,Remsons Industries,EQ,CASH,EQ,INE474C01023,,,,,1,0.01,,,1,1,REMSONSIND-EQ,0
NSE,22670,RPTECH,NSE-RPTECH,Rashi Peripheral,EQ,CASH,EQ,INE0J1F01024,,,,,1,0.05,,,1,1,RPTECH-EQ,1
NSE,8944,RITCO,NSE-RITCO,Ritco,EQ,CASH,EQ,INE01EG01016,,,,,1,0.05,,,1,1,RITCO-EQ,1
NSE,19410,ROSSARI,NSE-ROSSARI,Rossari Biotech,EQ,CASH,EQ,INE02A801020,,,,,1,0.05,,,1,1,ROSSARI-EQ,1
NSE,24735,RPEL,NSE-RPEL,Raghav Productivity,EQ,CASH,EQ,INE912T01018,,,,,1,0.05,,,1,1,RPEL-EQ,1
NSE,128,ROUTE,NSE-ROUTE,Route Mobile,EQ,CASH,EQ,INE450U01017,,,,,1,0.05,,,1,1,ROUTE-EQ,1
NSE,2794,RSWM,NSE-RSWM,RSWM,EQ,CASH,EQ,INE611A01016,,,,,1,0.01,,,1,1,RSWM-EQ,0
NSE,761439,RSL,NSE-RSL,Rajputana Stainless,EQ,CASH,EQ,INE313L01016,,,,,1,0.01,,,1,1,RSL-EQ,1
NSE,12219,RUSTOMJEE,NSE-RUSTOMJEE,Keystone Realtors,EQ,CASH,EQ,INE263M01029,,,,,1,0.05,,,1,1,RUSTOMJEE-EQ,1
NSE,29598,REPCOHOME,NSE-REPCOHOME,Repco Home Finance,EQ,CASH,EQ,INE612J01015,,,,,1,0.05,,,1,1,REPCOHOME-EQ,1
NSE,9652,RELCHEMQ,NSE-RELCHEMQ,Reliance Chemo,EQ,CASH,EQ,INE750D01016,,,,,1,0.01,,,1,1,RELCHEMQ-EQ,0
NSE,23043,RKSWAMY,NSE-RKSWAMY,RK Swamy,EQ,CASH,EQ,INE0NQ801033,,,,,1,0.01,,,1,1,RKSWAMY-EQ,0
NSE,757834,RMDRIP,NSE-RMDRIP,RM Drip & Sprinklers,EQ,CASH,EQ,INE219Y01026,,,,,1,0.01,,,1,1,RMDRIP-EQ,0
NSE,13182,ROHLTD,NSE-ROHLTD,Royal Orchid Hotel,EQ,CASH,EQ,INE283H01019,,,,,1,0.05,,,1,1,ROHLTD-EQ,1
NSE,6913,RPPL,NSE-RPPL,Rajshree Polypack,EQ,CASH,EQ,INE760W01023,,,,,1,0.01,,,1,1,RPPL-EQ,0
NSE,4130,REGENCERAM,NSE-REGENCERAM,Regency Ceramics,EQ,CASH,EQ,INE277C01012,,,,,1,0.01,,,1,1,REGENCERAM-EQ,0
NSE,759062,RHETAN,NSE-RHETAN,Rhetan TMT,EQ,CASH,EQ,INE0KKN01029,,,,,1,0.01,,,1,1,RHETAN-EQ,1
NSE,15259,RPOWER,NSE-RPOWER,Reliance Power,EQ,CASH,EQ,INE614G01033,,,,,1,0.01,,,1,1,RPOWER-EQ,1
NSE,3761,RITES,NSE-RITES,RITES,EQ,CASH,EQ,INE320J01015,,,,,1,0.01,,,1,1,RITES-EQ,1
NSE,17859,REDTAPE,NSE-REDTAPE,Redtape,EQ,CASH,EQ,INE0LXT01019,,,,,1,0.01,,,1,1,REDTAPE-EQ,1
NSE,13821,RUCHIRA,NSE-RUCHIRA,Ruchira Papers,EQ,CASH,EQ,INE803H01014,,,,,1,0.01,,,1,1,RUCHIRA-EQ,0
NSE,13414,RSYSTEMS,NSE-RSYSTEMS,R Systems Intl.,EQ,CASH,EQ,INE411H01032,,,,,1,0.05,,,1,1,RSYSTEMS-EQ,1
NSE,4566,RUCHINFRA,NSE-RUCHINFRA,Ruchi Infra,EQ,CASH,EQ,INE413B01023,,,,,1,0.01,,,1,1,RUCHINFRA-EQ,0
NSE,9049,ROTO,NSE-ROTO,Roto Pumps,EQ,CASH,EQ,INE535D01037,,,,,1,0.01,,,1,1,ROTO-EQ,1
NSE,16725,RPGLIFE,NSE-RPGLIFE,RPG Life Sciences,EQ,CASH,EQ,INE105J01010,,,,,1,0.1,,,1,1,RPGLIFE-EQ,1
NSE,15129,RGL,NSE-RGL,Renaissance Global,EQ,CASH,EQ,INE722H01024,,,,,1,0.01,,,1,1,RGL-EQ,1
NSE,27353,ROSSTECH,NSE-ROSSTECH,Rossell Techsys,EQ,CASH,EQ,INE0OJW01016,,,,,1,0.1,,,1,1,ROSSTECH-EQ,1
NSE,15355,RECLTD,NSE-RECLTD,RECL,EQ,CASH,EQ,INE020B01018,,,,,1,0.05,,,1,1,RECLTD-EQ,1
NSE,762864,RRIL,NSE-RRIL,RRIL,EQ,CASH,EQ,INE951M01037,,,,,1,0.01,,,1,1,RRIL-EQ,0
NSE,759316,RUBICON,NSE-RUBICON,Rubicon Research,EQ,CASH,EQ,INE506V01022,,,,,1,0.1,,,1,1,RUBICON-EQ,1
NSE,12026,RENUKA,NSE-RENUKA,Shree Renuka Sugars,EQ,CASH,EQ,INE087H01022,,,,,1,0.01,,,1,1,RENUKA-EQ,1
NSE,13126,REPRO,NSE-REPRO,Repro India,EQ,CASH,EQ,INE461B01014,,,,,1,0.05,,,1,1,REPRO-EQ,0
NSE,24225,RELAXO,NSE-RELAXO,Relaxo Footwears,EQ,CASH,EQ,INE131B01039,,,,,1,0.05,,,1,1,RELAXO-EQ,1
NSE,24145,RETAIL,NSE-RETAIL,JHS Svendgaard Retl,EQ,CASH,EQ,INE03DD01011,,,,,1,0.01,,,1,1,RETAIL-EQ,0
NSE,758981,RNBDENIMS,NSE-RNBDENIMS,R & B Denims,EQ,CASH,EQ,INE012Q01039,,,,,1,0.01,,,1,1,RNBDENIMS-EQ,0
NSE,359,ROML,NSE-ROML,Raj Oil Mills,EQ,CASH,EQ,INE294G01026,,,,,1,0.01,,,1,1,ROML-EQ,0
NSE,2909,RICOAUTO,NSE-RICOAUTO,Rico Auto Inds,EQ,CASH,EQ,INE209B01025,,,,,1,0.01,,,1,1,RICOAUTO-EQ,1
NSE,14255,REDINGTON,NSE-REDINGTON,Redington,EQ,CASH,EQ,INE891D01026,,,,,1,0.01,,,1,1,REDINGTON-EQ,1
NSE,20760,RPPINFRA,NSE-RPPINFRA,RPP Infra Projects,EQ,CASH,EQ,INE324L01013,,,,,1,0.01,,,1,1,RPPINFRA-EQ,0
NSE,20323,RESPONIND,NSE-RESPONIND,Responsive Industries,EQ,CASH,EQ,INE688D01026,,,,,1,0.01,,,1,1,RESPONIND-EQ,1
NSE,9552,RVNL,NSE-RVNL,Rail Vikas Nigam,EQ,CASH,EQ,INE415G01027,,,,,1,0.01,,,1,1,RVNL-EQ,1
NSE,31163,RHIM,NSE-RHIM,RHI Magnesita,EQ,CASH,EQ,INE743M01012,,,,,1,0.05,,,1,1,RHIM-EQ,1
NSE,18417,RISHABH,NSE-RISHABH,Rishabh Instruments,EQ,CASH,EQ,INE0N2P01017,,,,,1,0.05,,,1,1,RISHABH-EQ,1
NSE,11975,RML,NSE-RML,Rane Madras,EQ,CASH,EQ,INE050H01012,,,,,1,0.05,,,1,1,RML-EQ,1
NSE,2912,RIIL,NSE-RIIL,Reliance Indl. Infra,EQ,CASH,EQ,INE046A01015,,,,,1,0.05,,,1,1,RIIL-EQ,1
NSE,1565,RVHL,NSE-RVHL,Ravinder Heights,EQ,CASH,EQ,INE09E501017,,,,,1,0.01,,,1,1,RVHL-EQ,0
NSE,18566,RRKABEL,NSE-RRKABEL,RR Kabel,EQ,CASH,EQ,INE777K01022,,,,,1,0.1,,,1,1,RRKABEL-EQ,1
NSE,5279,ROLEXRINGS,NSE-ROLEXRINGS,Rolex Rings,EQ,CASH,EQ,INE645S01024,,,,,1,0.01,,,1,1,ROLEXRINGS-EQ,1
NSE,1480,REPL,NSE-REPL,Rudrabhishek Entr,EQ,CASH,EQ,INE364Z01019,,,,,1,0.01,,,1,1,REPL-EQ,0
NSE,24596,RELTD,NSE-RELTD,Ravindra Energy,EQ,CASH,EQ,INE206N01018,,,,,1,0.01,,,1,1,RELTD-EQ,1
NSE,27297,RTNINDIA,NSE-RTNINDIA,RattanIndia Entr,EQ,CASH,EQ,INE834M01019,,,,,1,0.01,,,1,1,RTNINDIA-EQ,1
NSE,28913,ROSSELLIND,NSE-ROSSELLIND,Rossell India,EQ,CASH,EQ,INE847C01020,,,,,1,0.01,,,1,1,ROSSELLIND-EQ,0
NSE,20950,RKDL,NSE-RKDL,Ravi Kumar Distill,EQ,CASH,EQ,INE722J01012,,,,,1,0.01,,,1,1,RKDL-EQ,0
NSE,17764,REFEX,NSE-REFEX,Refex Industries,EQ,CASH,EQ,INE056I01025,,,,,1,0.05,,,1,1,REFEX-EQ,1
NSE,17520,RTNPOWER,NSE-RTNPOWER,RattanIndia Power,EQ,CASH,EQ,INE399K01017,,,,,1,0.01,,,1,1,RTNPOWER-EQ,1
NSE,24595,RUSHIL,NSE-RUSHIL,Rushil Decor,EQ,CASH,EQ,INE573K01025,,,,,1,0.01,,,1,1,RUSHIL-EQ,0
NSE,25724,RUPA,NSE-RUPA,Rupa & Company,EQ,CASH,EQ,INE895B01021,,,,,1,0.01,,,1,1,RUPA-EQ,1
NSE,24378,RELIABLE,NSE-RELIABLE,Reliable Data Serv,EQ,CASH,EQ,INE375Y01018,,,,,1,0.01,,,1,1,RELIABLE-EQ,0
NSE,18391,RBLBANK,NSE-RBLBANK,RBL Bank,EQ,CASH,EQ,INE976G01028,,,,,1,0.05,,,1,1,RBLBANK-EQ,1
NSE,2866,RCF,NSE-RCF,Rashtriya Chemical,EQ,CASH,EQ,INE027A01015,,,,,1,0.01,,,1,1,RCF-EQ,1
NSE,24730,RUBFILA,NSE-RUBFILA,Rubfila Intl,EQ,CASH,EQ,INE642C01025,,,,,1,0.01,,,1,1,RUBFILA-EQ,0
NSE,9539,SAKAR,NSE-SAKAR,Sakar Healthcare,EQ,CASH,EQ,INE732S01012,,,,,1,0.05,,,1,1,SAKAR-EQ,0
NSE,11983,SASKEN,NSE-SASKEN,Sasken Technologies,EQ,CASH,EQ,INE231F01020,,,,,1,0.1,,,1,1,SASKEN-EQ,1
NSE,3045,SBIN,NSE-SBIN,SBI,EQ,CASH,EQ,INE062A01020,,,,,1,0.05,,,1,1,SBIN-EQ,1
NSE,757767,SAMBHV,NSE-SAMBHV,Sambhv Steel Tubes,EQ,CASH,EQ,INE12NJ01018,,,,,1,0.01,,,1,1,SAMBHV-EQ,1
NSE,6718,SAPPHIRE,NSE-SAPPHIRE,Sapphire Foods,EQ,CASH,EQ,INE806T01020,,,,,1,0.01,,,1,1,SAPPHIRE-EQ,1
NSE,17971,SBICARD,NSE-SBICARD,SBI Cards And Payment,EQ,CASH,EQ,INE018E01016,,,,,1,0.05,,,1,1,SBICARD-EQ,1
NSE,762884,SCANSTL,NSE-SCANSTL,Scan Steels,EQ,CASH,EQ,INE099G01011,,,,,1,0.01,,,1,1,SCANSTL-EQ,0
NSE,762874,SAPPL,NSE-SAPPL,Shree Ajit Pulp,EQ,CASH,EQ,INE185C01017,,,,,1,0.05,,,1,1,SAPPL-EQ,0
NSE,8175,SAGARDEEP,NSE-SAGARDEEP,Sagardeep Alloys,EQ,CASH,EQ,INE976T01013,,,,,1,0.01,,,1,1,SAGARDEEP-EQ,0
NSE,6792,SBC,NSE-SBC,SBC Exports,EQ,CASH,EQ,INE04AK01028,,,,,1,0.01,,,1,1,SBC-EQ,1
NSE,3018,SAURASHCEM,NSE-SAURASHCEM,Saurashtra Cement,EQ,CASH,EQ,INE626A01014,,,,,1,0.01,,,1,1,SAURASHCEM-EQ,0
NSE,14058,SANGHVIMOV,NSE-SANGHVIMOV,Sanghvi Movers,EQ,CASH,EQ,INE989A01032,,,,,1,0.05,,,1,1,SANGHVIMOV-EQ,1
NSE,14043,SARLAPOLY,NSE-SARLAPOLY,Sarla Performance,EQ,CASH,EQ,INE453D01025,,,,,1,0.01,,,1,1,SARLAPOLY-EQ,1
NSE,10618,SADBHIN,NSE-SADBHIN,Sadbhav Infra,EQ,CASH,EQ,INE764L01010,,,,,1,0.01,,,1,1,SADBHIN-EQ,0
NSE,4892,SAREGAMA,NSE-SAREGAMA,Saregama India,EQ,CASH,EQ,INE979A01025,,,,,1,0.05,,,1,1,SAREGAMA-EQ,1
NSE,4184,SANGAMIND,NSE-SANGAMIND,Sangam India,EQ,CASH,EQ,INE495C01010,,,,,1,0.05,,,1,1,SANGAMIND-EQ,1
NSE,11399,SALZERELEC,NSE-SALZERELEC,Salzer Electronics,EQ,CASH,EQ,INE457F01013,,,,,1,0.05,,,1,1,SALZERELEC-EQ,1
NSE,28805,SANATHAN,NSE-SANATHAN,Sanathan Textiles,EQ,CASH,EQ,INE0JPD01013,,,,,1,0.05,,,1,1,SANATHAN-EQ,0
NSE,27839,SAILIFE,NSE-SAILIFE,Sai Life Sciences,EQ,CASH,EQ,INE570L01029,,,,,1,0.1,,,1,1,SAILIFE-EQ,1
NSE,31234,SCHNEIDER,NSE-SCHNEIDER,Schneider Electric,EQ,CASH,EQ,INE839M01018,,,,,1,0.1,,,1,1,SCHNEIDER-EQ,0
NSE,762879,SAYAJIHOTL,NSE-SAYAJIHOTL,Sayaji Hotels,EQ,CASH,EQ,INE318C01014,,,,,1,0.05,,,1,1,SAYAJIHOTL-EQ,0
NSE,761675,SAIPARENT,NSE-SAIPARENT,Sai Parenteral's,EQ,CASH,EQ,INE0H9F01037,,,,,1,0.05,,,1,1,SAIPARENT-EQ,1
NSE,20698,SCHAND,NSE-SCHAND,S Chand & Co,EQ,CASH,EQ,INE807K01035,,,,,1,0.01,,,1,1,SCHAND-EQ,0
NSE,11794,SAKSOFT,NSE-SAKSOFT,Saksoft,EQ,CASH,EQ,INE667G01023,,,,,1,0.01,,,1,1,SAKSOFT-EQ,1
NSE,1011,SCHAEFFLER,NSE-SCHAEFFLER,Schaeffler India,EQ,CASH,EQ,INE513A01022,,,,,1,0.1,,,1,1,SCHAEFFLER-EQ,1
NSE,2969,SAKHTISUG,NSE-SAKHTISUG,Sakthi Sugars,EQ,CASH,EQ,INE623A01011,,,,,1,0.01,,,1,1,SAKHTISUG-EQ,0
NSE,27052,SAGILITY,NSE-SAGILITY,Sagility,EQ,CASH,EQ,INE0W2G01015,,,,,1,0.01,,,1,1,SAGILITY-EQ,1
NSE,14139,SBGLP,NSE-SBGLP,Suratwwala Group,EQ,CASH,EQ,INE05ST01028,,,,,1,0.01,,,1,1,SBGLP-EQ,0
NSE,18614,SAMHI,NSE-SAMHI,Samhi Hotels,EQ,CASH,EQ,INE08U801020,,,,,1,0.01,,,1,1,SAMHI-EQ,1
NSE,3048,SCI,NSE-SCI,Shipping Corporation,EQ,CASH,EQ,INE109A01011,,,,,1,0.05,,,1,1,SCI-EQ,1
NSE,14900,SAHYADRI,NSE-SAHYADRI,Sahyadri Industries,EQ,CASH,EQ,INE280H01015,,,,,1,0.05,,,1,1,SAHYADRI-EQ,0
NSE,21362,SALASAR,NSE-SALASAR,Salasar Techno,EQ,CASH,EQ,INE170V01027,,,,,1,0.01,,,1,1,SALASAR-EQ,0
NSE,1442,SANOFI,NSE-SANOFI,Sanofi India,EQ,CASH,EQ,INE058A01010,,,,,1,0.1,,,1,1,SANOFI-EQ,1
NSE,759057,SAATVIKGL,NSE-SAATVIKGL,Saatvik Green Energy,EQ,CASH,EQ,INE13B501022,,,,,1,0.05,,,1,1,SAATVIKGL-EQ,1
NSE,11045,SATIA,NSE-SATIA,Satia Industries,EQ,CASH,EQ,INE170E01023,,,,,1,0.01,,,1,1,SATIA-EQ,1
NSE,21808,SBILIFE,NSE-SBILIFE,SBI Life Insurance,EQ,CASH,EQ,INE123W01016,,,,,1,0.1,,,1,1,SBILIFE-EQ,1
NSE,18359,SANDUMA,NSE-SANDUMA,Sandur Manganese,EQ,CASH,EQ,INE149K01016,,,,,1,0.01,,,1,1,SANDUMA-EQ,1
NSE,2397,SANDHAR,NSE-SANDHAR,Sandhar Technologies,EQ,CASH,EQ,INE278H01035,,,,,1,0.05,,,1,1,SANDHAR-EQ,1
NSE,30125,SAMMAANCAP,NSE-SAMMAANCAP,Sammaan Capital,EQ,CASH,EQ,INE148I01020,,,,,1,0.01,,,1,1,SAMMAANCAP-EQ,1
NSE,25157,RVTH,NSE-RVTH,Revathi Equip. Ind.,EQ,CASH,EQ,INE0DAB01012,,,,,1,0.05,,,1,1,RVTH-EQ,0
NSE,2963,SAIL,NSE-SAIL,SAIL,EQ,CASH,EQ,INE114A01011,,,,,1,0.01,,,1,1,SAIL-EQ,1
NSE,10453,SATIN,NSE-SATIN,Satin Creditcare,EQ,CASH,EQ,INE836B01017,,,,,1,0.01,,,1,1,SATIN-EQ,1
NSE,4656,SBCL,NSE-SBCL,Shivalik Bimetal,EQ,CASH,EQ,INE386D01027,,,,,1,0.05,,,1,1,SBCL-EQ,1
NSE,17351,SALONA,NSE-SALONA,Salona Cotspin,EQ,CASH,EQ,INE498E01010,,,,,1,0.05,,,1,1,SALONA-EQ,0
NSE,13236,SADBHAV,NSE-SADBHAV,Sadbhav Engineering,EQ,CASH,EQ,INE226H01026,,,,,1,0.01,,,1,1,SADBHAV-EQ,0
NSE,24582,SANSTAR,NSE-SANSTAR,Sanstar,EQ,CASH,EQ,INE08NE01025,,,,,1,0.01,,,1,1,SANSTAR-EQ,1
NSE,25222,SANOFICONR,NSE-SANOFICONR,Sanofi Cons. Health,EQ,CASH,EQ,INE0UOS01011,,,,,1,0.1,,,1,1,SANOFICONR-EQ,1
NSE,761688,SAHLIBHFI,NSE-SAHLIBHFI,Shalibhadra Finance,EQ,CASH,EQ,INE861D01011,,,,,1,0.01,,,1,1,SAHLIBHFI-EQ,0
NSE,23127,SCILAL,NSE-SCILAL,Ship.Corp.(I) Land,EQ,CASH,EQ,INE0PB301013,,,,,1,0.01,,,1,1,SCILAL-EQ,1
NSE,27303,SAMPANN,NSE-SAMPANN,Sampann Utpadan,EQ,CASH,EQ,INE735M01018,,,,,1,0.01,,,1,1,SAMPANN-EQ,0
NSE,2988,SANDESH,NSE-SANDESH,Sandesh,EQ,CASH,EQ,INE583B01015,,,,,1,0.1,,,1,1,SANDESH-EQ,0
NSE,5751,SANSERA,NSE-SANSERA,Sansera Engineering,EQ,CASH,EQ,INE953O01021,,,,,1,0.1,,,1,1,SANSERA-EQ,1
NSE,18026,SBFC,NSE-SBFC,SBFC Finance,EQ,CASH,EQ,INE423Y01016,,,,,1,0.01,,,1,1,SBFC-EQ,1
NSE,13035,SAFARI,NSE-SAFARI,Safari Industries(I),EQ,CASH,EQ,INE429E01023,,,,,1,0.1,,,1,1,SAFARI-EQ,1
NSE,17758,SARDAEN,NSE-SARDAEN,Sarda Energy,EQ,CASH,EQ,INE385C01021,,,,,1,0.05,,,1,1,SARDAEN-EQ,1
NSE,14068,SAGCEM,NSE-SAGCEM,Sagar Cements,EQ,CASH,EQ,INE229C01021,,,,,1,0.01,,,1,1,SAGCEM-EQ,1
NSE,4127,SAMBHAAV,NSE-SAMBHAAV,Sambhaav Media,EQ,CASH,EQ,INE699B01027,,,,,1,0.01,,,1,1,SAMBHAAV-EQ,0
NSE,17271,SENCO,NSE-SENCO,Senco Gold,EQ,CASH,EQ,INE602W01027,,,,,1,0.05,,,1,1,SENCO-EQ,1
NSE,762889,SEIL,NSE-SEIL,Shanti Educational,EQ,CASH,EQ,INE440T01028,,,,,1,0.01,,,1,1,SEIL-EQ,1
NSE,29075,SETL,NSE-SETL,Standard Engineering,EQ,CASH,EQ,INE0M4D01010,,,,,1,0.01,,,1,1,SETL-EQ,1
NSE,761153,SEDEMAC,NSE-SEDEMAC,Sedemac Mechatronics,EQ,CASH,EQ,INE00XB01019,,,,,1,0.1,,,1,1,SEDEMAC-EQ,1
NSE,1338,SDBL,NSE-SDBL,Som DistilleriesBrew,EQ,CASH,EQ,INE480C01038,,,,,1,0.01,,,1,1,SDBL-EQ,1
NSE,19184,SFL,NSE-SFL,Sheela Foam,EQ,CASH,EQ,INE916U01025,,,,,1,0.05,,,1,1,SFL-EQ,1
NSE,6262,SELMC,NSE-SELMC,SEL Mfg,EQ,CASH,EQ,INE105I01020,,,,,1,0.01,,,1,1,SELMC-EQ,0
NSE,19496,SECMARK,NSE-SECMARK,SecMark Consultancy,EQ,CASH,EQ,INE0BTM01013,,,,,1,0.01,,,1,1,SECMARK-EQ,0
NSE,15308,SEPC,NSE-SEPC,SEPC,EQ,CASH,EQ,INE964H01014,,,,,1,0.01,,,1,1,SEPC-EQ,0
NSE,5507,SERVOTECH,NSE-SERVOTECH,Servotech Renewable,EQ,CASH,EQ,INE782X01033,,,,,1,0.01,,,1,1,SERVOTECH-EQ,0
NSE,3066,SESHAPAPER,NSE-SESHAPAPER,Seshasayee Paper,EQ,CASH,EQ,INE630A01024,,,,,1,0.01,,,1,1,SESHAPAPER-EQ,0
NSE,11058,SECURKLOUD,NSE-SECURKLOUD,Securekloud Tech,EQ,CASH,EQ,INE650K01021,,,,,1,0.01,,,1,1,SECURKLOUD-EQ,0
NSE,2616,SEAMECLTD,NSE-SEAMECLTD,Seamec,EQ,CASH,EQ,INE497B01018,,,,,1,0.1,,,1,1,SEAMECLTD-EQ,1
NSE,28888,SENORES,NSE-SENORES,Senores Pharmaceutic,EQ,CASH,EQ,INE0RB801010,,,,,1,0.1,,,1,1,SENORES-EQ,1
NSE,757478,SCODATUBES,NSE-SCODATUBES,Scoda Tubes,EQ,CASH,EQ,INE090501011,,,,,1,0.01,,,1,1,SCODATUBES-EQ,1
NSE,17186,SHRIPISTON,NSE-SHRIPISTON,SPR Auto Technologie,EQ,CASH,EQ,INE526E01018,,,,,1,0.1,,,1,1,SHRIPISTON-EQ,1
NSE,15342,SHALPAINTS,NSE-SHALPAINTS,Shalimar Paints,EQ,CASH,EQ,INE849C01026,,,,,1,0.01,,,1,1,SHALPAINTS-EQ,0
NSE,5068,SHEMAROO,NSE-SHEMAROO,Shemaroo Enter,EQ,CASH,EQ,INE363M01019,,,,,1,0.01,,,1,1,SHEMAROO-EQ,0
NSE,759448,SHREEJISPG,NSE-SHREEJISPG,Shreeji Ship.Global,EQ,CASH,EQ,INE1B6101010,,,,,1,0.05,,,1,1,SHREEJISPG-EQ,1
NSE,7200,SHRIRAMPPS,NSE-SHRIRAMPPS,Shriram Properties,EQ,CASH,EQ,INE217L01019,,,,,1,0.01,,,1,1,SHRIRAMPPS-EQ,1
NSE,4306,SHRIRAMFIN,NSE-SHRIRAMFIN,Shriram Finance,EQ,CASH,EQ,INE721A01047,,,,,1,0.05,,,1,1,SHRIRAMFIN-EQ,1
NSE,762909,SHRIKRISH,NSE-SHRIKRISH,Shri Krishna Devcon,EQ,CASH,EQ,INE997I01012,,,,,1,0.01,,,1,1,SHRIKRISH-EQ,0
NSE,3099,SHREDIGCEM,NSE-SHREDIGCEM,Shree DigvijayCement,EQ,CASH,EQ,INE232A01011,,,,,1,0.01,,,1,1,SHREDIGCEM-EQ,1
NSE,8727,SHAILY,NSE-SHAILY,Shaily,EQ,CASH,EQ,INE151G01028,,,,,1,0.1,,,1,1,SHAILY-EQ,1
NSE,762904,SHINDL,NSE-SHINDL,Sharat Industries,EQ,CASH,EQ,INE220Z01013,,,,,1,0.01,,,1,1,SHINDL-EQ,1
NSE,761469,SHADOWFAX,NSE-SHADOWFAX,Shadowfax Tech.,EQ,CASH,EQ,INE12UN01015,,,,,1,0.01,,,1,1,SHADOWFAX-EQ,1
NSE,5114,SGIL,NSE-SGIL,Synergy Green Inds,EQ,CASH,EQ,INE00QT01015,,,,,1,0.05,,,1,1,SGIL-EQ,1
NSE,708,SHRADHA,NSE-SHRADHA,Shradha Realty,EQ,CASH,EQ,INE715Y01031,,,,,1,0.01,,,1,1,SHRADHA-EQ,0
NSE,759093,SHRINGARMS,NSE-SHRINGARMS,Shringar House,EQ,CASH,EQ,INE1B3L01017,,,,,1,0.01,,,1,1,SHRINGARMS-EQ,1
NSE,16875,SICAGEN,NSE-SICAGEN,Sicagen India,EQ,CASH,EQ,INE176J01011,,,,,1,0.01,,,1,1,SICAGEN-EQ,0
NSE,758889,SGMART,NSE-SGMART,SG Mart,EQ,CASH,EQ,INE385F01024,,,,,1,0.05,,,1,1,SGMART-EQ,1
NSE,758853,SGFIN,NSE-SGFIN,SG Finserve,EQ,CASH,EQ,INE618R01015,,,,,1,0.05,,,1,1,SGFIN-EQ,1
NSE,10530,SHARDAMOTR,NSE-SHARDAMOTR,Sharda Motor,EQ,CASH,EQ,INE597I01028,,,,,1,0.05,,,1,1,SHARDAMOTR-EQ,1
NSE,3126,SHREYANIND,NSE-SHREYANIND,Shreyans Inds,EQ,CASH,EQ,INE231C01019,,,,,1,0.01,,,1,1,SHREYANIND-EQ,0
NSE,762894,SHARDUL,NSE-SHARDUL,Shardul Securities,EQ,CASH,EQ,INE037B01020,,,,,1,0.01,,,1,1,SHARDUL-EQ,0
NSE,3078,SHANTIGEAR,NSE-SHANTIGEAR,Shanthi Gears,EQ,CASH,EQ,INE631A01022,,,,,1,0.05,,,1,1,SHANTIGEAR-EQ,0
NSE,3103,SHREECEM,NSE-SHREECEM,Shree Cement,EQ,CASH,EQ,INE070A01015,,,,,1,5.0,,,1,1,SHREECEM-EQ,1
NSE,4992,SHARDACROP,NSE-SHARDACROP,Sharda Cropchem,EQ,CASH,EQ,INE221J01015,,,,,1,0.05,,,1,1,SHARDACROP-EQ,1
NSE,759747,SHIVAUM,NSE-SHIVAUM,Shiv Aum Steels,EQ,CASH,EQ,INE719F01016,,,,,1,0.05,,,1,1,SHIVAUM-EQ,0
NSE,7627,SHREERAMA,NSE-SHREERAMA,Shree Rama Tech,EQ,CASH,EQ,INE879A01019,,,,,1,0.01,,,1,1,SHREERAMA-EQ,0
NSE,804,SHIVATEX,NSE-SHIVATEX,Shiva Texyarn,EQ,CASH,EQ,INE705C01020,,,,,1,0.01,,,1,1,SHIVATEX-EQ,0
NSE,17752,SHILPAMED,NSE-SHILPAMED,Shilpa Medicare,EQ,CASH,EQ,INE790G01031,,,,,1,0.05,,,1,1,SHILPAMED-EQ,1
NSE,13367,SGL,NSE-SGL,STL Global,EQ,CASH,EQ,INE353H01010,,,,,1,0.01,,,1,1,SGL-EQ,0
NSE,758002,SHANTIGOLD,NSE-SHANTIGOLD,Shanti Gold Internat,EQ,CASH,EQ,INE06ZD01017,,,,,1,0.01,,,1,1,SHANTIGOLD-EQ,1
NSE,25574,SHAKTIPUMP,NSE-SHAKTIPUMP,Shakti Pumps,EQ,CASH,EQ,INE908D01010,,,,,1,0.05,,,1,1,SHAKTIPUMP-EQ,1
NSE,11856,SHAHALLOYS,NSE-SHAHALLOYS,Shah Alloys,EQ,CASH,EQ,INE640C01011,,,,,1,0.01,,,1,1,SHAHALLOYS-EQ,0
NSE,11813,SHOPERSTOP,NSE-SHOPERSTOP,Shoppers Stop,EQ,CASH,EQ,INE498B01024,,,,,1,0.05,,,1,1,SHOPERSTOP-EQ,1
NSE,5650,SHANTI,NSE-SHANTI,Shanti Overseas,EQ,CASH,EQ,INE933X01016,,,,,1,0.01,,,1,1,SHANTI-EQ,0
NSE,714,SHALBY,NSE-SHALBY,Shalby,EQ,CASH,EQ,INE597J01018,,,,,1,0.01,,,1,1,SHALBY-EQ,1
NSE,10188,SHYAMCENT,NSE-SHYAMCENT,Shyam Century,EQ,CASH,EQ,INE979R01011,,,,,1,0.01,,,1,1,SHYAMCENT-EQ,0
NSE,104,SHAREINDIA,NSE-SHAREINDIA,Share India,EQ,CASH,EQ,INE932X01026,,,,,1,0.01,,,1,1,SHAREINDIA-EQ,1
NSE,20296,SHAH,NSE-SHAH,Shah Metacorp,EQ,CASH,EQ,INE482J01021,,,,,1,0.01,,,1,1,SHAH-EQ,0
NSE,759847,SHILCTECH,NSE-SHILCTECH,Shilchar Tech,EQ,CASH,EQ,INE024F01011,,,,,1,0.1,,,1,1,SHILCTECH-EQ,1
NSE,762899,SHBAJRG,NSE-SHBAJRG,Shri Bajrang,EQ,CASH,EQ,INE402H01015,,,,,1,0.01,,,1,1,SHBAJRG-EQ,0
NSE,4693,SHYAMMETL,NSE-SHYAMMETL,Shyam Metalics,EQ,CASH,EQ,INE810G01011,,,,,1,0.05,,,1,1,SHYAMMETL-EQ,1
NSE,11212,SHK,NSE-SHK,SH Kelkar & Co,EQ,CASH,EQ,INE500L01026,,,,,1,0.01,,,1,1,SHK-EQ,1
NSE,10588,SHREEPUSHK,NSE-SHREEPUSHK,Shree Pushkar Chem,EQ,CASH,EQ,INE712K01011,,,,,1,0.05,,,1,1,SHREEPUSHK-EQ,1
NSE,13631,SKYGOLD,NSE-SKYGOLD,Sky Gold & Diamonds,EQ,CASH,EQ,INE01IU01018,,,,,1,0.05,,,1,1,SKYGOLD-EQ,1
NSE,19372,SPCENET,NSE-SPCENET,Spacenet Entr,EQ,CASH,EQ,INE970N01027,,,,,1,0.01,,,1,1,SPCENET-EQ,0
NSE,4684,SONACOMS,NSE-SONACOMS,Sona BLW Precision,EQ,CASH,EQ,INE073K01018,,,,,1,0.05,,,1,1,SONACOMS-EQ,1
NSE,759929,SOLARWORLD,NSE-SOLARWORLD,Solarworld Energy So,EQ,CASH,EQ,INE0TY101024,,,,,1,0.01,,,1,1,SOLARWORLD-EQ,1
NSE,27107,SPECIALITY,NSE-SPECIALITY,Speciality Restaurants,EQ,CASH,EQ,INE247M01014,,,,,1,0.01,,,1,1,SPECIALITY-EQ,0
NSE,757965,SMARTWORKS,NSE-SMARTWORKS,Smartworks Coworking,EQ,CASH,EQ,INE0NAZ01010,,,,,1,0.05,,,1,1,SMARTWORKS-EQ,1
NSE,18883,SJVN,NSE-SJVN,SJVN,EQ,CASH,EQ,INE002L01015,,,,,1,0.01,,,1,1,SJVN-EQ,1
NSE,759397,SOLEX,NSE-SOLEX,Solex Energy,EQ,CASH,EQ,INE880Y01017,,,,,1,0.1,,,1,1,SOLEX-EQ,0
NSE,9678,SOUTHWEST,NSE-SOUTHWEST,SW Pinnacle,EQ,CASH,EQ,INE980Y01015,,,,,1,0.05,,,1,1,SOUTHWEST-EQ,1
NSE,19097,SILLYMONKS,NSE-SILLYMONKS,Silly Monks Enter,EQ,CASH,EQ,INE203Y01012,,,,,1,0.01,,,1,1,SILLYMONKS-EQ,0
NSE,14329,SMSPHARMA,NSE-SMSPHARMA,SMS Pharmaceuticals,EQ,CASH,EQ,INE812G01025,,,,,1,0.05,,,1,1,SMSPHARMA-EQ,1
NSE,14788,SPARC,NSE-SPARC,Sun Pharma Adv. Res,EQ,CASH,EQ,INE232I01014,,,,,1,0.01,,,1,1,SPARC-EQ,1
NSE,3672,SOLARA,NSE-SOLARA,Solara Active Pharma,EQ,CASH,EQ,INE624Z01016,,,,,1,0.05,,,1,1,SOLARA-EQ,1
NSE,4201,SOMATEX,NSE-SOMATEX,Soma Textiles,EQ,CASH,EQ,INE314C01013,,,,,1,0.01,,,1,1,SOMATEX-EQ,0
NSE,3880,SOMANYCERA,NSE-SOMANYCERA,Somany Ceramics,EQ,CASH,EQ,INE355A01028,,,,,1,0.05,,,1,1,SOMANYCERA-EQ,1
NSE,3252,SPIC,NSE-SPIC,Southern Petrochem,EQ,CASH,EQ,INE147A01011,,,,,1,0.01,,,1,1,SPIC-EQ,1
NSE,760101,SKFINDUS,NSE-SKFINDUS,SKF India (Indust.),EQ,CASH,EQ,INE2J8701016,,,,,1,0.1,,,1,1,SKFINDUS-EQ,1
NSE,4522,SIGIND,NSE-SIGIND,Signet Industries,EQ,CASH,EQ,INE529F01035,,,,,1,0.01,,,1,1,SIGIND-EQ,0
NSE,11050,SIRCA,NSE-SIRCA,SIRCA Paints India,EQ,CASH,EQ,INE792Z01011,,,,,1,0.05,,,1,1,SIRCA-EQ,1
NSE,16658,SIGMA,NSE-SIGMA,Sigma Solve,EQ,CASH,EQ,INE0A0S01028,,,,,1,0.01,,,1,1,SIGMA-EQ,0
NSE,761420,SINGERIND,NSE-SINGERIND,Singer India,EQ,CASH,EQ,INE638A01035,,,,,1,0.01,,,1,1,SINGERIND-EQ,0
NSE,18743,SIGNATURE,NSE-SIGNATURE,Signatureglobal Ind.,EQ,CASH,EQ,INE903U01023,,,,,1,0.05,,,1,1,SIGNATURE-EQ,1
NSE,6596,SONATSOFTW,NSE-SONATSOFTW,Sonata Software,EQ,CASH,EQ,INE269A01021,,,,,1,0.05,,,1,1,SONATSOFTW-EQ,1
NSE,21501,SIS,NSE-SIS,SIS,EQ,CASH,EQ,INE285J01028,,,,,1,0.05,,,1,1,SIS-EQ,1
NSE,3021,SOTL,NSE-SOTL,Savita Oil Tech,EQ,CASH,EQ,INE035D01020,,,,,1,0.05,,,1,1,SOTL-EQ,1
NSE,8806,SONAMLTD,NSE-SONAMLTD,Sonam,EQ,CASH,EQ,INE00LM01029,,,,,1,0.01,,,1,1,SONAMLTD-EQ,0
NSE,762919,SONAL,NSE-SONAL,Sonal Mercantile,EQ,CASH,EQ,INE321M01017,,,,,1,0.01,,,1,1,SONAL-EQ,0
NSE,11435,SPANDANA,NSE-SPANDANA,Spandana Sphoorty,EQ,CASH,EQ,INE572J01011,,,,,1,0.05,,,1,1,SPANDANA-EQ,1
NSE,6843,SMLT,NSE-SMLT,Sarthak Metals,EQ,CASH,EQ,INE017W01010,,,,,1,0.01,,,1,1,SMLT-EQ,0
NSE,13826,SOBHA,NSE-SOBHA,Sobha,EQ,CASH,EQ,INE671H01015,,,,,1,0.1,,,1,1,SOBHA-EQ,1
NSE,3162,SIMPLEXINF,NSE-SIMPLEXINF,Simplex Infra,EQ,CASH,EQ,INE059B01024,,,,,1,0.05,,,1,1,SIMPLEXINF-EQ,1
NSE,4105,SILINV,NSE-SILINV,SIL Investments,EQ,CASH,EQ,INE923A01015,,,,,1,0.05,,,1,1,SILINV-EQ,0
NSE,5948,SOUTHBANK,NSE-SOUTHBANK,South Indian Bank,EQ,CASH,EQ,INE683A01023,,,,,1,0.01,,,1,1,SOUTHBANK-EQ,1
NSE,762914,SIKA,NSE-SIKA,Sika Interplant Sys,EQ,CASH,EQ,INE438E01032,,,,,1,0.05,,,1,1,SIKA-EQ,1
NSE,14096,SIYSIL,NSE-SIYSIL,Siyaram Silk Mills,EQ,CASH,EQ,INE076B01028,,,,,1,0.05,,,1,1,SIYSIL-EQ,1
NSE,16859,SINDHUTRAD,NSE-SINDHUTRAD,Sindhu Trade Links,EQ,CASH,EQ,INE325D01025,,,,,1,0.01,,,1,1,SINDHUTRAD-EQ,1
NSE,11935,SPLIL,NSE-SPLIL,SPL Industries,EQ,CASH,EQ,INE978G01016,,,,,1,0.01,,,1,1,SPLIL-EQ,0
NSE,18252,SPAL,NSE-SPAL,SP Apparels,EQ,CASH,EQ,INE212I01016,,,,,1,0.05,,,1,1,SPAL-EQ,1
NSE,22656,SIGNPOST,NSE-SIGNPOST,Signpost India,EQ,CASH,EQ,INE0KGZ01021,,,,,1,0.05,,,1,1,SIGNPOST-EQ,1
NSE,8163,SPENCERS,NSE-SPENCERS,Spencer's Retail,EQ,CASH,EQ,INE020801028,,,,,1,0.01,,,1,1,SPENCERS-EQ,0
NSE,9428,SKIPPER,NSE-SKIPPER,Skipper,EQ,CASH,EQ,INE439E01022,,,,,1,0.05,,,1,1,SKIPPER-EQ,1
NSE,381,SINTERCOM,NSE-SINTERCOM,Sintercom India,EQ,CASH,EQ,INE129Z01016,,,,,1,0.01,,,1,1,SINTERCOM-EQ,0
NSE,3387,SMLMAH,NSE-SMLMAH,SML Mahindra,EQ,CASH,EQ,INE294B01019,,,,,1,0.1,,,1,1,SMLMAH-EQ,1
NSE,6218,SIKKO,NSE-SIKKO,Sikko Industries,EQ,CASH,EQ,INE112X01025,,,,,1,0.01,,,1,1,SIKKO-EQ,0
NSE,2492,SILGO,NSE-SILGO,Silgo Retail,EQ,CASH,EQ,INE01II01013,,,,,1,0.01,,,1,1,SILGO-EQ,0
NSE,2320,SMCGLOBAL,NSE-SMCGLOBAL,SMC Global Sec.,EQ,CASH,EQ,INE103C01036,,,,,1,0.01,,,1,1,SMCGLOBAL-EQ,1
NSE,23480,SINCLAIR,NSE-SINCLAIR,Sinclairs Hotels,EQ,CASH,EQ,INE985A01022,,,,,1,0.01,,,1,1,SINCLAIR-EQ,0
NSE,4843,SNOWMAN,NSE-SNOWMAN,Snowman Logistics,EQ,CASH,EQ,INE734N01019,,,,,1,0.01,,,1,1,SNOWMAN-EQ,0
NSE,6643,SJS,NSE-SJS,SJS Enterprises,EQ,CASH,EQ,INE284S01014,,,,,1,0.1,,,1,1,SJS-EQ,1
NSE,11297,SIL,NSE-SIL,Standard Industries,EQ,CASH,EQ,INE173A01025,,,,,1,0.01,,,1,1,SIL-EQ,0
NSE,9422,SILVERTUC,NSE-SILVERTUC,Silver Touch,EQ,CASH,EQ,INE625X01026,,,,,1,0.01,,,1,1,SILVERTUC-EQ,0
NSE,30455,SPECTRUM,NSE-SPECTRUM,Spectrum Electrical,EQ,CASH,EQ,INE01EO01010,,,,,1,0.1,,,1,1,SPECTRUM-EQ,1
NSE,4732,SKMEGGPROD,NSE-SKMEGGPROD,SKM Egg Products,EQ,CASH,EQ,INE411D01023,,,,,1,0.01,,,1,1,SKMEGGPROD-EQ,1
NSE,17794,SOMICONVEY,NSE-SOMICONVEY,Somi Conveyor,EQ,CASH,EQ,INE323J01019,,,,,1,0.01,,,1,1,SOMICONVEY-EQ,0
NSE,3186,SKFINDIA,NSE-SKFINDIA,SKF India,EQ,CASH,EQ,INE640A01023,,,,,1,0.1,,,1,1,SKFINDIA-EQ,1
NSE,3150,SIEMENS,NSE-SIEMENS,Siemens,EQ,CASH,EQ,INE003A01024,,,,,1,0.1,,,1,1,SIEMENS-EQ,1
NSE,13332,SOLARINDS,NSE-SOLARINDS,Solar Industries,EQ,CASH,EQ,INE343H01029,,,,,1,1.0,,,1,1,SOLARINDS-EQ,1
NSE,29439,SUPREME,NSE-SUPREME,Supreme Holdings,EQ,CASH,EQ,INE822E01011,,,,,1,0.01,,,1,1,SUPREME-EQ,0
NSE,3357,SUPERSPIN,NSE-SUPERSPIN,Super Spinning Mills,EQ,CASH,EQ,INE662A01027,,,,,1,0.01,,,1,1,SUPERSPIN-EQ,0
NSE,17105,SUMICHEM,NSE-SUMICHEM,Sumitomo Chemical,EQ,CASH,EQ,INE258G01013,,,,,1,0.05,,,1,1,SUMICHEM-EQ,1
NSE,13801,SUTLEJTEX,NSE-SUTLEJTEX,Sutlej Textiles,EQ,CASH,EQ,INE645H01027,,,,,1,0.01,,,1,1,SUTLEJTEX-EQ,0
NSE,10700,SURANAT&P,NSE-SURANAT&P,Surana Telecom,EQ,CASH,EQ,INE130B01031,,,,,1,0.01,,,1,1,SURANAT&P-EQ,0
NSE,3351,SUNPHARMA,NSE-SUNPHARMA,Sun Pharma Inds.,EQ,CASH,EQ,INE044A01036,,,,,1,0.1,,,1,1,SUNPHARMA-EQ,1
NSE,9305,STARTECK,NSE-STARTECK,Starteck Finance,EQ,CASH,EQ,INE992I01013,,,,,1,0.05,,,1,1,STARTECK-EQ,0
NSE,10406,STEELCITY,NSE-STEELCITY,Steel City Secs,EQ,CASH,EQ,INE395H01011,,,,,1,0.01,,,1,1,STEELCITY-EQ,0
NSE,3327,SUDARSCHEM,NSE-SUDARSCHEM,Sudarshan Chemicals,EQ,CASH,EQ,INE659A01023,,,,,1,0.05,,,1,1,SUDARSCHEM-EQ,1
NSE,13218,SULA,NSE-SULA,Sula Vineyards,EQ,CASH,EQ,INE142Q01026,,,,,1,0.01,,,1,1,SULA-EQ,1
NSE,15002,SUPREMEINF,NSE-SUPREMEINF,Supreme Infra,EQ,CASH,EQ,INE550H01011,,,,,1,0.01,,,1,1,SUPREMEINF-EQ,0
NSE,21339,STEELXIND,NSE-STEELXIND,Steel Exchange India,EQ,CASH,EQ,INE503B01021,,,,,1,0.01,,,1,1,STEELXIND-EQ,1
NSE,24851,SUYOG,NSE-SUYOG,Suyog Telematics,EQ,CASH,EQ,INE442P01014,,,,,1,0.05,,,1,1,SUYOG-EQ,1
NSE,762924,SURYALA,NSE-SURYALA,Suryalata Spg Mills,EQ,CASH,EQ,INE132C01027,,,,,1,0.05,,,1,1,SURYALA-EQ,0
NSE,1663,SUNDROP,NSE-SUNDROP,Sundrop Brands,EQ,CASH,EQ,INE209A01019,,,,,1,0.05,,,1,1,SUNDROP-EQ,0
NSE,11909,SWELECTES,NSE-SWELECTES,Swelect Energy,EQ,CASH,EQ,INE409B01013,,,,,1,0.05,,,1,1,SWELECTES-EQ,1
NSE,27095,SWANCORP,NSE-SWANCORP,Swan Corp,EQ,CASH,EQ,INE665A01038,,,,,1,0.05,,,1,1,SWANCORP-EQ,1
NSE,15121,SVLL,NSE-SVLL,Shree Vasu Logistics,EQ,CASH,EQ,INE00CE01017,,,,,1,0.05,,,1,1,SVLL-EQ,0
NSE,21077,SURANASOL,NSE-SURANASOL,Surana Solar,EQ,CASH,EQ,INE272L01022,,,,,1,0.01,,,1,1,SURANASOL-EQ,0
NSE,20616,SUPERHOUSE,NSE-SUPERHOUSE,Super house,EQ,CASH,EQ,INE712B01010,,,,,1,0.01,,,1,1,SUPERHOUSE-EQ,0
NSE,760039,SUDEEPPHRM,NSE-SUDEEPPHRM,Sudeep Pharma,EQ,CASH,EQ,INE0QPI01025,,,,,1,0.05,,,1,1,SUDEEPPHRM-EQ,1
NSE,2998,SUVIDHAA,NSE-SUVIDHAA,Suvidhaa Infoserve,EQ,CASH,EQ,INE018401013,,,,,1,0.01,,,1,1,SUVIDHAA-EQ,0
NSE,3273,SRF,NSE-SRF,SRF,EQ,CASH,EQ,INE647A01010,,,,,1,0.1,,,1,1,SRF-EQ,1
NSE,10733,SPORTKING,NSE-SPORTKING,Sportking India,EQ,CASH,EQ,INE885H01029,,,,,1,0.01,,,1,1,SPORTKING-EQ,1
NSE,21484,STEL,NSE-STEL,STEL Holdings,EQ,CASH,EQ,INE577L01016,,,,,1,0.05,,,1,1,STEL-EQ,0
NSE,20956,SUNCLAY,NSE-SUNCLAY,Sundaram-Clayton,EQ,CASH,EQ,INE0Q3R01026,,,,,1,0.1,,,1,1,SUNCLAY-EQ,1
NSE,5186,STYLAMIND,NSE-STYLAMIND,Stylam Industries,EQ,CASH,EQ,INE239C01020,,,,,1,0.1,,,1,1,STYLAMIND-EQ,1
NSE,23402,SRM,NSE-SRM,SRM Contractors Ltd,EQ,CASH,EQ,INE0R6Z01013,,,,,1,0.05,,,1,1,SRM-EQ,1
NSE,3321,SPMLINFRA,NSE-SPMLINFRA,SPML Infra,EQ,CASH,EQ,INE937A01023,,,,,1,0.01,,,1,1,SPMLINFRA-EQ,1
NSE,11689,SUPRAJIT,NSE-SUPRAJIT,Suprajit Engineering,EQ,CASH,EQ,INE399C01030,,,,,1,0.05,,,1,1,SUPRAJIT-EQ,1
NSE,24226,STANLEY,NSE-STANLEY,Stanley Lifestyles,EQ,CASH,EQ,INE01A001028,,,,,1,0.01,,,1,1,STANLEY-EQ,1
NSE,3363,SUPREMEIND,NSE-SUPREMEIND,Supreme Industries,EQ,CASH,EQ,INE195A01028,,,,,1,0.1,,,1,1,SUPREMEIND-EQ,1
NSE,11852,SURYALAXMI,NSE-SURYALAXMI,Suryalakshmi Cotton,EQ,CASH,EQ,INE713B01026,,,,,1,0.01,,,1,1,SURYALAXMI-EQ,0
NSE,24966,SURAJLTD,NSE-SURAJLTD,Suraj,EQ,CASH,EQ,INE713C01016,,,,,1,0.01,,,1,1,SURAJLTD-EQ,0
NSE,3345,SUNDRMFAST,NSE-SUNDRMFAST,Sundram Fasteners,EQ,CASH,EQ,INE387A01021,,,,,1,0.05,,,1,1,SUNDRMFAST-EQ,1
NSE,11829,SSWL,NSE-SSWL,Steel Strips Wheels,EQ,CASH,EQ,INE802C01033,,,,,1,0.01,,,1,1,SSWL-EQ,1
NSE,3339,SUNDARMFIN,NSE-SUNDARMFIN,Sundaram Finance,EQ,CASH,EQ,INE660A01013,,,,,1,0.1,,,1,1,SUNDARMFIN-EQ,1
NSE,11804,SUKHJITS,NSE-SUKHJITS,Sukhjit Starch,EQ,CASH,EQ,INE450E01029,,,,,1,0.01,,,1,1,SUKHJITS-EQ,0
NSE,760188,SRTL,NSE-SRTL,Shree Ram Twistex,EQ,CASH,EQ,INE19GK01015,,,,,1,0.01,,,1,1,SRTL-EQ,0
NSE,3348,SUNFLAG,NSE-SUNFLAG,Sunflag Iron,EQ,CASH,EQ,INE947A01014,,,,,1,0.05,,,1,1,SUNFLAG-EQ,1
NSE,13404,SUNTV,NSE-SUNTV,Sun TV Network,EQ,CASH,EQ,INE424H01027,,,,,1,0.05,,,1,1,SUNTV-EQ,1
NSE,3291,STARPAPER,NSE-STARPAPER,Star Paper Mills,EQ,CASH,EQ,INE733A01018,,,,,1,0.01,,,1,1,STARPAPER-EQ,0
NSE,18931,SUNDARAM,NSE-SUNDARAM,Sundaram Multi Pap,EQ,CASH,EQ,INE108E01023,,,,,1,0.01,,,1,1,SUNDARAM-EQ,0
NSE,759587,STUDDS,NSE-STUDDS,Studds Accessories,EQ,CASH,EQ,INE00Q601028,,,,,1,0.05,,,1,1,STUDDS-EQ,1
NSE,10948,STCINDIA,NSE-STCINDIA,STC,EQ,CASH,EQ,INE655A01013,,,,,1,0.01,,,1,1,STCINDIA-EQ,0
NSE,18119,SRGHFL,NSE-SRGHFL,SRG Housing,EQ,CASH,EQ,INE559N01010,,,,,1,0.05,,,1,1,SRGHFL-EQ,0
NSE,7083,STARHEALTH,NSE-STARHEALTH,Star Health Insurance,EQ,CASH,EQ,INE575P01011,,,,,1,0.05,,,1,1,STARHEALTH-EQ,1
NSE,24856,SSDL,NSE-SSDL,Saraswati Saree Dep.,EQ,CASH,EQ,INE0PQ101010,,,,,1,0.01,,,1,1,SSDL-EQ,0
NSE,3375,SURYAROSNI,NSE-SURYAROSNI,Surya Roshni,EQ,CASH,EQ,INE335A01020,,,,,1,0.01,,,1,1,SURYAROSNI-EQ,1
NSE,21091,STARCEMENT,NSE-STARCEMENT,Star Cement,EQ,CASH,EQ,INE460H01021,,,,,1,0.01,,,1,1,STARCEMENT-EQ,1
NSE,4299,STERTOOLS,NSE-STERTOOLS,Sterling Tools,EQ,CASH,EQ,INE334A01023,,,,,1,0.01,,,1,1,STERTOOLS-EQ,1
NSE,20822,SURAJEST,NSE-SURAJEST,Suraj Estate Develop,EQ,CASH,EQ,INE843S01025,,,,,1,0.01,,,1,1,SURAJEST-EQ,1
NSE,27334,SURAKSHA,NSE-SURAKSHA,Suraksha Diagnostic,EQ,CASH,EQ,INE877V01027,,,,,1,0.05,,,1,1,SURAKSHA-EQ,1
NSE,7374,STAR,NSE-STAR,Strides Pharma,EQ,CASH,EQ,INE939A01011,,,,,1,0.1,,,1,1,STAR-EQ,1
NSE,27066,SWIGGY,NSE-SWIGGY,Swiggy,EQ,CASH,EQ,INE00H001014,,,,,1,0.05,,,1,1,SWIGGY-EQ,1
NSE,21275,SUMMITSEC,NSE-SUMMITSEC,Summit Securities,EQ,CASH,EQ,INE519C01017,,,,,1,0.1,,,1,1,SUMMITSEC-EQ,0
NSE,14582,SRHHYPOLTD,NSE-SRHHYPOLTD,Sree Rayalaseema,EQ,CASH,EQ,INE917H01012,,,,,1,0.05,,,1,1,SRHHYPOLTD-EQ,0
NSE,11233,SUVEN,NSE-SUVEN,Suven Life Sciences,EQ,CASH,EQ,INE495B01038,,,,,1,0.05,,,1,1,SUVEN-EQ,1
NSE,715,SUDARCOLOR,NSE-SUDARCOLOR,Sudarshan Colorants,EQ,CASH,EQ,INE492A01029,,,,,1,0.05,,,1,1,SUDARCOLOR-EQ,0
NSE,29204,STALLION,NSE-STALLION,Stallion India Fluor,EQ,CASH,EQ,INE0RYC01010,,,,,1,0.01,,,1,1,STALLION-EQ,1
NSE,12018,SUZLON,NSE-SUZLON,Suzlon Energy,EQ,CASH,EQ,INE040H01021,,,,,1,0.01,,,1,1,SUZLON-EQ,1
NSE,2107,STOVEKRAFT,NSE-STOVEKRAFT,Stove Kraft,EQ,CASH,EQ,INE00IN01015,,,,,1,0.05,,,1,1,STOVEKRAFT-EQ,1
NSE,20790,SUMEETINDS,NSE-SUMEETINDS,Sumeet Industries,EQ,CASH,EQ,INE235C01036,,,,,1,0.01,,,1,1,SUMEETINDS-EQ,0
NSE,3384,SWARAJENG,NSE-SWARAJENG,Swaraj Engines,EQ,CASH,EQ,INE277A01016,,,,,1,0.1,,,1,1,SWARAJENG-EQ,1
NSE,4179,SUNDRMBRAK,NSE-SUNDRMBRAK,Sundaram Brake Lin,EQ,CASH,EQ,INE073D01013,,,,,1,0.05,,,1,1,SUNDRMBRAK-EQ,0
NSE,759934,STYL,NSE-STYL,Seshaasai Technologi,EQ,CASH,EQ,INE04VU01023,,,,,1,0.05,,,1,1,STYL-EQ,1
NSE,31837,SREEL,NSE-SREEL,Sreeleathers,EQ,CASH,EQ,INE099F01013,,,,,1,0.01,,,1,1,SREEL-EQ,0
NSE,6803,STEELCAS,NSE-STEELCAS,Steelcast,EQ,CASH,EQ,INE124E01038,,,,,1,0.05,,,1,1,STEELCAS-EQ,1
NSE,2970,SURYODAY,NSE-SURYODAY,Suryoday Small Fin,EQ,CASH,EQ,INE428Q01011,,,,,1,0.01,,,1,1,SURYODAY-EQ,1
NSE,25737,SRD,NSE-SRD,Shankar Lal Rampal,EQ,CASH,EQ,INE01NE01012,,,,,1,0.01,,,1,1,SRD-EQ,0
NSE,17641,SUNTECK,NSE-SUNTECK,Sunteck Realty,EQ,CASH,EQ,INE805D01034,,,,,1,0.05,,,1,1,SUNTECK-EQ,1
NSE,7390,SUPRIYA,NSE-SUPRIYA,Supriya Lifescience,EQ,CASH,EQ,INE07RO01027,,,,,1,0.05,,,1,1,SUPRIYA-EQ,1
NSE,19,STYRENIX,NSE-STYRENIX,Styrenix Performance,EQ,CASH,EQ,INE189B01011,,,,,1,0.1,,,1,1,STYRENIX-EQ,1
NSE,9617,SPLPETRO,NSE-SPLPETRO,Supreme Petrochem,EQ,CASH,EQ,INE663A01033,,,,,1,0.05,,,1,1,SPLPETRO-EQ,1
NSE,3324,SUBROS,NSE-SUBROS,Subros,EQ,CASH,EQ,INE287B01021,,,,,1,0.05,,,1,1,SUBROS-EQ,1
NSE,756020,TINNARUBR,NSE-TINNARUBR,Tinna Rubber,EQ,CASH,EQ,INE015C01016,,,,,1,0.05,,,1,1,TINNARUBR-EQ,1
NSE,14223,TIIL,NSE-TIIL,Technocraft Inds,EQ,CASH,EQ,INE545H01011,,,,,1,0.1,,,1,1,TIIL-EQ,1
NSE,21427,THEINVEST,NSE-THEINVEST,Inv Trust of India,EQ,CASH,EQ,INE924D01017,,,,,1,0.01,,,1,1,THEINVEST-EQ,0
NSE,20293,TATATECH,NSE-TATATECH,Tata Technologies,EQ,CASH,EQ,INE142M01025,,,,,1,0.05,,,1,1,TATATECH-EQ,1
NSE,10793,SYRMA,NSE-SYRMA,Syrma SGS Technology,EQ,CASH,EQ,INE0DYJ01015,,,,,1,0.1,,,1,1,SYRMA-EQ,1
NSE,14485,THEMISMED,NSE-THEMISMED,Themis Medicare,EQ,CASH,EQ,INE083B01024,,,,,1,0.01,,,1,1,THEMISMED-EQ,1
NSE,19279,THEJO,NSE-THEJO,Thejo Engg,EQ,CASH,EQ,INE121N01019,,,,,1,0.1,,,1,1,THEJO-EQ,0
NSE,17032,THYROCARE,NSE-THYROCARE,Thyrocare Tech,EQ,CASH,EQ,INE594H01019,,,,,1,0.05,,,1,1,THYROCARE-EQ,1
NSE,759265,TATACAP,NSE-TATACAP,Tata Capital,EQ,CASH,EQ,INE976I01016,,,,,1,0.05,,,1,1,TATACAP-EQ,1
NSE,762934,TAMBOLIIN,NSE-TAMBOLIIN,Tamboli Industries,EQ,CASH,EQ,INE864J01012,,,,,1,0.01,,,1,1,TAMBOLIIN-EQ,0
NSE,20092,TASTYBITE,NSE-TASTYBITE,Tasty Bite Eatables,EQ,CASH,EQ,INE488B01017,,,,,1,0.5,,,1,1,TASTYBITE-EQ,1
NSE,21828,TEXRAIL,NSE-TEXRAIL,Texmaco Rail,EQ,CASH,EQ,INE621L01012,,,,,1,0.01,,,1,1,TEXRAIL-EQ,1
NSE,759355,SYSTMTXC,NSE-SYSTMTXC,Systematix Corp,EQ,CASH,EQ,INE356B01024,,,,,1,0.01,,,1,1,SYSTMTXC-EQ,0
NSE,25178,TDPOWERSYS,NSE-TDPOWERSYS,TD Power Systems,EQ,CASH,EQ,INE419M01027,,,,,1,0.1,,,1,1,TDPOWERSYS-EQ,1
NSE,12489,SWSOLAR,NSE-SWSOLAR,Sterling,EQ,CASH,EQ,INE00M201021,,,,,1,0.01,,,1,1,SWSOLAR-EQ,1
NSE,18118,THANGAMAYL,NSE-THANGAMAYL,Thangamayil Jeweller,EQ,CASH,EQ,INE085J01014,,,,,1,0.1,,,1,1,THANGAMAYL-EQ,1
NSE,24190,SYMPHONY,NSE-SYMPHONY,Symphony,EQ,CASH,EQ,INE225D01027,,,,,1,0.05,,,1,1,SYMPHONY-EQ,1
NSE,11549,TEXINFRA,NSE-TEXINFRA,Texmaco Infra,EQ,CASH,EQ,INE435C01024,,,,,1,0.01,,,1,1,TEXINFRA-EQ,0
NSE,3481,THOMASCOOK,NSE-THOMASCOOK,Thomas Cook India,EQ,CASH,EQ,INE332A01027,,,,,1,0.01,,,1,1,THOMASCOOK-EQ,1
NSE,10717,TEAMGTY,NSE-TEAMGTY,Team India Guaranty,EQ,CASH,EQ,INE289C01025,,,,,1,0.05,,,1,1,TEAMGTY-EQ,0
NSE,761814,TCC,NSE-TCC,TCC Concept,EQ,CASH,EQ,INE887D01016,,,,,1,0.05,,,1,1,TCC-EQ,0
NSE,6445,TECHNOE,NSE-TECHNOE,Techno Electric,EQ,CASH,EQ,INE285K01026,,,,,1,0.1,,,1,1,TECHNOE-EQ,1
NSE,27037,TBZ,NSE-TBZ,TBZ,EQ,CASH,EQ,INE760L01018,,,,,1,0.01,,,1,1,TBZ-EQ,1
NSE,762949,THAKDEV,NSE-THAKDEV,Thakkers Developer,EQ,CASH,EQ,INE403F01017,,,,,1,0.01,,,1,1,THAKDEV-EQ,0
NSE,15174,TARIL,NSE-TARIL,Transformers India,EQ,CASH,EQ,INE763I01026,,,,,1,0.05,,,1,1,TARIL-EQ,1
NSE,3466,TFCILTD,NSE-TFCILTD,TFCI,EQ,CASH,EQ,INE305A01023,,,,,1,0.01,,,1,1,TFCILTD-EQ,1
NSE,14771,TARMAT,NSE-TARMAT,Tarmat,EQ,CASH,EQ,INE924H01018,,,,,1,0.01,,,1,1,TARMAT-EQ,0
NSE,1581,TARC,NSE-TARC,TARC,EQ,CASH,EQ,INE0EK901012,,,,,1,0.01,,,1,1,TARC-EQ,1
NSE,14319,TFL,NSE-TFL,Transwarranty Fin,EQ,CASH,EQ,INE804H01012,,,,,1,0.01,,,1,1,TFL-EQ,0
NSE,762954,TIMEX,NSE-TIMEX,Timex Group,EQ,CASH,EQ,INE064A01026,,,,,1,0.05,,,1,1,TIMEX-EQ,1
NSE,5162,TATVA,NSE-TATVA,Tatva Chintan,EQ,CASH,EQ,INE0GK401011,,,,,1,0.1,,,1,1,TATVA-EQ,1
NSE,11992,SYNCOMF,NSE-SYNCOMF,Syncom Formulations,EQ,CASH,EQ,INE312C01025,,,,,1,0.01,,,1,1,SYNCOMF-EQ,1
NSE,19223,TCIEXP,NSE-TCIEXP,TCI Express,EQ,CASH,EQ,INE586V01016,,,,,1,0.05,,,1,1,TCIEXP-EQ,1
NSE,11536,TCS,NSE-TCS,TCS,EQ,CASH,EQ,INE467B01029,,,,,1,0.1,,,1,1,TCS-EQ,1
NSE,31017,THOMASCOTT,NSE-THOMASCOTT,Thomas Scott India,EQ,CASH,EQ,INE480M01011,,,,,1,0.05,,,1,1,THOMASCOTT-EQ,0
NSE,10243,SYNGENE,NSE-SYNGENE,Syngene Intl,EQ,CASH,EQ,INE398R01022,,,,,1,0.05,,,1,1,SYNGENE-EQ,1
NSE,14198,TIMKEN,NSE-TIMKEN,Timken India,EQ,CASH,EQ,INE325A01013,,,,,1,0.1,,,1,1,TIMKEN-EQ,1
NSE,3426,TATAPOWER,NSE-TATAPOWER,Tata Power,EQ,CASH,EQ,INE245A01021,,,,,1,0.05,,,1,1,TATAPOWER-EQ,1
NSE,3405,TATACHEM,NSE-TATACHEM,Tata Chemicals,EQ,CASH,EQ,INE092A01019,,,,,1,0.05,,,1,1,TATACHEM-EQ,1
NSE,18827,TARAPUR,NSE-TARAPUR,Tarapur Transformers,EQ,CASH,EQ,INE747K01017,,,,,1,0.01,,,1,1,TARAPUR-EQ,0
NSE,3411,TATAELXSI,NSE-TATAELXSI,Tata Elxsi,EQ,CASH,EQ,INE670A01012,,,,,1,0.1,,,1,1,TATAELXSI-EQ,1
NSE,23740,TBOTEK,NSE-TBOTEK,TBO Tek,EQ,CASH,EQ,INE673O01025,,,,,1,0.1,,,1,1,TBOTEK-EQ,1
NSE,13538,TECHM,NSE-TECHM,Tech Mahindra,EQ,CASH,EQ,INE669C01036,,,,,1,0.1,,,1,1,TECHM-EQ,1
NSE,1621,TATAINVEST,NSE-TATAINVEST,Tata Investment Corp,EQ,CASH,EQ,INE672A01026,,,,,1,0.05,,,1,1,TATAINVEST-EQ,1
NSE,13976,TANLA,NSE-TANLA,Tanla Platforms,EQ,CASH,EQ,INE483C01032,,,,,1,0.05,,,1,1,TANLA-EQ,1
NSE,4771,TCIFINANCE,NSE-TCIFINANCE,TCI Finance,EQ,CASH,EQ,INE911B01018,,,,,1,0.01,,,1,1,TCIFINANCE-EQ,0
NSE,3396,TAINWALCHM,NSE-TAINWALCHM,Tainwala Chemicals,EQ,CASH,EQ,INE123C01018,,,,,1,0.01,,,1,1,TAINWALCHM-EQ,0
NSE,3499,TATASTEEL,NSE-TATASTEEL,Tata Steel,EQ,CASH,EQ,INE081A01020,,,,,1,0.01,,,1,1,TATASTEEL-EQ,1
NSE,14607,TGBHOTELS,NSE-TGBHOTELS,TGB Banquets,EQ,CASH,EQ,INE797H01018,,,,,1,0.01,,,1,1,TGBHOTELS-EQ,0
NSE,19292,TERASOFT,NSE-TERASOFT,Tera Software,EQ,CASH,EQ,INE482B01010,,,,,1,0.05,,,1,1,TERASOFT-EQ,0
NSE,3275,TEMBO,NSE-TEMBO,Tembo Global Inds,EQ,CASH,EQ,INE869Y01010,,,,,1,0.05,,,1,1,TEMBO-EQ,0
NSE,9354,TAJGVK,NSE-TAJGVK,Taj GVK Hotels,EQ,CASH,EQ,INE586B01026,,,,,1,0.05,,,1,1,TAJGVK-EQ,1
NSE,312,TIINDIA,NSE-TIINDIA,Tube Investments,EQ,CASH,EQ,INE974X01010,,,,,1,0.1,,,1,1,TIINDIA-EQ,1
NSE,762939,TECHNVISN,NSE-TECHNVISN,TechNVision,EQ,CASH,EQ,INE314H01012,,,,,1,0.5,,,1,1,TECHNVISN-EQ,0
NSE,10580,TCI,NSE-TCI,TCI,EQ,CASH,EQ,INE688A01022,,,,,1,0.05,,,1,1,TCI-EQ,1
NSE,3484,TIL,NSE-TIL,TIL,EQ,CASH,EQ,INE806C01018,,,,,1,0.01,,,1,1,TIL-EQ,1
NSE,23512,TARACHAND,NSE-TARACHAND,Tara Chand Infra.,EQ,CASH,EQ,INE555Z01020,,,,,1,0.01,,,1,1,TARACHAND-EQ,0
NSE,19196,TI,NSE-TI,Tilaknagar Inds,EQ,CASH,EQ,INE133E01013,,,,,1,0.05,,,1,1,TI-EQ,1
NSE,19501,TICL,NSE-TICL,Twamev Construction,EQ,CASH,EQ,INE388G01026,,,,,1,0.01,,,1,1,TICL-EQ,0
NSE,6943,TARSONS,NSE-TARSONS,Tarsons Products,EQ,CASH,EQ,INE144Z01023,,,,,1,0.01,,,1,1,TARSONS-EQ,1
NSE,18214,TEXMOPIPES,NSE-TEXMOPIPES,Texmo Pipes,EQ,CASH,EQ,INE141K01013,,,,,1,0.01,,,1,1,TEXMOPIPES-EQ,0
NSE,12716,TEAMLEASE,NSE-TEAMLEASE,TeamLease Services,EQ,CASH,EQ,INE985S01024,,,,,1,0.1,,,1,1,TEAMLEASE-EQ,1
NSE,14707,TIMETECHNO,NSE-TIMETECHNO,Time Technoplast,EQ,CASH,EQ,INE508G01029,,,,,1,0.01,,,1,1,TIMETECHNO-EQ,1
NSE,21131,TEJASNET,NSE-TEJASNET,Tejas Networks,EQ,CASH,EQ,INE010J01012,,,,,1,0.05,,,1,1,TEJASNET-EQ,1
NSE,3475,THERMAX,NSE-THERMAX,Thermax,EQ,CASH,EQ,INE152A01029,,,,,1,0.1,,,1,1,THERMAX-EQ,1
NSE,3432,TATACONSUM,NSE-TATACONSUM,Tata Consumer Produc,EQ,CASH,EQ,INE192A01025,,,,,1,0.1,,,1,1,TATACONSUM-EQ,1
NSE,25482,TIJARIA,NSE-TIJARIA,Tijaria Polypipes,EQ,CASH,EQ,INE440L01017,,,,,1,0.01,,,1,1,TIJARIA-EQ,0
NSE,759880,TENNIND,NSE-TENNIND,Tenneco Clean Air,EQ,CASH,EQ,INE19RI01016,,,,,1,0.05,,,1,1,TENNIND-EQ,1
NSE,3453,TECILCHEM,NSE-TECILCHEM,Tecil Chemical,EQ,CASH,EQ,INE014B01011,,,,,1,0.01,,,1,1,TECILCHEM-EQ,0
NSE,762929,TAALTECH,NSE-TAALTECH,TAAL Tech,EQ,CASH,EQ,INE524T01011,,,,,1,0.1,,,1,1,TAALTECH-EQ,0
NSE,3721,TATACOMM,NSE-TATACOMM,Tata Communications,EQ,CASH,EQ,INE151A01013,,,,,1,0.1,,,1,1,TATACOMM-EQ,1
NSE,13648,TALBROAUTO,NSE-TALBROAUTO,Talbros Automotive,EQ,CASH,EQ,INE187D01029,,,,,1,0.05,,,1,1,TALBROAUTO-EQ,1
NSE,184,TCPLPACK,NSE-TCPLPACK,TCPL Packaging,EQ,CASH,EQ,INE822C01015,,,,,1,0.1,,,1,1,TCPLPACK-EQ,0
NSE,757014,THELEELA,NSE-THELEELA,Leela Palaces Hotels,EQ,CASH,EQ,INE0AQ201015,,,,,1,0.05,,,1,1,THELEELA-EQ,1
NSE,7105,TEGA,NSE-TEGA,Tega Industries,EQ,CASH,EQ,INE011K01018,,,,,1,0.1,,,1,1,TEGA-EQ,1
NSE,3496,TIRUMALCHM,NSE-TIRUMALCHM,Thirumalai Chemicals,EQ,CASH,EQ,INE338A01024,,,,,1,0.01,,,1,1,TIRUMALCHM-EQ,1
NSE,757545,TRAVELFOOD,NSE-TRAVELFOOD,Travel Food Services,EQ,CASH,EQ,INE103V01028,,,,,1,0.1,,,1,1,TRAVELFOOD-EQ,1
NSE,22423,TOTAL,NSE-TOTAL,Total Transport,EQ,CASH,EQ,INE336X01012,,,,,1,0.01,,,1,1,TOTAL-EQ,0
NSE,16713,UBL,NSE-UBL,United Breweries,EQ,CASH,EQ,INE686F01025,,,,,1,0.1,,,1,1,UBL-EQ,1
NSE,24809,UNIECOM,NSE-UNIECOM,Unicomm. eSolutions,EQ,CASH,EQ,INE00U401027,,,,,1,0.01,,,1,1,UNIECOM-EQ,1
NSE,15414,TITAGARH,NSE-TITAGARH,Titagarh Railsystems,EQ,CASH,EQ,INE615H01020,,,,,1,0.05,,,1,1,TITAGARH-EQ,1
NSE,5313,UGROCAP,NSE-UGROCAP,Ugro Capital,EQ,CASH,EQ,INE583D01011,,,,,1,0.01,,,1,1,UGROCAP-EQ,1
NSE,14245,TVSSRICHAK,NSE-TVSSRICHAK,TVS Srichakra,EQ,CASH,EQ,INE421C01016,,,,,1,0.1,,,1,1,TVSSRICHAK-EQ,1
NSE,10447,UNITDSPR,NSE-UNITDSPR,United Spirits,EQ,CASH,EQ,INE854D01024,,,,,1,0.1,,,1,1,UNITDSPR-EQ,1
NSE,18151,TVSSCS,NSE-TVSSCS,TVS Supply Chain Sol,EQ,CASH,EQ,INE395N01027,,,,,1,0.01,,,1,1,TVSSCS-EQ,0
NSE,25262,TOLINS,NSE-TOLINS,Tolins Tyres,EQ,CASH,EQ,INE0RWQ01014,,,,,1,0.01,,,1,1,TOLINS-EQ,0
NSE,25584,TRITURBINE,NSE-TRITURBINE,Triveni Turbine,EQ,CASH,EQ,INE152M01016,,,,,1,0.05,,,1,1,TRITURBINE-EQ,1
NSE,3129,TRANSWORLD,NSE-TRANSWORLD,Transworld Shipping,EQ,CASH,EQ,INE757B01015,,,,,1,0.01,,,1,1,TRANSWORLD-EQ,0
NSE,9117,TIPSMUSIC,NSE-TIPSMUSIC,Tips Music,EQ,CASH,EQ,INE716B01029,,,,,1,0.05,,,1,1,TIPSMUSIC-EQ,1
NSE,29008,TVSHLTD,NSE-TVSHLTD,TVS Holdings,EQ,CASH,EQ,INE105A01035,,,,,1,1.0,,,1,1,TVSHLTD-EQ,1
NSE,1964,TRENT,NSE-TRENT,Trent,EQ,CASH,EQ,INE849A01020,,,,,1,0.1,,,1,1,TRENT-EQ,1
NSE,11223,UCOBANK,NSE-UCOBANK,UCO Bank,EQ,CASH,EQ,INE691A01018,,,,,1,0.01,,,1,1,UCOBANK-EQ,1
NSE,11293,UNIENTER,NSE-UNIENTER,Uniphos Enterprises,EQ,CASH,EQ,INE037A01022,,,,,1,0.01,,,1,1,UNIENTER-EQ,0
NSE,10753,UNIONBANK,NSE-UNIONBANK,Union Bank of India,EQ,CASH,EQ,INE692A01016,,,,,1,0.01,,,1,1,UNIONBANK-EQ,1
NSE,3509,TNPETRO,NSE-TNPETRO,TN Petro Products,EQ,CASH,EQ,INE148A01019,,,,,1,0.01,,,1,1,TNPETRO-EQ,1
NSE,15228,UJJIVANSFB,NSE-UJJIVANSFB,Ujjivan Small Fin,EQ,CASH,EQ,INE551W01018,,,,,1,0.01,,,1,1,UJJIVANSFB-EQ,1
NSE,3579,UNICHEMLAB,NSE-UNICHEMLAB,Unichem Laboratories,EQ,CASH,EQ,INE351A01035,,,,,1,0.05,,,1,1,UNICHEMLAB-EQ,1
NSE,19578,UGARSUGAR,NSE-UGARSUGAR,Ugar Sugar Works,EQ,CASH,EQ,INE071E01023,,,,,1,0.01,,,1,1,UGARSUGAR-EQ,0
NSE,1053,UFLEX,NSE-UFLEX,Uflex,EQ,CASH,EQ,INE516A01017,,,,,1,0.05,,,1,1,UFLEX-EQ,1
NSE,14314,TTL,NSE-TTL,TT,EQ,CASH,EQ,INE592B01024,,,,,1,0.01,,,1,1,TTL-EQ,0
NSE,8954,TTML,NSE-TTML,Tata Tele (Maha),EQ,CASH,EQ,INE517B01013,,,,,1,0.01,,,1,1,TTML-EQ,1
NSE,201,UNIDT,NSE-UNIDT,United Drilling,EQ,CASH,EQ,INE961D01019,,,,,1,0.01,,,1,1,UNIDT-EQ,0
NSE,11265,TVSELECT,NSE-TVSELECT,TVS Electronics,EQ,CASH,EQ,INE236G01019,,,,,1,0.05,,,1,1,TVSELECT-EQ,1
NSE,3512,TNTELE,NSE-TNTELE,TN Telecommunication,EQ,CASH,EQ,INE141D01018,,,,,1,0.01,,,1,1,TNTELE-EQ,0
NSE,13786,TORNTPOWER,NSE-TORNTPOWER,Torrent Power,EQ,CASH,EQ,INE813H01021,,,,,1,0.1,,,1,1,TORNTPOWER-EQ,1
NSE,13081,TRIVENI,NSE-TRIVENI,Triveni Engg,EQ,CASH,EQ,INE256C01024,,,,,1,0.05,,,1,1,TRIVENI-EQ,1
NSE,759210,TRUALT,NSE-TRUALT,TruAlt Bioenergy,EQ,CASH,EQ,INE0MWH01014,,,,,1,0.05,,,1,1,TRUALT-EQ,1
NSE,9219,TPLPLASTEH,NSE-TPLPLASTEH,TPL Plastech,EQ,CASH,EQ,INE413G01022,,,,,1,0.01,,,1,1,TPLPLASTEH-EQ,0
NSE,19113,UDS,NSE-UDS,Updater Services,EQ,CASH,EQ,INE851I01011,,,,,1,0.01,,,1,1,UDS-EQ,1
NSE,3518,TORNTPHARM,NSE-TORNTPHARM,Torrent Pharma,EQ,CASH,EQ,INE685A01028,,,,,1,0.1,,,1,1,TORNTPHARM-EQ,1
NSE,3456,TMPV,NSE-TMPV,Tata Motors Passenger,EQ,CASH,EQ,INE155A01022,,,,,1,0.05,,,1,1,TMPV-EQ,1
NSE,11532,ULTRACEMCO,NSE-ULTRACEMCO,UltraTech Cement,EQ,CASH,EQ,INE481G01011,,,,,1,1.0,,,1,1,ULTRACEMCO-EQ,1
NSE,11275,TVTODAY,NSE-TVTODAY,TV Today Network,EQ,CASH,EQ,INE038F01029,,,,,1,0.01,,,1,1,TVTODAY-EQ,0
NSE,11582,TRACXN,NSE-TRACXN,Tracxn Technologies,EQ,CASH,EQ,INE0HMF01019,,,,,1,0.01,,,1,1,TRACXN-EQ,0
NSE,10945,TMB,NSE-TMB,Tamilnad Mercantile,EQ,CASH,EQ,INE668A01016,,,,,1,0.05,,,1,1,TMB-EQ,1
NSE,9378,TRU,NSE-TRU,TruCap Finance,EQ,CASH,EQ,INE615R01029,,,,,1,0.01,,,1,1,TRU-EQ,0
NSE,759782,TMCV,NSE-TMCV,Tata Motors Commercial,EQ,CASH,EQ,INE1TAE01010,,,,,1,0.05,,,1,1,TMCV-EQ,1
NSE,17999,UNITEDTEA,NSE-UNITEDTEA,United Nilgiri,EQ,CASH,EQ,INE458F01011,,,,,1,0.05,,,1,1,UNITEDTEA-EQ,0
NSE,23507,UEL,NSE-UEL,Ujaas Energy,EQ,CASH,EQ,INE899L01030,,,,,1,0.01,,,1,1,UEL-EQ,0
NSE,5428,TRIGYN,NSE-TRIGYN,Trigyn Technologies,EQ,CASH,EQ,INE948A01012,,,,,1,0.01,,,1,1,TRIGYN-EQ,0
NSE,3127,UFBL,NSE-UFBL,United Foodbrands,EQ,CASH,EQ,INE382M01027,,,,,1,0.05,,,1,1,UFBL-EQ,1
NSE,3506,TITAN,NSE-TITAN,Titan Co,EQ,CASH,EQ,INE280A01028,,,,,1,0.1,,,1,1,TITAN-EQ,1
NSE,8479,TVSMOTOR,NSE-TVSMOTOR,TVS Motor Company,EQ,CASH,EQ,INE494B01023,,,,,1,0.1,,,1,1,TVSMOTOR-EQ,1
NSE,17795,TREL,NSE-TREL,Transindia Real Est,EQ,CASH,EQ,INE0O3901029,,,,,1,0.01,,,1,1,TREL-EQ,0
NSE,3570,UCAL,NSE-UCAL,UCAL,EQ,CASH,EQ,INE139B01016,,,,,1,0.01,,,1,1,UCAL-EQ,0
NSE,762961,ULTRAMAR,NSE-ULTRAMAR,Ultramar & Pigments,EQ,CASH,EQ,INE405A01021,,,,,1,0.05,,,1,1,ULTRAMAR-EQ,1
NSE,7518,TREJHARA,NSE-TREJHARA,Trejhara Solutions,EQ,CASH,EQ,INE00CA01015,,,,,1,0.01,,,1,1,TREJHARA-EQ,0
NSE,16908,TOUCHWOOD,NSE-TOUCHWOOD,Touchwood Enter,EQ,CASH,EQ,INE486Y01013,,,,,1,0.01,,,1,1,TOUCHWOOD-EQ,0
NSE,3531,TRANSPEK,NSE-TRANSPEK,Transpek Industry,EQ,CASH,EQ,INE687A01016,,,,,1,0.1,,,1,1,TRANSPEK-EQ,0
NSE,8998,UMIYA-MRO,NSE-UMIYA-MRO,Umiya Buildcon,EQ,CASH,EQ,INE398B01018,,,,,1,0.01,,,1,1,UMIYA-MRO-EQ,0
NSE,25082,TREEHOUSE,NSE-TREEHOUSE,Tree House Education,EQ,CASH,EQ,INE040M01013,,,,,1,0.01,,,1,1,TREEHOUSE-EQ,0
NSE,3980,TNPL,NSE-TNPL,TN Newsprint,EQ,CASH,EQ,INE107A01015,,,,,1,0.01,,,1,1,TNPL-EQ,1
NSE,11374,TIPSFILMS,NSE-TIPSFILMS,Tips Films,EQ,CASH,EQ,INE0LQS01015,,,,,1,0.05,,,1,1,TIPSFILMS-EQ,0
NSE,9685,TRIDENT,NSE-TRIDENT,Trident,EQ,CASH,EQ,INE064C01022,,,,,1,0.01,,,1,1,TRIDENT-EQ,1
NSE,11369,TTKHLTCARE,NSE-TTKHLTCARE,TTK Healthcare,EQ,CASH,EQ,INE910C01018,,,,,1,0.05,,,1,1,TTKHLTCARE-EQ,0
NSE,3546,TTKPRESTIG,NSE-TTKPRESTIG,TTK Prestige,EQ,CASH,EQ,INE690A01028,,,,,1,0.05,,,1,1,TTKPRESTIG-EQ,1
NSE,16996,TPHQ,NSE-TPHQ,Teamo Productions HQ,EQ,CASH,EQ,INE065J01024,,,,,1,0.01,,,1,1,TPHQ-EQ,0
NSE,2183,TSFINV,NSE-TSFINV,TSF Investments,EQ,CASH,EQ,INE202Z01029,,,,,1,0.05,,,1,1,TSFINV-EQ,0
NSE,28714,TRANSRAILL,NSE-TRANSRAILL,Transrail Lighting,EQ,CASH,EQ,INE454P01035,,,,,1,0.05,,,1,1,TRANSRAILL-EQ,1
NSE,17987,TRF,NSE-TRF,TRF,EQ,CASH,EQ,INE391D01019,,,,,1,0.01,,,1,1,TRF-EQ,0
NSE,28960,UNIMECH,NSE-UNIMECH,Unimech Aerospace,EQ,CASH,EQ,INE0U3I01011,,,,,1,0.05,,,1,1,UNIMECH-EQ,0
NSE,9039,UFO,NSE-UFO,UFO Moviez India,EQ,CASH,EQ,INE527H01019,,,,,1,0.01,,,1,1,UFO-EQ,0
NSE,18504,TVVISION,NSE-TVVISION,TV Vision,EQ,CASH,EQ,INE871L01013,,,,,1,0.01,,,1,1,TVVISION-EQ,0
NSE,13057,UNIPARTS,NSE-UNIPARTS,Uniparts India,EQ,CASH,EQ,INE244O01017,,,,,1,0.05,,,1,1,UNIPARTS-EQ,1
NSE,8842,UMAEXPORTS,NSE-UMAEXPORTS,Uma Exports,EQ,CASH,EQ,INE0GIU01018,,,,,1,0.01,,,1,1,UMAEXPORTS-EQ,0
NSE,3594,UNITECH,NSE-UNITECH,Unitech,EQ,CASH,EQ,INE694A01020,,,,,1,0.01,,,1,1,UNITECH-EQ,0
NSE,9931,VIKASLIFE,NSE-VIKASLIFE,Vikas Lifecare,EQ,CASH,EQ,INE161L01027,,,,,1,0.01,,,1,1,VIKASLIFE-EQ,0
NSE,8424,VIPULLTD,NSE-VIPULLTD,Vipul,EQ,CASH,EQ,INE946H01037,,,,,1,0.01,,,1,1,VIPULLTD-EQ,0
NSE,25756,VIKASECO,NSE-VIKASECO,Vikas Ecotech,EQ,CASH,EQ,INE806A01020,,,,,1,0.01,,,1,1,VIKASECO-EQ,0
NSE,759084,URBANCO,NSE-URBANCO,Urban Company,EQ,CASH,EQ,INE0CAZ01013,,,,,1,0.01,,,1,1,URBANCO-EQ,1
NSE,5585,VIJAYA,NSE-VIJAYA,VDC,EQ,CASH,EQ,INE043W01024,,,,,1,0.1,,,1,1,VIJAYA-EQ,1
NSE,12490,VINNY,NSE-VINNY,Vinny Overseas,EQ,CASH,EQ,INE01KI01027,,,,,1,0.01,,,1,1,VINNY-EQ,0
NSE,20203,URJA,NSE-URJA,Urja Global,EQ,CASH,EQ,INE550C01020,,,,,1,0.01,,,1,1,URJA-EQ,1
NSE,18977,UNIVASTU,NSE-UNIVASTU,Univastu India,EQ,CASH,EQ,INE562X01013,,,,,1,0.01,,,1,1,UNIVASTU-EQ,0
NSE,17358,UTKARSHBNK,NSE-UTKARSHBNK,Utkarsh Small Fin.,EQ,CASH,EQ,INE735W01017,,,,,1,0.01,,,1,1,UTKARSHBNK-EQ,1
NSE,13376,UTTAMSUGAR,NSE-UTTAMSUGAR,Uttam Sugar Mills,EQ,CASH,EQ,INE786F01031,,,,,1,0.01,,,1,1,UTTAMSUGAR-EQ,1
NSE,13536,VIDHIING,NSE-VIDHIING,Vidhi Specialty,EQ,CASH,EQ,INE632C01026,,,,,1,0.05,,,1,1,VIDHIING-EQ,0
NSE,13101,VIMTALABS,NSE-VIMTALABS,Vimta Labs,EQ,CASH,EQ,INE579C01029,,,,,1,0.05,,,1,1,VIMTALABS-EQ,1
NSE,527,UTIAMC,NSE-UTIAMC,UTI Asset Management,EQ,CASH,EQ,INE094J01016,,,,,1,0.05,,,1,1,UTIAMC-EQ,1
NSE,14154,UNOMINDA,NSE-UNOMINDA,UNO Minda,EQ,CASH,EQ,INE405E01023,,,,,1,0.1,,,1,1,UNOMINDA-EQ,1
NSE,17364,VINATIORGA,NSE-VINATIORGA,Vinati Organics,EQ,CASH,EQ,INE410B01037,,,,,1,0.1,,,1,1,VINATIORGA-EQ,1
NSE,3757,VENKEYS,NSE-VENKEYS,Venky's India,EQ,CASH,EQ,INE398A01010,,,,,1,0.1,,,1,1,VENKEYS-EQ,1
NSE,13771,VGL,NSE-VGL,Varvee Global,EQ,CASH,EQ,INE273D01027,,,,,1,0.01,,,1,1,VGL-EQ,0
NSE,759876,UTLSOLAR,NSE-UTLSOLAR,Fujiyama Power Syste,EQ,CASH,EQ,INE12UR01024,,,,,1,0.05,,,1,1,UTLSOLAR-EQ,0
NSE,8652,VETO,NSE-VETO,Veto Switch Gears,EQ,CASH,EQ,INE918N01018,,,,,1,0.01,,,1,1,VETO-EQ,0
NSE,3063,VEDL,NSE-VEDL,Vedanta,EQ,CASH,EQ,INE205A01025,,,,,1,0.05,,,1,1,VEDL-EQ,1
NSE,15362,VGUARD,NSE-VGUARD,V-Guard Inds.,EQ,CASH,EQ,INE951I01027,,,,,1,0.05,,,1,1,VGUARD-EQ,1
NSE,13342,VAKRANGEE,NSE-VAKRANGEE,Vakrangee,EQ,CASH,EQ,INE051B01021,,,,,1,0.01,,,1,1,VAKRANGEE-EQ,0
NSE,760224,VIDYAWIRES,NSE-VIDYAWIRES,Vidya Wires,EQ,CASH,EQ,INE14UN01029,,,,,1,0.01,,,1,1,VIDYAWIRES-EQ,0
NSE,17071,URAVIDEF,NSE-URAVIDEF,Uravi Defence&Tech.,EQ,CASH,EQ,INE568Z01015,,,,,1,0.01,,,1,1,URAVIDEF-EQ,0
NSE,25626,UYFINCORP,NSE-UYFINCORP,UY Fincorp,EQ,CASH,EQ,INE152C01025,,,,,1,0.01,,,1,1,UYFINCORP-EQ,0
NSE,28847,VENTIVE,NSE-VENTIVE,Ventive Hospitality,EQ,CASH,EQ,INE781S01027,,,,,1,0.05,,,1,1,VENTIVE-EQ,1
NSE,9020,VCL,NSE-VCL,Vaxtex Cotfab,EQ,CASH,EQ,INE098201036,,,,,1,0.01,,,1,1,VCL-EQ,0
NSE,758973,VIKRAN,NSE-VIKRAN,Vikran Engineering,EQ,CASH,EQ,INE01R501028,,,,,1,0.01,,,1,1,VIKRAN-EQ,1
NSE,11287,UPL,NSE-UPL,UPL,EQ,CASH,EQ,INE628A01036,,,,,1,0.05,,,1,1,UPL-EQ,1
NSE,15295,VIRINCHI,NSE-VIRINCHI,Virinchi,EQ,CASH,EQ,INE539B01017,,,,,1,0.01,,,1,1,VIRINCHI-EQ,0
NSE,330,VALIANTORG,NSE-VALIANTORG,Valiant Organics,EQ,CASH,EQ,INE565V01010,,,,,1,0.05,,,1,1,VALIANTORG-EQ,1
NSE,14019,VEEDOL,NSE-VEEDOL,Veedol Corporation,EQ,CASH,EQ,INE484C01030,,,,,1,0.1,,,1,1,VEEDOL-EQ,1
NSE,3703,VIPIND,NSE-VIPIND,VIP Industries,EQ,CASH,EQ,INE054A01027,,,,,1,0.05,,,1,1,VIPIND-EQ,1
NSE,11364,VAIBHAVGBL,NSE-VAIBHAVGBL,Vaibhav Global,EQ,CASH,EQ,INE884A01027,,,,,1,0.01,,,1,1,VAIBHAVGBL-EQ,1
NSE,3694,VINDHYATEL,NSE-VINDHYATEL,Vindhya Telelinks,EQ,CASH,EQ,INE707A01012,,,,,1,0.1,,,1,1,VINDHYATEL-EQ,1
NSE,11892,VHL,NSE-VHL,Vardhman Holdings,EQ,CASH,EQ,INE701A01023,,,,,1,0.1,,,1,1,VHL-EQ,0
NSE,8890,VERANDA,NSE-VERANDA,Veranda Learning,EQ,CASH,EQ,INE0IQ001011,,,,,1,0.01,,,1,1,VERANDA-EQ,1
NSE,3607,UNIVCABLES,NSE-UNIVCABLES,Universal Cables,EQ,CASH,EQ,INE279A01012,,,,,1,0.1,,,1,1,UNIVCABLES-EQ,1
NSE,3676,VESUVIUS,NSE-VESUVIUS,Vesuvius India,EQ,CASH,EQ,INE386A01023,,,,,1,0.05,,,1,1,VESUVIUS-EQ,1
NSE,759453,VIKRAMSOLR,NSE-VIKRAMSOLR,Vikram Solar,EQ,CASH,EQ,INE078V01014,,,,,1,0.01,,,1,1,VIKRAMSOLR-EQ,1
NSE,3857,VARROC,NSE-VARROC,Varroc Engineering,EQ,CASH,EQ,INE665L01035,,,,,1,0.05,,,1,1,VARROC-EQ,1
NSE,13859,VENUSREM,NSE-VENUSREM,Venus Remedies,EQ,CASH,EQ,INE411B01019,,,,,1,0.1,,,1,1,VENUSREM-EQ,0
NSE,16821,VINYLINDIA,NSE-VINYLINDIA,Vinyl Chemicals,EQ,CASH,EQ,INE250B01029,,,,,1,0.05,,,1,1,VINYLINDIA-EQ,0
NSE,14871,USK,NSE-USK,Udayshivakumar Infra,EQ,CASH,EQ,INE0N0Y01013,,,,,1,0.01,,,1,1,USK-EQ,0
NSE,25340,VASWANI,NSE-VASWANI,Vaswani Industries,EQ,CASH,EQ,INE590L01019,,,,,1,0.01,,,1,1,VASWANI-EQ,0
NSE,9592,VENUSPIPES,NSE-VENUSPIPES,Venus Pipes & Tubes,EQ,CASH,EQ,INE0JA001018,,,,,1,0.1,,,1,1,VENUSPIPES-EQ,1
NSE,11220,VARDHACRLC,NSE-VARDHACRLC,Vardhman Acrylics,EQ,CASH,EQ,INE116G01013,,,,,1,0.01,,,1,1,VARDHACRLC-EQ,0
NSE,24196,VADILALIND,NSE-VADILALIND,Vadilal Industries,EQ,CASH,EQ,INE694D01016,,,,,1,0.1,,,1,1,VADILALIND-EQ,1
NSE,25835,VINCOFE,NSE-VINCOFE,Vintage Coffee,EQ,CASH,EQ,INE498Q01014,,,,,1,0.01,,,1,1,VINCOFE-EQ,1
NSE,8840,USHAMART,NSE-USHAMART,Usha Martin,EQ,CASH,EQ,INE228A01035,,,,,1,0.05,,,1,1,USHAMART-EQ,1
NSE,762966,VELJAN,NSE-VELJAN,Veljan Denison,EQ,CASH,EQ,INE232E01013,,,,,1,0.1,,,1,1,VELJAN-EQ,0
NSE,14766,V2RETAIL,NSE-V2RETAIL,V2 Retail,EQ,CASH,EQ,INE945H01021,,,,,1,0.01,,,1,1,V2RETAIL-EQ,1
NSE,18921,VBL,NSE-VBL,Varun Beverages,EQ,CASH,EQ,INE200M01039,,,,,1,0.05,,,1,1,VBL-EQ,1
NSE,2073,VTL,NSE-VTL,Vardhman Textiles,EQ,CASH,EQ,INE825A01020,,,,,1,0.05,,,1,1,VTL-EQ,1
NSE,17738,YATHARTH,NSE-YATHARTH,Yatharth Hospital,EQ,CASH,EQ,INE0JO301016,,,,,1,0.05,,,1,1,YATHARTH-EQ,1
NSE,6908,VISHNU,NSE-VISHNU,Vishnu Chemicals,EQ,CASH,EQ,INE270I01022,,,,,1,0.05,,,1,1,VISHNU-EQ,1
NSE,4176,ZENITHEXPO,NSE-ZENITHEXPO,Zenith Exports,EQ,CASH,EQ,INE058B01018,,,,,1,0.01,,,1,1,ZENITHEXPO-EQ,0
NSE,18608,ZAGGLE,NSE-ZAGGLE,Zaggle Prepaid Ocean,EQ,CASH,EQ,INE07K301024,,,,,1,0.01,,,1,1,ZAGGLE-EQ,1
NSE,1923,WEALTH,NSE-WEALTH,Wealth First,EQ,CASH,EQ,INE658T01017,,,,,1,0.05,,,1,1,WEALTH-EQ,0
NSE,3736,WALCHANNAG,NSE-WALCHANNAG,Walchandnagar Inds,EQ,CASH,EQ,INE711A01022,,,,,1,0.05,,,1,1,WALCHANNAG-EQ,1
NSE,24292,VSTTILLERS,NSE-VSTTILLERS,VST Tillers Tractors,EQ,CASH,EQ,INE764D01017,,,,,1,0.1,,,1,1,VSTTILLERS-EQ,1
NSE,3718,VOLTAS,NSE-VOLTAS,Voltas,EQ,CASH,EQ,INE226A01021,,,,,1,0.1,,,1,1,VOLTAS-EQ,1
NSE,3772,WILLAMAGOR,NSE-WILLAMAGOR,Williamson Magor,EQ,CASH,EQ,INE210A01017,,,,,1,0.01,,,1,1,WILLAMAGOR-EQ,0
NSE,762971,WELSPLSOL,NSE-WELSPLSOL,Welspun Specialty,EQ,CASH,EQ,INE731F01037,,,,,1,0.01,,,1,1,WELSPLSOL-EQ,1
NSE,11253,WELSPUNLIV,NSE-WELSPUNLIV,Welspun Living,EQ,CASH,EQ,INE192B01031,,,,,1,0.01,,,1,1,WELSPUNLIV-EQ,1
NSE,3781,WIMPLAST,NSE-WIMPLAST,Wim Plast,EQ,CASH,EQ,INE015B01018,,,,,1,0.05,,,1,1,WIMPLAST-EQ,0
NSE,22730,VSTL,NSE-VSTL,Vibhor Steel Tubes,EQ,CASH,EQ,INE0QTF01015,,,,,1,0.01,,,1,1,VSTL-EQ,0
NSE,14063,WANBURY,NSE-WANBURY,Wanbury,EQ,CASH,EQ,INE107F01022,,,,,1,0.05,,,1,1,WANBURY-EQ,0
NSE,27969,VMM,NSE-VMM,Vishal Mega Mart,EQ,CASH,EQ,INE01EA01019,,,,,1,0.01,,,1,1,VMM-EQ,1
NSE,11821,WELCORP,NSE-WELCORP,Welspun Corp,EQ,CASH,EQ,INE191B01025,,,,,1,0.1,,,1,1,WELCORP-EQ,1
NSE,14562,ZENITHSTL,NSE-ZENITHSTL,Zenith Steel Pipes,EQ,CASH,EQ,INE318D01020,,,,,1,0.01,,,1,1,ZENITHSTL-EQ,0
NSE,18011,WHIRLPOOL,NSE-WHIRLPOOL,Whirlpool Of India,EQ,CASH,EQ,INE716A01013,,,,,1,0.05,,,1,1,WHIRLPOOL-EQ,1
NSE,14003,ZEEMEDIA,NSE-ZEEMEDIA,Zee Media Corp,EQ,CASH,EQ,INE966H01019,,,,,1,0.01,,,1,1,ZEEMEDIA-EQ,0
NSE,760259,WAKEFIT,NSE-WAKEFIT,Wakefit Innovations,EQ,CASH,EQ,INE0E7301029,,,,,1,0.01,,,1,1,WAKEFIT-EQ,1
NSE,4235,WENDT,NSE-WENDT,Wendt India,EQ,CASH,EQ,INE274C01019,,,,,1,0.5,,,1,1,WENDT-EQ,1
NSE,756038,WAAREERTL,NSE-WAAREERTL,Waaree Renewables,EQ,CASH,EQ,INE299N01021,,,,,1,0.05,,,1,1,WAAREERTL-EQ,1
NSE,3787,WIPRO,NSE-WIPRO,Wipro,EQ,CASH,EQ,INE075A01022,,,,,1,0.01,,,1,1,WIPRO-EQ,1
NSE,22277,WORTHPERI,NSE-WORTHPERI,Worth Peripherals,EQ,CASH,EQ,INE196Y01018,,,,,1,0.01,,,1,1,WORTHPERI-EQ,0
NSE,19955,WAAREEINDO,NSE-WAAREEINDO,Indosolar,EQ,CASH,EQ,INE866K01023,,,,,1,0.05,,,1,1,WAAREEINDO-EQ,0
NSE,24321,VRAJ,NSE-VRAJ,Vraj Iron & Steel,EQ,CASH,EQ,INE0S2V01010,,,,,1,0.01,,,1,1,VRAJ-EQ,0
NSE,20852,ZEELEARN,NSE-ZEELEARN,Zee Learn,EQ,CASH,EQ,INE565L01011,,,,,1,0.01,,,1,1,ZEELEARN-EQ,0
NSE,25235,XTGLOBAL,NSE-XTGLOBAL,Xtglobal Infotech,EQ,CASH,EQ,INE547B01028,,,,,1,0.01,,,1,1,XTGLOBAL-EQ,0
NSE,3799,WSTCSTPAPR,NSE-WSTCSTPAPR,West Coast Paper,EQ,CASH,EQ,INE976A01021,,,,,1,0.05,,,1,1,WSTCSTPAPR-EQ,1
NSE,3002,WONDERLA,NSE-WONDERLA,Wonderla Holidays,EQ,CASH,EQ,INE066O01014,,,,,1,0.05,,,1,1,WONDERLA-EQ,1
NSE,25907,WAAREEENER,NSE-WAAREEENER,Waaree Energies,EQ,CASH,EQ,INE377N01017,,,,,1,0.1,,,1,1,WAAREEENER-EQ,1
NSE,7508,ZENTEC,NSE-ZENTEC,Zen Technologies,EQ,CASH,EQ,INE251B01027,,,,,1,0.1,,,1,1,ZENTEC-EQ,1
NSE,11915,YESBANK,NSE-YESBANK,Yes Bank,EQ,CASH,EQ,INE528G01035,,,,,1,0.01,,,1,1,YESBANK-EQ,1
NSE,18760,YATRA,NSE-YATRA,Yatra Online,EQ,CASH,EQ,INE0JR601024,,,,,1,0.01,,,1,1,YATRA-EQ,1
NSE,7506,WOCKPHARMA,NSE-WOCKPHARMA,Wockhardt,EQ,CASH,EQ,INE049B01025,,,,,1,0.1,,,1,1,WOCKPHARMA-EQ,1
NSE,29284,VMART,NSE-VMART,V-Mart Retail,EQ,CASH,EQ,INE665J01013,,,,,1,0.05,,,1,1,VMART-EQ,1
NSE,3766,WHEELS,NSE-WHEELS,Wheels India,EQ,CASH,EQ,INE715A01015,,,,,1,0.1,,,1,1,WHEELS-EQ,1
NSE,24969,WINDMACHIN,NSE-WINDMACHIN,Windsor Machines,EQ,CASH,EQ,INE052A01021,,,,,1,0.05,,,1,1,WINDMACHIN-EQ,1
NSE,8696,VRLLOG,NSE-VRLLOG,VRL Logistics,EQ,CASH,EQ,INE366I01010,,,,,1,0.01,,,1,1,VRLLOG-EQ,1
NSE,14828,WSI,NSE-WSI,WS Industries India,EQ,CASH,EQ,INE100D01014,,,,,1,0.01,,,1,1,WSI-EQ,0
NSE,5501,YUKEN,NSE-YUKEN,Yuken India,EQ,CASH,EQ,INE384C01016,,,,,1,0.05,,,1,1,YUKEN-EQ,0
NSE,20188,WABAG,NSE-WABAG,VA Tech Wabag,EQ,CASH,EQ,INE956G01038,,,,,1,0.1,,,1,1,WABAG-EQ,1
NSE,27067,VSSL,NSE-VSSL,Vardhman Steel,EQ,CASH,EQ,INE050M01012,,,,,1,0.05,,,1,1,VSSL-EQ,1
NSE,762978,WPIL,NSE-WPIL,WPIL,EQ,CASH,EQ,INE765D01022,,,,,1,0.05,,,1,1,WPIL-EQ,1
NSE,18131,YASHO,NSE-YASHO,Yasho Industries,EQ,CASH,EQ,INE616Z01012,,,,,1,0.1,,,1,1,YASHO-EQ,1
NSE,3748,WEIZMANIND,NSE-WEIZMANIND,Weizmann,EQ,CASH,EQ,INE080A01014,,,,,1,0.01,,,1,1,WEIZMANIND-EQ,0
NSE,14602,WEBELSOLAR,NSE-WEBELSOLAR,Websol Energy System,EQ,CASH,EQ,INE855C01023,,,,,1,0.01,,,1,1,WEBELSOLAR-EQ,0
NSE,13702,VISHWARAJ,NSE-VISHWARAJ,Vishwaraj Sugar,EQ,CASH,EQ,INE430N01022,,,,,1,0.01,,,1,1,VISHWARAJ-EQ,0
NSE,5366,WINDLAS,NSE-WINDLAS,Windlas Biotech,EQ,CASH,EQ,INE0H5O01029,,,,,1,0.05,,,1,1,WINDLAS-EQ,1
NSE,3715,VLSFINANCE,NSE-VLSFINANCE,VLS Finance,EQ,CASH,EQ,INE709A01018,,,,,1,0.01,,,1,1,VLSFINANCE-EQ,0
NSE,1076,ZENSARTECH,NSE-ZENSARTECH,Zensar Technologies,EQ,CASH,EQ,INE520A01027,,,,,1,0.05,,,1,1,ZENSARTECH-EQ,1
NSE,13577,VOLTAMP,NSE-VOLTAMP,Voltamp Transformers,EQ,CASH,EQ,INE540H01012,,,,,1,0.5,,,1,1,VOLTAMP-EQ,1
NSE,11626,WELENT,NSE-WELENT,Welspun Enterprises,EQ,CASH,EQ,INE625G01013,,,,,1,0.05,,,1,1,WELENT-EQ,1
NSE,20481,WIPL,NSE-WIPL,The Western Indian,EQ,CASH,EQ,INE215F01023,,,,,1,0.01,,,1,1,WIPL-EQ,0
NSE,14296,VIYASH,NSE-VIYASH,Viyash Scientific,EQ,CASH,EQ,INE807F01027,,,,,1,0.05,,,1,1,VIYASH-EQ,1
NSE,8477,XELPMOC,NSE-XELPMOC,Xelpmoc Design,EQ,CASH,EQ,INE01P501012,,,,,1,0.01,,,1,1,XELPMOC-EQ,0
NSE,11705,XCHANGING,NSE-XCHANGING,Xchanging Solutions,EQ,CASH,EQ,INE692G01013,,,,,1,0.01,,,1,1,XCHANGING-EQ,0
NSE,3812,ZEEL,NSE-ZEEL,Zee Entertainment,EQ,CASH,EQ,INE256A01028,,,,,1,0.01,,,1,1,ZEEL-EQ,1
NSE,11407,XPROINDIA,NSE-XPROINDIA,Xpro India,EQ,CASH,EQ,INE445C01015,,,,,1,0.1,,,1,1,XPROINDIA-EQ,1
NSE,4221,VISAKAIND,NSE-VISAKAIND,Visaka Industries,EQ,CASH,EQ,INE392A01021,,,,,1,0.01,,,1,1,VISAKAIND-EQ,0
NSE,25403,WCIL,NSE-WCIL,Western Carriers,EQ,CASH,EQ,INE0CJF01024,,,,,1,0.01,,,1,1,WCIL-EQ,0
NSE,11580,WESTLIFE,NSE-WESTLIFE,Westlife Development,EQ,CASH,EQ,INE274F01020,,,,,1,0.05,,,1,1,WESTLIFE-EQ,1
NSE,3724,VSTIND,NSE-VSTIND,VST Industries,EQ,CASH,EQ,INE710A01016,,,,,1,0.05,,,1,1,VSTIND-EQ,1
NSE,29877,VIVIDHA,NSE-VIVIDHA,Visagar Polytex,EQ,CASH,EQ,INE370E01029,,,,,1,0.01,,,1,1,VIVIDHA-EQ,0
NSE,759434,WEWORK,NSE-WEWORK,Wework India Managem,EQ,CASH,EQ,INE085001019,,,,,1,0.05,,,1,1,WEWORK-EQ,1
NSE,7835,WEL,NSE-WEL,Wonder Electricals,EQ,CASH,EQ,INE02WG01024,,,,,1,0.01,,,1,1,WEL-EQ,1
NSE,7929,ZYDUSLIFE,NSE-ZYDUSLIFE,Zydus,EQ,CASH,EQ,INE010B01027,,,,,1,0.1,,,1,1,ZYDUSLIFE-EQ,1
NSE,762985,ZSARACOM,NSE-ZSARACOM,Saraswati Commercial,EQ,CASH,EQ,INE967G01019,,,,,1,0.5,,,1,1,ZSARACOM-EQ,0
NSE,29050,ZUARI,NSE-ZUARI,Zuari Agro Chem,EQ,CASH,EQ,INE840M01016,,,,,1,0.01,,,1,1,ZUARI-EQ,1
NSE,17635,ZYDUSWELL,NSE-ZYDUSWELL,Zydus Wellness,EQ,CASH,EQ,INE768C01028,,,,,1,0.05,,,1,1,ZYDUSWELL-EQ,1
NSE,3827,ZUARIIND,NSE-ZUARIIND,Zuari Industries,EQ,CASH,EQ,INE217A01012,,,,,1,0.05,,,1,1,ZUARIIND-EQ,1
NSE,11394,ZOTA,NSE-ZOTA,Zota Health Care,EQ,CASH,EQ,INE358U01012,,,,,1,0.1,,,1,1,ZOTA-EQ,0
NSE,16915,ZFCVINDIA,NSE-ZFCVINDIA,ZF Comm Vehic Contr,EQ,CASH,EQ,INE342J01019,,,,,1,1.0,,,1,1,ZFCVINDIA-EQ,1
NSE,3821,ZODIACLOTH,NSE-ZODIACLOTH,Zodiac Clothing Co,EQ,CASH,EQ,INE206B01013,,,,,1,0.01,,,1,1,ZODIACLOTH-EQ,0
NSE,4229,ZFSTEERING,NSE-ZFSTEERING,ZF Steering Gear,EQ,CASH,EQ,INE116C01012,,,,,1,0.05,,,1,1,ZFSTEERING-EQ,0
