instrument_key,trading_symbol,isin,company_name,exchange,segment
NSE_EQ|INE0LLY01014,EIEL,INE0LLY01014,ENVIRO INFRA ENGINEERS L,NSE,NSE_EQ
NSE_EQ|INE585B01010,MARUTI,INE585B01010,MARUTI SUZUKI INDIA LTD.,NSE,NSE_EQ
NSE_EQ|INE139A01034,NATIONALUM,INE139A01034,NATIONAL ALUMINIUM CO LTD,NSE,NSE_EQ
NSE_EQ|INE912H01013,MBLINFRA,INE912H01013,MBL INFRASTRUCTURE LTD,NSE,NSE_EQ
NSE_EQ|INE763I01026,TARIL,INE763I01026,TRANS & RECTI. LTD,NSE,NSE_EQ
NSE_EQ|INE875G01048,NDL,INE875G01048,NANDAN DENIM LIMITED,NSE,NSE_EQ
NSE_EQ|INE449C01025,ANDREWYU,INE449C01025,ANDREW YULE & CO. LTD.,NSE,NSE_EQ
NSE_EQ|INE919I01024,RADIOCITY,INE919I01024,MUSIC BROADCAST LIMITED,NSE,NSE_EQ
NSE_EQ|INE314T01033,GOKULAGRO,INE314T01033,GOKUL AGRO RESOURCES LTD,NSE,NSE_EQ
NSE_EQ|INE12F801023,KISSHT,INE12F801023,ONEMI TECHNOLOGY SOL LTD,NSE,NSE_EQ
NSE_EQ|INE395U01014,NINSYS,INE395U01014,NINTEC SYSTEMS LIMITED,NSE,NSE_EQ
NSE_EQ|INE970X01018,LEMONTREE,INE970X01018,LEMON TREE HOTELS LTD,NSE,NSE_EQ
NSE_EQ|INE977Y01011,BCONCEPTS,INE977Y01011,BRAND CONCEPTS LIMITED,NSE,NSE_EQ
NSE_EQ|INE618R01015,SGFIN,INE618R01015,SG FINSERVE LIMITED,NSE,NSE_EQ
NSE_EQ|INE522D01027,MANAPPURAM,INE522D01027,MANAPPURAM FINANCE LTD,NSE,NSE_EQ
NSE_EQ|INE017W01010,SMLT,INE017W01010,SARTHAK METALS LIMITED,NSE,NSE_EQ
NSE_EQ|INE250B01029,VINYLINDIA,INE250B01029,VINYL CHEMICALS (I) LTD.,NSE,NSE_EQ
NSE_EQ|INE955I01044,SEJALLTD,INE955I01044,SEJAL GLASS LIMITED,NSE,NSE_EQ
NSE_EQ|INE485C01029,IOLCP,INE485C01029,IOL CHEM AND PHARMA LTD,NSE,NSE_EQ
NSE_EQ|INE660C01027,CENTRUM,INE660C01027,CENTRUM CAPITAL LIMITED,NSE,NSE_EQ
NSE_EQ|INE991I01015,ASPINWALL,INE991I01015,ASPINWALL & CO LTD,NSE,NSE_EQ
NSE_EQ|INE932X01026,SHAREINDIA,INE932X01026,SHARE IND. SECURITIES LTD,NSE,NSE_EQ
NSE_EQ|INE032A01023,BOMDYEING,INE032A01023,BOMBAY DYEING & MFG. CO L,NSE,NSE_EQ
NSE_EQ|INE353H01010,SGL,INE353H01010,STL GLOBAL LIMITED,NSE,NSE_EQ
NSE_EQ|INE177A01018,INGERRAND,INE177A01018,INGERSOLL-RAND INDIA LTD,NSE,NSE_EQ
NSE_EQ|INE772T01024,PVSL,INE772T01024,POPULAR VEHICLES N SER L,NSE,NSE_EQ
NSE_EQ|INE016Q01014,CEINSYS,INE016Q01014,CEINSYS TECH LIMITED,NSE,NSE_EQ
NSE_EQ|INE175A01038,JISLJALEQS,INE175A01038,JAIN IRRIGATION SYSTEMS,NSE,NSE_EQ
NSE_EQ|INE716D01033,CRSL,INE716D01033,CRESSANDA RAILWAY SOLUT L,NSE,NSE_EQ
NSE_EQ|INE0P6P01016,CPEDU,INE0P6P01016,CAREER POINT EDUTECH LTD,NSE,NSE_EQ
NSE_EQ|INE629D01020,BANSWRAS,INE629D01020,BANSWARA SYNTEX LIMITED,NSE,NSE_EQ
NSE_EQ|INE642Y01029,HINDCON,INE642Y01029,HINDCON CHEMICALS LIMITED,NSE,NSE_EQ
NSE_EQ|INE737H01014,FIEMIND,INE737H01014,FIEM INDUSTRIES LIMITED,NSE,NSE_EQ
NSE_EQ|INE916U01025,SFL,INE916U01025,SHEELA FOAM LIMITED,NSE,NSE_EQ
NSE_EQ|INE0PT501018,PLATIND,INE0PT501018,PLATINUM INDUSTRIES LTD,NSE,NSE_EQ
NSE_EQ|INE766P01016,MAHLOG,INE766P01016,MAHINDRA LOGISTIC LIMITED,NSE,NSE_EQ
NSE_EQ|INE540G01014,AMBIKCO,INE540G01014,AMBIKA COTTON MILL LTD.,NSE,NSE_EQ
NSE_EQ|INE672B01032,MUNJALAU,INE672B01032,MUNJAL AUTO IND. LTD.,NSE,NSE_EQ
NSE_EQ|INE201P01022,GRINFRA,INE201P01022,G R INFRAPROJECTS LIMITED,NSE,NSE_EQ
NSE_EQ|INE1NPP01017,ENRIN,INE1NPP01017,SIEMENS ENERGY INDIA LTD,NSE,NSE_EQ
NSE_EQ|INE0GK401011,TATVA,INE0GK401011,TATVA CHIN PHARM CHEM LTD,NSE,NSE_EQ
NSE_EQ|INE427F01016,CHALET,INE427F01016,CHALET HOTELS LIMITED,NSE,NSE_EQ
NSE_EQ|INE227G01018,INDOWIND,INE227G01018,INDOWIND ENERGY LTD,NSE,NSE_EQ
NSE_EQ|INE00R701025,DALBHARAT,INE00R701025,DALMIA BHARAT LIMITED,NSE,NSE_EQ
NSE_EQ|INE03CC01015,JUBLCPL,INE03CC01015,JUBILANT AGRI N CON PRO L,NSE,NSE_EQ
NSE_EQ|INE060B01014,KHANDSE,INE060B01014,KHANDWALA SECURITIES LTD,NSE,NSE_EQ
NSE_EQ|INE0KGZ01021,SIGNPOST,INE0KGZ01021,SIGNPOST INDIA LIMITED,NSE,NSE_EQ
NSE_EQ|INE438K01021,KALAMANDIR,INE438K01021,SAI SILKS (KALAMANDIR) L,NSE,NSE_EQ
NSE_EQ|INE879A01019,SHREERAMA,INE879A01019,SHREE RAMA MULTI TECH LTD,NSE,NSE_EQ
NSE_EQ|INE0BTI01037,KAMOPAINTS,INE0BTI01037,KAMDHENU VENTURES LIMITED,NSE,NSE_EQ
NSE_EQ|INE967B01028,SGLRES,INE967B01028,SGL RESOURCES LIMITED,NSE,NSE_EQ
NSE_EQ|INE056801025,IVALUE,INE056801025,IVALUE INFOSOLUTIONS LTD,NSE,NSE_EQ
NSE_EQ|INE165B01029,RSSOFTWARE,INE165B01029,R. S. SOFTWARE (INDIA) LI,NSE,NSE_EQ
NSE_EQ|INE917I01010,BAJAJ-AUTO,INE917I01010,BAJAJ AUTO LIMITED,NSE,NSE_EQ
NSE_EQ|INE414Y01015,SGRL,INE414Y01015,SHREE GANESH REMEDIES LTD,NSE,NSE_EQ
NSE_EQ|INE1TAE01010,TMCV,INE1TAE01010,TATA MOTORS LIMITED,NSE,NSE_EQ
NSE_EQ|INE722H01024,RGL,INE722H01024,RENAISSANCE GLOBAL LTD,NSE,NSE_EQ
NSE_EQ|INE00Y801016,AKG,INE00Y801016,AKG EXIM LIMITED,NSE,NSE_EQ
NSE_EQ|INE767C01012,AXTEL,INE767C01012,AXTEL INDUSTRIES LTD.,NSE,NSE_EQ
NSE_EQ|INE146L01010,KIRLOSENG,INE146L01010,KIRLOSKAR OIL ENG LTD,NSE,NSE_EQ
NSE_EQ|INE547B01028,XTGLOBAL,INE547B01028,XTGLOBAL INFOTECH LIMITED,NSE,NSE_EQ
NSE_EQ|INE798F01010,PANCHMAHQ,INE798F01010,PANCHMAHAL STEEL LTD.,NSE,NSE_EQ
NSE_EQ|INE141K01013,TEXMOPIPES,INE141K01013,TEXMO PIPE & PRODUCTS LTD,NSE,NSE_EQ
NSE_EQ|INE265B01019,NITTAGELA,INE265B01019,NITTA GELATIN INDIA LTD.,NSE,NSE_EQ
NSE_EQ|INE943P01029,AGARWALEYE,INE943P01029,DR AGARWALS HEALTH CARE L,NSE,NSE_EQ
NSE_EQ|INE222F01029,VTMLTD,INE222F01029,V T M LTD.,NSE,NSE_EQ
NSE_EQ|INE267A01025,HINDZINC,INE267A01025,HINDUSTAN ZINC LIMITED,NSE,NSE_EQ
NSE_EQ|INE466L01038,360ONE,INE466L01038,360 ONE WAM LIMITED,NSE,NSE_EQ
NSE_EQ|INE545H01011,TIIL,INE545H01011,TECHNOCRAFT IND LTD,NSE,NSE_EQ
NSE_EQ|INE750D01016,RELCHEMQ,INE750D01016,RELIANCE CHEMOTEX IND LTD,NSE,NSE_EQ
NSE_EQ|INE976R01033,AGIIL,INE976R01033,AGI INFRA LIMITED,NSE,NSE_EQ
NSE_EQ|INE324X01026,SARVESHWAR,INE324X01026,SARVESHWAR FOODS LIMITED,NSE,NSE_EQ
NSE_EQ|INE070A01015,SHREECEM,INE070A01015,SHREE CEMENT LIMITED,NSE,NSE_EQ
NSE_EQ|INE242C01024,ANANTRAJ,INE242C01024,ANANT RAJ LIMITED,NSE,NSE_EQ
NSE_EQ|INE908V01012,LIBAS,INE908V01012,LIBAS CONSU PRODUCTS LTD,NSE,NSE_EQ
NSE_EQ|INE785A01026,JAYAGROGN,INE785A01026,JAYANT AGRO ORGANICS LTD,NSE,NSE_EQ
NSE_EQ|INE093R01011,LLOYDSENGG,INE093R01011,LLOYDS ENGG WORK LIMITED,NSE,NSE_EQ
NSE_EQ|INE066O01014,WONDERLA,INE066O01014,WONDERLA HOLIDAYS LTD.,NSE,NSE_EQ
NSE_EQ|INE563J01010,ASTEC,INE563J01010,ASTEC LIFESCIENCES LTD,NSE,NSE_EQ
NSE_EQ|INE0QJW01029,LCL,INE0QJW01029,LOHIA CORP LIMITED,NSE,NSE_EQ
NSE_EQ|INE784R01023,ARFIN,INE784R01023,ARFIN INDIA LIMITED,NSE,NSE_EQ
NSE_EQ|INE0B1K01014,DJML,INE0B1K01014,DJ MEDIAPRINT & LOG LTD,NSE,NSE_EQ
NSE_EQ|INE982V01025,JETFREIGHT,INE982V01025,JET FREIGHT LOGISTICS LTD,NSE,NSE_EQ
NSE_EQ|INE865C01022,BIRLAMONEY,INE865C01022,ADITYA BIRLA MONEY LTD,NSE,NSE_EQ
NSE_EQ|INE883F01010,AADHARHFC,INE883F01010,AADHAR HOUSING FINANCE L,NSE,NSE_EQ
NSE_EQ|INE276G01015,ASIANENE,INE276G01015,ASIAN ENERGY SERVICES LTD,NSE,NSE_EQ
NSE_EQ|INE798K01010,KRITINUT,INE798K01010,KRITI NUTRIENTS LIMITED,NSE,NSE_EQ
NSE_EQ|INE749A01030,JINDALSTEL,INE749A01030,JINDAL STEEL LIMITED,NSE,NSE_EQ
NSE_EQ|INE171Z01026,BDL,INE171Z01026,BHARAT DYNAMICS LIMITED,NSE,NSE_EQ
NSE_EQ|INE641R01017,QUINT,INE641R01017,QUINT DIGITAL LTD.,NSE,NSE_EQ
NSE_EQ|INE591G01025,COFORGE,INE591G01025,COFORGE LIMITED,NSE,NSE_EQ
NSE_EQ|INE557A01011,BIRLANU,INE557A01011,BIRLANU LIMITED,NSE,NSE_EQ
NSE_EQ|INE034S01021,ARVSMART,INE034S01021,ARVIND SMARTSPACES LTD,NSE,NSE_EQ
NSE_EQ|INE0INJ01017,PLAZACABLE,INE0INJ01017,PLAZA WIRES LIMITED,NSE,NSE_EQ
NSE_EQ|INE298W01016,CHEMCRUX,INE298W01016,CHEMCRUX ENTERPRISES LTD.,NSE,NSE_EQ
NSE_EQ|INE459A01010,BANARISUG,INE459A01010,BANNARI AMMAN SUGARS LTD,NSE,NSE_EQ
NSE_EQ|INE247D01039,JINDWORLD,INE247D01039,JINDAL WORLDWIDE LTD,NSE,NSE_EQ
NSE_EQ|INE782E01017,HESTERBIO,INE782E01017,HESTER BIOSCIENCES LTD,NSE,NSE_EQ
NSE_EQ|INE0CU601026,GMRP&UI,INE0CU601026,GMR POW AND URBAN INFRA L,NSE,NSE_EQ
NSE_EQ|INE0N0Y01013,USK,INE0N0Y01013,UDAYSHIVAKUMAR INFRA LTD,NSE,NSE_EQ
NSE_EQ|INE903U01023,SIGNATURE,INE903U01023,SIGNATUREGLOBAL INDIA LTD,NSE,NSE_EQ
NSE_EQ|INE0PA801013,GHCLTEXTIL,INE0PA801013,GHCL TEXTILES LIMITED,NSE,NSE_EQ
NSE_EQ|INE596H01014,HGM,INE596H01014,HANDSON GBL MNGMNT LTD,NSE,NSE_EQ
NSE_EQ|INE440G01017,TRITONV,INE440G01017,TRITON VALVES LTD.,NSE,NSE_EQ
NSE_EQ|INE952H01027,RAJTV,INE952H01027,RAJ TV NETWORK LTD,NSE,NSE_EQ
NSE_EQ|INE876N01018,ORIENTCEM,INE876N01018,ORIENT CEMENT LTD.,NSE,NSE_EQ
NSE_EQ|INE414A01015,MADRASFERT,INE414A01015,MADRAS FERTILISERS LTD,NSE,NSE_EQ
NSE_EQ|INE207E01023,RAMRAT,INE207E01023,RAM RATNA WIRES LIMITED,NSE,NSE_EQ
NSE_EQ|INE425Y01011,RPSGVENT,INE425Y01011,RPSG VENTURES LIMITED,NSE,NSE_EQ
NSE_EQ|INE669R01026,ELITECON,INE669R01026,ELITECON INTERNATIONAL L,NSE,NSE_EQ
NSE_EQ|INE162A01010,GIPCL,INE162A01010,GUJ IND POW CO. LTD,NSE,NSE_EQ
NSE_EQ|INE073G01016,ASALCBR,INE073G01016,ASSO ALCOHOLS & BREW LTD,NSE,NSE_EQ
NSE_EQ|INE160A01022,PNB,INE160A01022,PUNJAB NATIONAL BANK,NSE,NSE_EQ
NSE_EQ|INE16NZ01023,ORKLAINDIA,INE16NZ01023,ORKLA INDIA LIMITED,NSE,NSE_EQ
NSE_EQ|INE640A01023,SKFINDIA,INE640A01023,SKF INDIA LTD,NSE,NSE_EQ
NSE_EQ|INE1C6T01020,EMMVEE,INE1C6T01020,EMMVEE PHOTOVOLTAIC PWR L,NSE,NSE_EQ
NSE_EQ|INE807F01027,VIYASH,INE807F01027,VIYASH SCIENTIFIC LIMITED,NSE,NSE_EQ
NSE_EQ|INE12UR01024,UTLSOLAR,INE12UR01024,FUJIYAMA POWER SYSTEMS L,NSE,NSE_EQ
NSE_EQ|INE934S01014,GNA,INE934S01014,GNA AXLES LIMITED,NSE,NSE_EQ
NSE_EQ|INE636A01039,MAWANASUG,INE636A01039,MAWANA SUGARS LIMITED,NSE,NSE_EQ
NSE_EQ|INE078V01014,VIKRAMSOLR,INE078V01014,VIKRAM SOLAR LIMITED,NSE,NSE_EQ
NSE_EQ|INE736A01011,CDSL,INE736A01011,CENTRAL DEPO SER (I) LTD,NSE,NSE_EQ
NSE_EQ|INE402H01015,SHBAJRG,INE402H01015,SHRI BAJRANG ALLIANCE L,NSE,NSE_EQ
NSE_EQ|INE173A01025,SIL,INE173A01025,STANDARD INDUSTRIES LTD.,NSE,NSE_EQ
NSE_EQ|INE559A01017,IFBIND,INE559A01017,IFB INDUSTRIES LTD,NSE,NSE_EQ
NSE_EQ|INE076C01018,IFBAGRO,INE076C01018,IFB AGRO INDUSTRIES LTD,NSE,NSE_EQ
NSE_EQ|INE199P01028,GCSL,INE199P01028,GRETEX CORPORATE SERVICES,NSE,NSE_EQ
NSE_EQ|INE0GFE01026,EXXARO,INE0GFE01026,EXXARO TILES LIMITED,NSE,NSE_EQ
NSE_EQ|INE301A01014,RAYMOND,INE301A01014,RAYMOND LTD,NSE,NSE_EQ
NSE_EQ|INE893I01013,VASCONEQ,INE893I01013,VASCON ENGINEERS LTD,NSE,NSE_EQ
NSE_EQ|INE814H01029,ADANIPOWER,INE814H01029,ADANI POWER LTD,NSE,NSE_EQ
NSE_EQ|INE558R01013,HECPROJECT,INE558R01013,HEC INFRA PROJECTS LTD,NSE,NSE_EQ
NSE_EQ|INE495A01022,DALMIASUG,INE495A01022,DALMIA BHARAT SUG IN LTD,NSE,NSE_EQ
NSE_EQ|INE102D01028,GODREJCP,INE102D01028,GODREJ CONSUMER PRODUCTS,NSE,NSE_EQ
NSE_EQ|INE359U01028,LANCER,INE359U01028,LANCER CONTAINER LINES L,NSE,NSE_EQ
NSE_EQ|INE600L01024,LALPATHLAB,INE600L01024,DR. LAL PATH LABS LTD.,NSE,NSE_EQ
NSE_EQ|INE083A01026,MOREPENLAB,INE083A01026,MOREPEN LAB. LTD,NSE,NSE_EQ
NSE_EQ|INE0LGX01024,INA,INE0LGX01024,INSOLATION ENERGY LIMITED,NSE,NSE_EQ
NSE_EQ|INE088F01024,PARADEEP,INE088F01024,PARADEEP PHOSPHATES LTD,NSE,NSE_EQ
NSE_EQ|INE06ZD01017,SHANTIGOLD,INE06ZD01017,SHANTI GOLD INTERNATION L,NSE,NSE_EQ
NSE_EQ|INE801V01019,LAXMICOT,INE801V01019,LAXMI COTSPIN LIMITED,NSE,NSE_EQ
NSE_EQ|INE134E01011,PFC,INE134E01011,POWER FIN CORP LTD.,NSE,NSE_EQ
NSE_EQ|INE269A01021,SONATSOFTW,INE269A01021,SONATA SOFTWARE LTD,NSE,NSE_EQ
NSE_EQ|INE0QRL01017,ARKADE,INE0QRL01017,ARKADE DEVELOPERS LIMITED,NSE,NSE_EQ
NSE_EQ|INE009A01021,INFY,INE009A01021,INFOSYS LIMITED,NSE,NSE_EQ
NSE_EQ|INE962Y01021,IRCON,INE962Y01021,IRCON INTERNATIONAL LTD,NSE,NSE_EQ
NSE_EQ|INE500L01026,SHK,INE500L01026,S H KELKAR AND CO. LTD.,NSE,NSE_EQ
NSE_EQ|INE048G01026,NAVINFLUOR,INE048G01026,NAVIN FLUORINE INT. LTD,NSE,NSE_EQ
NSE_EQ|INE0UOS01011,SANOFICONR,INE0UOS01011,SANOFI CONS HEALTHC IND L,NSE,NSE_EQ
NSE_EQ|INE224A01026,GREAVESCOT,INE224A01026,GREAVES COTTON LTD.,NSE,NSE_EQ
NSE_EQ|INE694L01019,VEDPOWER,INE694L01019,VEDANTA POWER LIMITED,NSE,NSE_EQ
NSE_EQ|INE129Z01016,SINTERCOM,INE129Z01016,SINTERCOM INDIA LIMITED,NSE,NSE_EQ
NSE_EQ|INE145E01017,CRAVATEX,INE145E01017,CRAVATEX LTD.,NSE,NSE_EQ
NSE_EQ|INE154B01023,MOHITE,INE154B01023,MOHITE INDUSTRIES LTD.,NSE,NSE_EQ
NSE_EQ|INE430N01022,VISHWARAJ,INE430N01022,VISHWARAJ SUGAR IND LTD,NSE,NSE_EQ
NSE_EQ|INE587G01015,KAYA,INE587G01015,KAYA LIMITED,NSE,NSE_EQ
NSE_EQ|INE918Z01012,KAYNES,INE918Z01012,KAYNES TECHNOLOGY IND LTD,NSE,NSE_EQ
NSE_EQ|INE376G01013,BIOCON,INE376G01013,BIOCON LIMITED.,NSE,NSE_EQ
NSE_EQ|INE099Z01011,MIDHANI,INE099Z01011,MISHRA DHATU NIGAM LTD,NSE,NSE_EQ
NSE_EQ|INE0VOV01021,DEVX,INE0VOV01021,DEV ACCELERATOR LIMITED,NSE,NSE_EQ
NSE_EQ|INE278B01020,RAMANEWS,INE278B01020,SHREE RAMA NEWSPRINT LTD,NSE,NSE_EQ
NSE_EQ|INE613C01026,MCLOUD,INE613C01026,MAGELLANIC CLOUD LIMITED,NSE,NSE_EQ
NSE_EQ|INE043A01012,GTL,INE043A01012,GTL LTD,NSE,NSE_EQ
NSE_EQ|INE704J01044,VOGL,INE704J01044,VEDANTA OIL AND GAS LTD,NSE,NSE_EQ
NSE_EQ|INE00M201021,SWSOLAR,INE00M201021,STRLNG & WIL REN ENE LTD,NSE,NSE_EQ
NSE_EQ|INE619A01035,PATANJALI,INE619A01035,PATANJALI FOODS LIMITED,NSE,NSE_EQ
NSE_EQ|INE676A01027,BBOX,INE676A01027,BLACK BOX LIMITED,NSE,NSE_EQ
NSE_EQ|INE465A01025,BHARATFORG,INE465A01025,BHARAT FORGE LTD,NSE,NSE_EQ
NSE_EQ|INE611L01021,INDTERRAIN,INE611L01021,IND TERRAIN FASHIONS LTD,NSE,NSE_EQ
NSE_EQ|INE102I01027,ADSL,INE102I01027,ALLIED DIGITAL SERV. LTD,NSE,NSE_EQ
NSE_EQ|INE713B01026,SURYALAXMI,INE713B01026,SURYALAKSHMI COT MIL LTD,NSE,NSE_EQ
NSE_EQ|INE221H01019,GTLINFRA,INE221H01019,GTL INFRA.LTD,NSE,NSE_EQ
NSE_EQ|INE589A01014,NLCINDIA,INE589A01014,NLC INDIA LIMITED,NSE,NSE_EQ
NSE_EQ|INE0MLS01022,EPACKPEB,INE0MLS01022,EPACK PREFAB TECHN LTD,NSE,NSE_EQ
NSE_EQ|INE463A01038,BERGEPAINT,INE463A01038,BERGER PAINTS (I) LTD,NSE,NSE_EQ
NSE_EQ|INE0G5901015,EPACK,INE0G5901015,EPACK DURABLE LIMITED,NSE,NSE_EQ
NSE_EQ|INE647U01026,CLEANMAX,INE647U01026,CLEAN MAX ENVIRO EN SOL L,NSE,NSE_EQ
NSE_EQ|INE955D01029,GENUSPOWER,INE955D01029,GENUS POWER INFRASTRU LTD,NSE,NSE_EQ
NSE_EQ|INE583C01021,DECCANCE,INE583C01021,DECCAN CEMENTS LIMITED,NSE,NSE_EQ
NSE_EQ|INE615P01015,QUESS,INE615P01015,QUESS CORP LIMITED,NSE,NSE_EQ
NSE_EQ|INE0MB501011,JGCHEM,INE0MB501011,J.G.CHEMICALS LIMITED,NSE,NSE_EQ
NSE_EQ|INE00S901012,NILASPACES,INE00S901012,NILA SPACES LIMITED,NSE,NSE_EQ
NSE_EQ|INE170E01023,SATIA,INE170E01023,SATIA INDUSTRIES LIMITED,NSE,NSE_EQ
NSE_EQ|INE622W01025,ACMESOLAR,INE622W01025,ACME SOLAR HOLDINGS LTD,NSE,NSE_EQ
NSE_EQ|INE877F01012,PTC,INE877F01012,PTC INDIA LIMITED,NSE,NSE_EQ
NSE_EQ|INE858F01012,NITCO,INE858F01012,NITCO LIMITED,NSE,NSE_EQ
NSE_EQ|INE846D01012,LORDSCHLO,INE846D01012,LORDS CHLORO ALKALI LTD,NSE,NSE_EQ
NSE_EQ|INE256A01028,ZEEL,INE256A01028,ZEE ENTERTAINMENT ENT LTD,NSE,NSE_EQ
NSE_EQ|INE417B01040,DSSL,INE417B01040,DYNACONS SYS & SOLN LTD,NSE,NSE_EQ
NSE_EQ|INE045A01017,ADOR,INE045A01017,ADOR WELDING LTD,NSE,NSE_EQ
NSE_EQ|INE321M01017,SONAL,INE321M01017,SONAL MERCANTILE LTD.,NSE,NSE_EQ
NSE_EQ|INE838E01017,PONNIERODE,INE838E01017,PONNIE SUGARS (ERODE) LTD,NSE,NSE_EQ
NSE_EQ|INE658G01014,SALSTEEL,INE658G01014,S.A.L. STEEL LTD.,NSE,NSE_EQ
NSE_EQ|INE540L01014,ALKEM,INE540L01014,ALKEM LABORATORIES LTD.,NSE,NSE_EQ
NSE_EQ|INE828A01016,BIL,INE828A01016,BHARTIYA INTERNATIONAL,NSE,NSE_EQ
NSE_EQ|INE577L01016,STEL,INE577L01016,STEL HOLDINGS LIMITED,NSE,NSE_EQ
NSE_EQ|INE011K01018,TEGA,INE011K01018,TEGA INDUSTRIES LIMITED,NSE,NSE_EQ
NSE_EQ|INE026A01025,GSFC,INE026A01025,GUJ STATE FERT & CHEM LTD,NSE,NSE_EQ
NSE_EQ|INE579C01029,VIMTALABS,INE579C01029,VIMTA LABS LIMITED,NSE,NSE_EQ
NSE_EQ|INE237A01036,KOTAKBANK,INE237A01036,KOTAK MAHINDRA BANK LTD,NSE,NSE_EQ
NSE_EQ|INE822C01015,TCPLPACK,INE822C01015,TCPL PACKAGING LIMITED,NSE,NSE_EQ
NSE_EQ|INE298I01015,ARIES,INE298I01015,ARIES AGRO LTD.,NSE,NSE_EQ
NSE_EQ|INE126A01031,EIDPARRY,INE126A01031,EID PARRY INDIA LTD,NSE,NSE_EQ
NSE_EQ|INE200D01020,MMWL,INE200D01020,MEDIA MATRIX WORLDWIDE L,NSE,NSE_EQ
NSE_EQ|INE623A01011,SAKHTISUG,INE623A01011,SAKTHI SUGARS LTD,NSE,NSE_EQ
NSE_EQ|INE620D01011,INDPRUD,INE620D01011,INDUSTRIAL & PRU INV CO L,NSE,NSE_EQ
NSE_EQ|INE871H01011,GSS,INE871H01011,GSS INFOTECH LIMITED,NSE,NSE_EQ
NSE_EQ|INE418E01018,PERMAGN,INE418E01018,PERMANENT MAGNETS LTD.,NSE,NSE_EQ
NSE_EQ|INE457P01020,TOYAMSL,INE457P01020,TOYAM SPORTS LTD.,NSE,NSE_EQ
NSE_EQ|INE939A01011,STAR,INE939A01011,STRIDES PHARMA SCI LTD,NSE,NSE_EQ
NSE_EQ|INE482A01020,CEATLTD,INE482A01020,CEAT LIMITED,NSE,NSE_EQ
NSE_EQ|INE535D01037,ROTO,INE535D01037,ROTO PUMPS LIMITED,NSE,NSE_EQ
NSE_EQ|INE0CPR01018,EKI,INE0CPR01018,EKI ENERGY SERVICES LTD,NSE,NSE_EQ
NSE_EQ|INE165G01010,ASSAMENT,INE165G01010,ASSAM ENTRADE LIMITED,NSE,NSE_EQ
NSE_EQ|INE0K9O01026,LALITHAA,INE0K9O01026,LALITHAA JEWELLERY MART L,NSE,NSE_EQ
NSE_EQ|INE429E01023,SAFARI,INE429E01023,SAFARI IND (INDIA) LTD,NSE,NSE_EQ
NSE_EQ|INE850D01014,GODREJAGRO,INE850D01014,GODREJ AGROVET LIMITED,NSE,NSE_EQ
NSE_EQ|INE361B01024,DIVISLAB,INE361B01024,DIVI S LABORATORIES LTD,NSE,NSE_EQ
NSE_EQ|INE517B01013,TTML,INE517B01013,TATA TELESERV(MAHARASTRA),NSE,NSE_EQ
NSE_EQ|INE967G01019,ZSARACOM,INE967G01019,SARASWATI COMM (INDIA) L,NSE,NSE_EQ
NSE_EQ|INE354A01013,JENBURPH,INE354A01013,JENBURKT PHARMACEUTICAL L,NSE,NSE_EQ
NSE_EQ|INE519A01011,FOSECOIND,INE519A01011,FOSECO INDIA LTD,NSE,NSE_EQ
NSE_EQ|INE689O01013,MERCANTILE,INE689O01013,MERCANTILE VENTURES LTD.,NSE,NSE_EQ
NSE_EQ|INE385C01021,SARDAEN,INE385C01021,SARDA ENERGY & MIN LTD,NSE,NSE_EQ
NSE_EQ|INE606A01024,AMJLAND,INE606A01024,AMJ LAND HOLDINGS LIMITED,NSE,NSE_EQ
NSE_EQ|INE680A01011,DHANBANK,INE680A01011,DHANLAXMI BANK LIMITED,NSE,NSE_EQ
NSE_EQ|INE710A01016,VSTIND,INE710A01016,VST INDUSTRIES LTD,NSE,NSE_EQ
NSE_EQ|INE861D01011,SAHLIBHFI,INE861D01011,SHALIBHADRA FINANCE LTD,NSE,NSE_EQ
NSE_EQ|INE143A01010,OSWALGREEN,INE143A01010,OSWAL GREENTECH LIMITED,NSE,NSE_EQ
NSE_EQ|INE811K01011,PRESTIGE,INE811K01011,PRESTIGE ESTATE LTD,NSE,NSE_EQ
NSE_EQ|INE863I01016,BANG,INE863I01016,BANG OVERSEAS LTD.,NSE,NSE_EQ
NSE_EQ|INE01EA01019,VMM,INE01EA01019,VISHAL MEGA MART LIMITED,NSE,NSE_EQ
NSE_EQ|INE637C01025,POKARNA,INE637C01025,POKARNA LIMITED,NSE,NSE_EQ
NSE_EQ|INE878H01024,INVENTURE,INE878H01024,INVENTURE GRO & SEC LTD,NSE,NSE_EQ
NSE_EQ|INE0LMW01024,CELLO,INE0LMW01024,CELLO WORLD LIMITED,NSE,NSE_EQ
NSE_EQ|INE932A01024,PENIND,INE932A01024,PENNAR INDUSTRIES LTD,NSE,NSE_EQ
NSE_EQ|INE440L01017,TIJARIA,INE440L01017,TIJARIA POLYPIPES LTD,NSE,NSE_EQ
NSE_EQ|INE543V01017,ACEINTEG,INE543V01017,ACE INTEGRATED SOLU. LTD.,NSE,NSE_EQ
NSE_EQ|INE280H01015,SAHYADRI,INE280H01015,SAHYADRI INDUSTRIES LTD,NSE,NSE_EQ
NSE_EQ|INE510A01028,ENGINERSIN,INE510A01028,ENGINEERS INDIA LTD,NSE,NSE_EQ
NSE_EQ|INE488D01021,AVTNPL,INE488D01021,AVT NATURAL PRODUCTS LTD,NSE,NSE_EQ
NSE_EQ|INE359B01010,VEDAVAAG,INE359B01010,VEDAVAAG SYSTEMS LTD.,NSE,NSE_EQ
NSE_EQ|INE956G01038,WABAG,INE956G01038,VA TECH WABAG LTD,NSE,NSE_EQ
NSE_EQ|INE953E01022,KSE,INE953E01022,KSE LTD.,NSE,NSE_EQ
NSE_EQ|INE0I0M01023,PRABHA,INE0I0M01023,PRABHA ENERGY LIMITED,NSE,NSE_EQ
NSE_EQ|INE963C01033,FAZE3Q,INE963C01033,FAZE THREE LIMITED,NSE,NSE_EQ
NSE_EQ|INE01GN01025,IRISDOREME,INE01GN01025,IRIS CLOTHINGS LIMITED,NSE,NSE_EQ
NSE_EQ|INE215I01027,MAANALU,INE215I01027,MAAN ALUMINIUM LIMITED,NSE,NSE_EQ
NSE_EQ|INE874I01013,RAMKY,INE874I01013,RAMKY INFRA LTD,NSE,NSE_EQ
NSE_EQ|INE030A01027,HINDUNILVR,INE030A01027,HINDUSTAN UNILEVER LTD.,NSE,NSE_EQ
NSE_EQ|INE0JO301016,YATHARTH,INE0JO301016,YATHARTH HOSP & TRA C S L,NSE,NSE_EQ
NSE_EQ|INE274V01019,SHANKARA,INE274V01019,SHANKARA BLDG PRODUCT LTD,NSE,NSE_EQ
NSE_EQ|INE411D01023,SKMEGGPROD,INE411D01023,SKM EGG PROD EXPORT(I) LT,NSE,NSE_EQ
NSE_EQ|INE428V01029,NEPHROPLUS,INE428V01029,NEPHROCARE HEALTH SERV L,NSE,NSE_EQ
NSE_EQ|INE039O01029,JASH,INE039O01029,JASH ENGINEERING LIMITED,NSE,NSE_EQ
NSE_EQ|INE872J01023,DEVYANI,INE872J01023,DEVYANI INTERNATIONAL LTD,NSE,NSE_EQ
NSE_EQ|INE121N01019,THEJO,INE121N01019,THEJO ENGINEERING LIMITED,NSE,NSE_EQ
NSE_EQ|INE278G01037,CYBERMEDIA,INE278G01037,CYBER MEDIA (INDIA) LTD.,NSE,NSE_EQ
NSE_EQ|INE476A01022,CANBK,INE476A01022,CANARA BANK,NSE,NSE_EQ
NSE_EQ|INE419U01012,HAPPSTMNDS,INE419U01012,HAPPIEST MINDS TECHNO LTD,NSE,NSE_EQ
NSE_EQ|INE691A01018,UCOBANK,INE691A01018,UCO BANK,NSE,NSE_EQ
NSE_EQ|INE0CZ201020,ANTHEM,INE0CZ201020,ANTHEM BIOSCIENCES LTD,NSE,NSE_EQ
NSE_EQ|INE879K01018,KMCSHIL,INE879K01018,K M C SPECIALITY HOSP I L,NSE,NSE_EQ
NSE_EQ|INE899L01030,UEL,INE899L01030,UJAAS ENERGY LIMITED,NSE,NSE_EQ
NSE_EQ|INE370D01013,MANORG,INE370D01013,MANGALAM ORGANICS LIMITED,NSE,NSE_EQ
NSE_EQ|INE959C01023,OAL,INE959C01023,ORIENTAL AROMATICS LTD,NSE,NSE_EQ
NSE_EQ|INE745G01043,MCX,INE745G01043,MULTI COMMODITY EXCHANGE,NSE,NSE_EQ
NSE_EQ|INE0W2G01015,SAGILITY,INE0W2G01015,SAGILITY LIMITED,NSE,NSE_EQ
NSE_EQ|INE04LG01015,PAR,INE04LG01015,PAR DRUGS AND CHEM LTD,NSE,NSE_EQ
NSE_EQ|INE930P01018,ANURAS,INE930P01018,ANUPAM RASAYAN INDIA LTD,NSE,NSE_EQ
NSE_EQ|INE715B01021,ANDHRSUGAR,INE715B01021,ANDHRA SUGARS LTD,NSE,NSE_EQ
NSE_EQ|INE617A01013,SEMAC,INE617A01013,SEMAC CONSTRUCTION LTD,NSE,NSE_EQ
NSE_EQ|INE0U4701011,DIGITIDE,INE0U4701011,DIGITIDE SOLUTIONS LTD,NSE,NSE_EQ
NSE_EQ|INE365O01028,ABANSENT,INE365O01028,ABANS ENTERPRISES LTD.,NSE,NSE_EQ
NSE_EQ|INE832A01018,MODIRUBBER,INE832A01018,MODI RUBBER LTD,NSE,NSE_EQ
NSE_EQ|INE531E01026,HINDCOPPER,INE531E01026,HINDUSTAN COPPER LTD,NSE,NSE_EQ
NSE_EQ|INE483C01032,TANLA,INE483C01032,TANLA PLATFORMS LIMITED,NSE,NSE_EQ
NSE_EQ|INE721A01047,SHRIRAMFIN,INE721A01047,SHRIRAM FINANCE LIMITED,NSE,NSE_EQ
NSE_EQ|INE506A01018,DREDGECORP,INE506A01018,DREDGING CORP OF INDIA,NSE,NSE_EQ
NSE_EQ|INE028A01039,BANKBARODA,INE028A01039,BANK OF BARODA,NSE,NSE_EQ
NSE_EQ|INE0L9R01028,GOPAL,INE0L9R01028,GOPAL SNACKS LIMITED,NSE,NSE_EQ
NSE_EQ|INE058F01019,ALUFLUOR,INE058F01019,ALUFLUORIDE LTD.,NSE,NSE_EQ
NSE_EQ|INE266D01021,GRAUWEIL,INE266D01021,GRAUER & WEIL IND LTD,NSE,NSE_EQ
NSE_EQ|INE727S01012,BRNL,INE727S01012,BHARAT ROAD NETWORK LTD,NSE,NSE_EQ
NSE_EQ|INE972X01022,VAISHALI,INE972X01022,VAISHALI PHARMA LIMITED,NSE,NSE_EQ
NSE_EQ|INE670K01029,LODHA,INE670K01029,LODHA DEVELOPERS LIMITED,NSE,NSE_EQ
NSE_EQ|INE039A01010,IFCI,INE039A01010,IFCI LTD,NSE,NSE_EQ
NSE_EQ|INE576O01020,LXCHEM,INE576O01020,LAXMI ORGANIC INDUS LTD,NSE,NSE_EQ
NSE_EQ|INE1SJO01012,RAMBHAJO,INE1SJO01012,ADVIT JEWELS LIMITED,NSE,NSE_EQ
NSE_EQ|INE807K01035,SCHAND,INE807K01035,S CHAND AND COMPANY LTD,NSE,NSE_EQ
NSE_EQ|INE525F01025,BLIL,INE525F01025,BALMER LAWRIE INVSTS. L,NSE,NSE_EQ
NSE_EQ|INE079J01017,GATEWAY,INE079J01017,GATEWAY DISTRIPARKS LTD,NSE,NSE_EQ
NSE_EQ|INE048B01035,JAGSNPHARM,INE048B01035,JAGSONPAL PHARMACEUTICALS,NSE,NSE_EQ
NSE_EQ|INE914M01019,ASTERDM,INE914M01019,ASTER DM QUALITY CARE LTD,NSE,NSE_EQ
NSE_EQ|INE372C01037,PRECWIRE,INE372C01037,PRECISION WIRES INDIA LTD,NSE,NSE_EQ
NSE_EQ|INE570L01029,SAILIFE,INE570L01029,SAI LIFE SCIENCES LIMITED,NSE,NSE_EQ
NSE_EQ|INE461B01014,REPRO,INE461B01014,REPRO INDIA LIMITED,NSE,NSE_EQ
NSE_EQ|INE128X01021,ACI,INE128X01021,ARCHEAN CHEMICAL IND LTD,NSE,NSE_EQ
NSE_EQ|INE158A01026,HEROMOTOCO,INE158A01026,HERO MOTOCORP LIMITED,NSE,NSE_EQ
NSE_EQ|INE920C01017,NTCIND,INE920C01017,N T C INDUSTRIES LTD.,NSE,NSE_EQ
NSE_EQ|INE824Q01011,MANAKSTEEL,INE824Q01011,MANAKSIA STEELS LTD,NSE,NSE_EQ
NSE_EQ|INE0TQE01026,GLOTTIS,INE0TQE01026,GLOTTIS LIMITED,NSE,NSE_EQ
NSE_EQ|INE060901027,LIKHITHA,INE060901027,LIKHITHA INFRASTRUC LTD,NSE,NSE_EQ
NSE_EQ|INE112L01020,METROPOLIS,INE112L01020,METROPOLIS HEALTHCARE LTD,NSE,NSE_EQ
NSE_EQ|INE405E01023,UNOMINDA,INE405E01023,UNO MINDA LIMITED,NSE,NSE_EQ
NSE_EQ|INE080I01025,LLOYDSENT,INE080I01025,LLOYDS ENTERPRISES LTD,NSE,NSE_EQ
NSE_EQ|INE115S01010,HALDER,INE115S01010,HALDER VENTURE LIMITED,NSE,NSE_EQ
NSE_EQ|INE425B01027,BCG,INE425B01027,BRIGHTCOM GROUP LIMITED,NSE,NSE_EQ
NSE_EQ|INE050M01012,VSSL,INE050M01012,VARDHMAN SPC STEEL LTD,NSE,NSE_EQ
NSE_EQ|INE578A01017,HEIDELBERG,INE578A01017,HEIDELBERGCEMENT (I) LTD,NSE,NSE_EQ
NSE_EQ|INE131C01011,DISAQ,INE131C01011,DISA INDIA LTD.,NSE,NSE_EQ
NSE_EQ|INE717A01029,KENNAMET,INE717A01029,KENNAMETAL INDIA LIMITED,NSE,NSE_EQ
NSE_EQ|INE531X01018,SAICAPI,INE531X01018,SAI CAPITAL LTD.,NSE,NSE_EQ
NSE_EQ|INE715A01015,WHEELS,INE715A01015,WHEELS INDIA LTD,NSE,NSE_EQ
NSE_EQ|INE947A01014,SUNFLAG,INE947A01014,SUNFLAG IRON AND STEEL CO,NSE,NSE_EQ
NSE_EQ|INE01NE01012,SRD,INE01NE01012,SHANKAR LAL RAMPAL LTD,NSE,NSE_EQ
NSE_EQ|INE348A01023,ASHAPURMIN,INE348A01023,ASHAPURA MINECHEM LTD,NSE,NSE_EQ
NSE_EQ|INE976I01016,TATACAP,INE976I01016,TATA CAPITAL LIMITED,NSE,NSE_EQ
NSE_EQ|INE791A01024,BLBLIMITED,INE791A01024,BLB LIMITED,NSE,NSE_EQ
NSE_EQ|INE703H01016,HUBTOWN,INE703H01016,HUBTOWN LIMITED,NSE,NSE_EQ
NSE_EQ|INE431F01018,PKTEA,INE431F01018,THE P K TEA PROD CO LTD,NSE,NSE_EQ
NSE_EQ|INE777K01022,RRKABEL,INE777K01022,R R KABEL LIMITED,NSE,NSE_EQ
NSE_EQ|INE123W01016,SBILIFE,INE123W01016,SBI LIFE INSURANCE CO LTD,NSE,NSE_EQ
NSE_EQ|INE0HLU01028,MOBIKWIK,INE0HLU01028,ONE MOBIKWIK SYSTEMS LTD,NSE,NSE_EQ
NSE_EQ|INE843B01013,MAHAPEXLTD,INE843B01013,MAHA RASHTRA APEX COPR. L,NSE,NSE_EQ
NSE_EQ|INE02YR01019,EMIL,INE02YR01019,ELECTRONICS MART IND LTD,NSE,NSE_EQ
NSE_EQ|INE192A01025,TATACONSUM,INE192A01025,TATA CONSUMER PRODUCT LTD,NSE,NSE_EQ
NSE_EQ|INE864K01010,IRIS,INE864K01010,IRIS REGTECH SOLUTION LTD,NSE,NSE_EQ
NSE_EQ|INE085J01014,THANGAMAYL,INE085J01014,THANGAMAYIL JEWELLERY LTD,NSE,NSE_EQ
NSE_EQ|INE398R01022,SYNGENE,INE398R01022,SYNGENE INTERNATIONAL LTD,NSE,NSE_EQ
NSE_EQ|INE005B01027,AVANTEL,INE005B01027,AVANTEL LIMITED,NSE,NSE_EQ
NSE_EQ|INE551C01044,SHUKRAPHAR,INE551C01044,SHUKRA PHARMACEUTICALS L,NSE,NSE_EQ
NSE_EQ|INE515C01023,LAHOTIOV,INE515C01023,LAHOTI OVERSEAS LTD.,NSE,NSE_EQ
NSE_EQ|INE451C01013,ACGL,INE451C01013,AUTOMOBILE CORPN OF GOA L,NSE,NSE_EQ
NSE_EQ|INE025R01021,ARTEMISMED,INE025R01021,ARTEMIS MED SERVICE LTD,NSE,NSE_EQ
NSE_EQ|INE284B01028,TGVSL,INE284B01028,T G V SRAAC LTD.,NSE,NSE_EQ
NSE_EQ|INE118A01012,BAJAJHLDNG,INE118A01012,BAJAJ HOLDINGS & INVS LTD,NSE,NSE_EQ
NSE_EQ|INE597J01018,SHALBY,INE597J01018,SHALBY LIMITED,NSE,NSE_EQ
NSE_EQ|INE156A01020,INDORAMA,INE156A01020,INDO RAMA SYNTHETICS LTD,NSE,NSE_EQ
NSE_EQ|INE285H01022,ATLANTAA,INE285H01022,ATLANTAA LIMITED,NSE,NSE_EQ
NSE_EQ|INE371A01025,GRAPHITE,INE371A01025,GRAPHITE INDIA LTD,NSE,NSE_EQ
NSE_EQ|INE111F01024,PAUSHAKLTD,INE111F01024,PAUSHAK LIMITED,NSE,NSE_EQ
NSE_EQ|INE274C01019,WENDT,INE274C01019,WENDT (INDIA) LIMITED,NSE,NSE_EQ
NSE_EQ|INE0VDM01015,MEESHO,INE0VDM01015,MEESHO LIMITED,NSE,NSE_EQ
NSE_EQ|INE613B01010,ICDSLTD,INE613B01010,ICDS LTD,NSE,NSE_EQ
NSE_EQ|INE203Y01012,SILLYMONKS,INE203Y01012,SILLY MONKS ENTERTAIN LTD,NSE,NSE_EQ
NSE_EQ|INE386A01023,VESUVIUS,INE386A01023,VESUVIUS INDIA LTD,NSE,NSE_EQ
NSE_EQ|INE668A01016,TMB,INE668A01016,TAMILNAD MERCA BANK LTD,NSE,NSE_EQ
NSE_EQ|INE871C01038,AVANTIFEED,INE871C01038,AVANTI FEEDS LIMITED,NSE,NSE_EQ
NSE_EQ|INE715T01031,DHATRE,INE715T01031,DHATRE UDYOG LTD.,NSE,NSE_EQ
NSE_EQ|INE538A01037,GFLLIMITED,INE538A01037,GFL LIMITED,NSE,NSE_EQ
NSE_EQ|INE00IK01029,OSWALSEEDS,INE00IK01029,SHREEOSWAL S AND CHE LTD,NSE,NSE_EQ
NSE_EQ|INE00IY01012,DEEP,INE00IY01012,DEEP POLYMERS LTD.,NSE,NSE_EQ
NSE_EQ|INE289C01025,TEAMGTY,INE289C01025,TEAM INDIA GUARANTY LTD,NSE,NSE_EQ
NSE_EQ|INE373A01013,BASF,INE373A01013,BASF INDIA LTD,NSE,NSE_EQ
NSE_EQ|INE366C01021,ACSTECH,INE366C01021,A C S TECHNOLOGIES LTD.,NSE,NSE_EQ
NSE_EQ|INE077F01035,GOCLCORP,INE077F01035,GOCL CORPORATION LIMITED,NSE,NSE_EQ
NSE_EQ|INE715Y01031,SHRADHA,INE715Y01031,SHRADHA REALTY LIMITED,NSE,NSE_EQ
NSE_EQ|INE246B01019,RAMCOSYS,INE246B01019,RAMCO SYSTEMS LTD.,NSE,NSE_EQ
NSE_EQ|INE674K01013,ABCAPITAL,INE674K01013,ADITYA BIRLA CAPITAL LTD.,NSE,NSE_EQ
NSE_EQ|INE745B01028,KHAICHEM,INE745B01028,KHAITAN CHEM & FERT LTD,NSE,NSE_EQ
NSE_EQ|INE094A01015,HINDPETRO,INE094A01015,HINDUSTAN PETROLEUM CORP,NSE,NSE_EQ
NSE_EQ|INE310C01029,HINDCOMPOS,INE310C01029,HINDUSTAN COMPOSITES LTD.,NSE,NSE_EQ
NSE_EQ|INE047O01014,NIBL,INE047O01014,NRB INDUS. BEARINGS LTD.,NSE,NSE_EQ
NSE_EQ|INE410P01011,NH,INE410P01011,NARAYANA HRUDAYALAYA LTD.,NSE,NSE_EQ
NSE_EQ|INE157H01023,KMSUGAR,INE157H01023,K M SUGAR MILLS LTD,NSE,NSE_EQ
NSE_EQ|INE410B01037,VINATIORGA,INE410B01037,VINATI ORGANICS LTD,NSE,NSE_EQ
NSE_EQ|INE232I01014,SPARC,INE232I01014,SUN PHARMA ADV.RES.CO.LTD,NSE,NSE_EQ
NSE_EQ|INE205F01016,STLSTRINF,INE205F01016,STEEL STRIPS INFRA L,NSE,NSE_EQ
NSE_EQ|INE362D01010,VIJSOLX,INE362D01010,VIJAY SOLVEX LTD.,NSE,NSE_EQ
NSE_EQ|INE203A01020,ASTRAZEN,INE203A01020,ASTRAZENECA PHARMA IND LT,NSE,NSE_EQ
NSE_EQ|INE781B01015,NOIDATOLL,INE781B01015,NOIDA TOLL BRIDGE CO LTD,NSE,NSE_EQ
NSE_EQ|INE752H01013,CARERATING,INE752H01013,CARE RATINGS LIMITED,NSE,NSE_EQ
NSE_EQ|INE1AG301022,GKENERGY,INE1AG301022,GK ENERGY LIMITED,NSE,NSE_EQ
NSE_EQ|INE725E01024,ORISSAMINE,INE725E01024,ORISSA MIN DEV CO LTD,NSE,NSE_EQ
NSE_EQ|INE417C01014,PILANIINVS,INE417C01014,PILANI INV & IND COR LTD,NSE,NSE_EQ
NSE_EQ|INE150G01020,LUXIND,INE150G01020,LUX INDUSTRIES LIMITED,NSE,NSE_EQ
NSE_EQ|INE335A01020,SURYAROSNI,INE335A01020,SURYA ROSHNI LTD,NSE,NSE_EQ
NSE_EQ|INE528G01035,YESBANK,INE528G01035,YES BANK LIMITED,NSE,NSE_EQ
NSE_EQ|INE248A01017,ITI,INE248A01017,ITI LTD,NSE,NSE_EQ
NSE_EQ|INE17QZ01016,KNACK,INE17QZ01016,KNACK PACKAGING LIMITED,NSE,NSE_EQ
NSE_EQ|INE07RO01027,SUPRIYA,INE07RO01027,SUPRIYA LIFESCIENCE LTD,NSE,NSE_EQ
NSE_EQ|INE531F01023,NUVAMA,INE531F01023,NUVAMA WEALTH MANAGE LTD,NSE,NSE_EQ
NSE_EQ|INE681C01015,KEYFINSERV,INE681C01015,KEYNOTE FIN SERV LTD.,NSE,NSE_EQ
NSE_EQ|INE346A01027,ICICIAMC,INE346A01027,ICICI PRUDENTIAL AMC LTD,NSE,NSE_EQ
NSE_EQ|INE342G01023,NIITMTS,INE342G01023,NIIT LEARNING SYSTEMS LTD,NSE,NSE_EQ
NSE_EQ|INE029L01018,KICL,INE029L01018,KALYANI INVEST CO LTD,NSE,NSE_EQ
NSE_EQ|INE0Q3R01026,SUNCLAY,INE0Q3R01026,SUNDARAM CLAYTON LIMITED,NSE,NSE_EQ
NSE_EQ|INE705C01020,SHIVATEX,INE705C01020,SHIVA TEXYARN LIMITED,NSE,NSE_EQ
NSE_EQ|INE529I01021,KUANTUM,INE529I01021,KUANTUM PAPERS LIMITED,NSE,NSE_EQ
NSE_EQ|INE0CHO01012,ADL,INE0CHO01012,ARCHIDPLY DECOR LIMITED,NSE,NSE_EQ
NSE_EQ|INE413D01011,ARIHANT,INE413D01011,ARIHANT FOUN & HOU LTD,NSE,NSE_EQ
NSE_EQ|INE858B01029,ISGEC,INE858B01029,ISGEC HEAVY ENG LTD,NSE,NSE_EQ
NSE_EQ|INE692C01020,TANAA,INE692C01020,TANEJA AEROSPACE & AVIA L,NSE,NSE_EQ
NSE_EQ|INE803H01014,RUCHIRA,INE803H01014,RUCHIRA PAPERS LIMITED,NSE,NSE_EQ
NSE_EQ|INE093I01010,OBEROIRLTY,INE093I01010,OBEROI REALTY LIMITED,NSE,NSE_EQ
NSE_EQ|INE018401013,SUVIDHAA,INE018401013,SUVIDHAA INFOSERVE LTD,NSE,NSE_EQ
NSE_EQ|INE616N01034,INOXINDIA,INE616N01034,INOX INDIA LIMITED,NSE,NSE_EQ
NSE_EQ|INE598C01011,HISARMETAL,INE598C01011,HISAR METAL IND. LIMITED,NSE,NSE_EQ
NSE_EQ|INE050H01012,RML,INE050H01012,RANE (MADRAS) LIMITED,NSE,NSE_EQ
NSE_EQ|INE726G01019,ICICIPRULI,INE726G01019,ICICI PRU LIFE INS CO LTD,NSE,NSE_EQ
NSE_EQ|INE055S01018,CYIENTDLM,INE055S01018,CYIENT DLM LIMITED,NSE,NSE_EQ
NSE_EQ|INE901L01018,APLLTD,INE901L01018,ALEMBIC PHARMA LTD,NSE,NSE_EQ
NSE_EQ|INE170I01016,HGS,INE170I01016,HINDUJA GLOBAL SOLS. LTD.,NSE,NSE_EQ
NSE_EQ|INE545L01039,MANCREDIT,INE545L01039,MANGAL CREDIT N FINCORP L,NSE,NSE_EQ
NSE_EQ|INE271B01025,MAHSEAMLES,INE271B01025,MAHARASHTRA SEAMLESS LTD,NSE,NSE_EQ
NSE_EQ|INE555P01013,KIRANVYPAR,INE555P01013,KIRAN VYAPAR LTD.,NSE,NSE_EQ
NSE_EQ|INE760L01018,TBZ,INE760L01018,TRIB BHIMJI ZAVERI LTD,NSE,NSE_EQ
NSE_EQ|INE945F01025,DECNGOLD,INE945F01025,DECCAN GOLD MINES LTD.,NSE,NSE_EQ
NSE_EQ|INE092B01025,INDNIPPON,INE092B01025,INDIA NIPPON ELECT  LTD,NSE,NSE_EQ
NSE_EQ|INE126J01016,APOLLOPIPE,INE126J01016,APOLLO PIPES LIMITED,NSE,NSE_EQ
NSE_EQ|INE0BTM01013,SECMARK,INE0BTM01013,SECMARK CONSULTANCY LTD,NSE,NSE_EQ
NSE_EQ|INE270I01022,VISHNU,INE270I01022,VISHNU CHEMICALS LIMITED,NSE,NSE_EQ
NSE_EQ|INE935B01025,MOSCHIP,INE935B01025,MOSCHIP TECHNOLOGIES LTD,NSE,NSE_EQ
NSE_EQ|INE073K01018,SONACOMS,INE073K01018,SONA BLW PRECISION FRGS L,NSE,NSE_EQ
NSE_EQ|INE058A01010,SANOFI,INE058A01010,SANOFI INDIA LIMITED,NSE,NSE_EQ
NSE_EQ|INE276C01014,EIHAHOTELS,INE276C01014,EIH ASSOCIATED HOTELS LTD,NSE,NSE_EQ
NSE_EQ|INE244B01030,PATELENG,INE244B01030,PATEL ENGINEERING LTD.,NSE,NSE_EQ
NSE_EQ|INE006I01046,ASTRAL,INE006I01046,ASTRAL LIMITED,NSE,NSE_EQ
NSE_EQ|INE0FFK01017,NPST,INE0FFK01017,NETWORK PEOPLE SRV TECH L,NSE,NSE_EQ
NSE_EQ|INE0V3U01015,GLOBECIVIL,INE0V3U01015,GLOBE CIVIL PROJECTS LTD,NSE,NSE_EQ
NSE_EQ|INE0URU01010,GLOBALE,INE0URU01010,GLOBALE TESSILE LIMITED,NSE,NSE_EQ
NSE_EQ|INE108V01019,AWFIS,INE108V01019,AWFIS SPACE SOLUTIONS LTD,NSE,NSE_EQ
NSE_EQ|INE794B01026,BALAJITELE,INE794B01026,BALAJI TELEFILMS LIMITED.,NSE,NSE_EQ
NSE_EQ|INE579B01039,ELPROINTL,INE579B01039,ELPRO INTERNATIONAL LTD,NSE,NSE_EQ
NSE_EQ|INE03NU01014,BRIGHOTEL,INE03NU01014,BRIGADE HOTEL VENTURE LTD,NSE,NSE_EQ
NSE_EQ|INE142M01025,TATATECH,INE142M01025,TATA TECHNOLOGIES LIMITED,NSE,NSE_EQ
NSE_EQ|INE036D01028,KARURVYSYA,INE036D01028,KARUR VYSYA BANK LTD,NSE,NSE_EQ
NSE_EQ|INE498Q01014,VINCOFE,INE498Q01014,VINTAGE COFFEE N BVRGS L,NSE,NSE_EQ
NSE_EQ|INE583V01021,RADHIKAJWE,INE583V01021,RADHIKA JEWELTECH LIMITED,NSE,NSE_EQ
NSE_EQ|INE862Y01015,BANKA,INE862Y01015,BANKA BIOLOO LIMITED,NSE,NSE_EQ
NSE_EQ|INE885A01032,ARE&M,INE885A01032,AMARA RAJA ENERGY MOB LTD,NSE,NSE_EQ
NSE_EQ|INE926K01017,AHLEAST,INE926K01017,ASIAN HOTELS (EAST) LTD,NSE,NSE_EQ
NSE_EQ|INE233B01017,BLUEDART,INE233B01017,BLUE DART EXPRESS LTD,NSE,NSE_EQ
NSE_EQ|INE05ST01028,SBGLP,INE05ST01028,SURATWWALA BUS GROUP LTD,NSE,NSE_EQ
NSE_EQ|INE449G01018,AGRITECH,INE449G01018,AGRI-TECH (INDIA) LIMITED,NSE,NSE_EQ
NSE_EQ|INE169A01031,COROMANDEL,INE169A01031,COROMANDEL INTERNTL. LTD,NSE,NSE_EQ
NSE_EQ|INE384A01010,RANEHOLDIN,INE384A01010,RANE HOLDINGS LIMITED,NSE,NSE_EQ
NSE_EQ|INE235A01022,FINCABLES,INE235A01022,FINOLEX CABLES LTD,NSE,NSE_EQ
NSE_EQ|INE296E01026,RAJPALAYAM,INE296E01026,RAJAPALAYAM MILLS LTD.,NSE,NSE_EQ
NSE_EQ|INE668F01031,JYOTHYLAB,INE668F01031,JYOTHY LABS LIMITED,NSE,NSE_EQ
NSE_EQ|INE442P01014,SUYOG,INE442P01014,SUYOG TELEMATICS LIMITED,NSE,NSE_EQ
NSE_EQ|INE124Y01028,PASHUPATI,INE124Y01028,PASHUPATI COTSPIN LIMITED,NSE,NSE_EQ
NSE_EQ|INE303A01010,DICIND,INE303A01010,DIC INDIA LIMITED,NSE,NSE_EQ
NSE_EQ|INE849A01020,TRENT,INE849A01020,TRENT LTD,NSE,NSE_EQ
NSE_EQ|INE669C01036,TECHM,INE669C01036,TECH MAHINDRA LIMITED,NSE,NSE_EQ
NSE_EQ|INE322A01010,GILLETTE,INE322A01010,GILLETTE INDIA LTD,NSE,NSE_EQ
NSE_EQ|INE638A01035,SINGERIND,INE638A01035,SINGER INDIA LIMITED,NSE,NSE_EQ
NSE_EQ|INE216A01030,BRITANNIA,INE216A01030,BRITANNIA INDUSTRIES LTD,NSE,NSE_EQ
NSE_EQ|INE01KI01027,VINNY,INE01KI01027,VINNY OVERSEAS LIMITED,NSE,NSE_EQ
NSE_EQ|INE0BWX01014,AETHER,INE0BWX01014,AETHER INDUSTRIES LIMITED,NSE,NSE_EQ
NSE_EQ|INE925R01014,CMSINFO,INE925R01014,CMS INFO SYSTEMS LIMITED,NSE,NSE_EQ
NSE_EQ|INE421C01016,TVSSRICHAK,INE421C01016,TVS SRICHAKRA LIMITED,NSE,NSE_EQ
NSE_EQ|INE002S01010,MGL,INE002S01010,MAHANAGAR GAS LTD.,NSE,NSE_EQ
NSE_EQ|INE215D01010,MAHEPC,INE215D01010,MAHINDRA EPC IRRIG LTD,NSE,NSE_EQ
NSE_EQ|INE426D01013,GOACARBON,INE426D01013,GOA CARBON LIMITED,NSE,NSE_EQ
NSE_EQ|INE111A01025,CONCOR,INE111A01025,CONTAINER CORP OF IND LTD,NSE,NSE_EQ
NSE_EQ|INE632C01026,VIDHIING,INE632C01026,VIDHI SPCLTY F INGRDNTS L,NSE,NSE_EQ
NSE_EQ|INE265F01028,ENIL,INE265F01028,ENTERTAIN NET. IND. LTD.,NSE,NSE_EQ
NSE_EQ|INE457F01013,SALZERELEC,INE457F01013,SALZER ELECTRONICS LTD,NSE,NSE_EQ
NSE_EQ|INE383H01017,MALUPAPER,INE383H01017,MALU PAPER MILLS LIMITED,NSE,NSE_EQ
NSE_EQ|INE594H01019,THYROCARE,INE594H01019,THYROCARE TECH LTD,NSE,NSE_EQ
NSE_EQ|INE841L01016,DEEDEV,INE841L01016,DEE DEVELOPMENT ENG LTD,NSE,NSE_EQ
NSE_EQ|INE950M01013,MONTECARLO,INE950M01013,MONTE CARLO FASHIONS LTD.,NSE,NSE_EQ
NSE_EQ|INE0S2V01010,VRAJ,INE0S2V01010,VRAJ IRON AND STEEL LTD,NSE,NSE_EQ
NSE_EQ|INE501X01029,AYE,INE501X01029,AYE FINANCE LIMITED,NSE,NSE_EQ
NSE_EQ|INE01II01013,SILGO,INE01II01013,SILGO RETAIL LIMITED,NSE,NSE_EQ
NSE_EQ|INE531A01024,KANSAINER,INE531A01024,KANSAI NEROLAC PAINTS LTD,NSE,NSE_EQ
NSE_EQ|INE062A01020,SBIN,INE062A01020,STATE BANK OF INDIA,NSE,NSE_EQ
NSE_EQ|INE1B0W01010,ADVANCE,INE1B0W01010,ADVANCE AGROLIFE LIMITED,NSE,NSE_EQ
NSE_EQ|INE245I01016,NAGREEKCAP,INE245I01016,NAGREEKA CAP & INFR.LTD,NSE,NSE_EQ
NSE_EQ|INE967C01018,KAMATHOTEL,INE967C01018,KAMAT HOTELS (I) LTD,NSE,NSE_EQ
NSE_EQ|INE201K01015,EXPLEOSOL,INE201K01015,EXPLEO SOLUTIONS LIMITED,NSE,NSE_EQ
NSE_EQ|INE159L01013,SVGLOBAL,INE159L01013,S V GLOBAL MILL LTD.,NSE,NSE_EQ
NSE_EQ|INE747K01017,TARAPUR,INE747K01017,TARAPUR TRANSFORMERS LTD,NSE,NSE_EQ
NSE_EQ|INE180C01042,CGCL,INE180C01042,CAPRI GLOBAL CAPITAL LTD,NSE,NSE_EQ
NSE_EQ|INE922B01023,PANACEABIO,INE922B01023,PANACEA BIOTEC LTD,NSE,NSE_EQ
NSE_EQ|INE813A01018,MAHLIFE,INE813A01018,MAHINDRA LIFESPACE DEVLTD,NSE,NSE_EQ
NSE_EQ|INE290A01027,NAHARSPING,INE290A01027,NAHAR SPINNING MILLS LTD.,NSE,NSE_EQ
NSE_EQ|INE446A01025,ATLASCYCLE,INE446A01025,ATLAS CYCLE (HARYANA) LTD,NSE,NSE_EQ
NSE_EQ|INE445D01013,NILE,INE445D01013,NILE LTD.,NSE,NSE_EQ
NSE_EQ|INE291D01011,KDDL,INE291D01011,KDDL LIMITED,NSE,NSE_EQ
NSE_EQ|INE172N01012,IMAGICAA,INE172N01012,IMAGICAAWORLD ENT LTD,NSE,NSE_EQ
NSE_EQ|INE128S01021,FIVESTAR,INE128S01021,FIVE-STAR BUS FIN LTD,NSE,NSE_EQ
NSE_EQ|INE187D01029,TALBROAUTO,INE187D01029,TALBROS AUTO. COMP. LTD,NSE,NSE_EQ
NSE_EQ|INE555B01013,AXISCADES,INE555B01013,AXISCADES TECH LTD,NSE,NSE_EQ
NSE_EQ|INE985S01024,TEAMLEASE,INE985S01024,TEAMLEASE SERVICES LTD.,NSE,NSE_EQ
NSE_EQ|INE428Q01011,SURYODAY,INE428Q01011,SURYODAY SMALL FIN BK LTD,NSE,NSE_EQ
NSE_EQ|INE747B01016,NEXTMEDIA,INE747B01016,NEXT MEDIAWORKS LIMITED,NSE,NSE_EQ
NSE_EQ|INE121R01077,AMAGI,INE121R01077,AMAGI MEDIA LABS LIMITED,NSE,NSE_EQ
NSE_EQ|INE927C01020,DIGISPICE,INE927C01020,DIGISPICE TECHNOLOGIES LT,NSE,NSE_EQ
NSE_EQ|INE672A01026,TATAINVEST,INE672A01026,TATA INVESTMENT CORP LTD,NSE,NSE_EQ
NSE_EQ|INE0OV601013,EMSLIMITED,INE0OV601013,EMS LIMITED,NSE,NSE_EQ
NSE_EQ|INE216P01012,AAVAS,INE216P01012,AAVAS FINANCIERS LIMITED,NSE,NSE_EQ
NSE_EQ|INE084Q01012,RACE,INE084Q01012,RACE ECO CHAIN LIMITED,NSE,NSE_EQ
NSE_EQ|INE07T201019,RBA,INE07T201019,RESTAURANT BRAND ASIA LTD,NSE,NSE_EQ
NSE_EQ|INE789E01012,JKPAPER,INE789E01012,JK PAPER LIMITED,NSE,NSE_EQ
NSE_EQ|INE622H01018,INDOFARM,INE622H01018,INDO FARM EQUIPMENT LTD,NSE,NSE_EQ
NSE_EQ|INE220B01022,KPIL,INE220B01022,KALPATARU PROJECT INT LTD,NSE,NSE_EQ
NSE_EQ|INE081A01020,TATASTEEL,INE081A01020,TATA STEEL LIMITED,NSE,NSE_EQ
NSE_EQ|INE460D01038,SUPTANERY,INE460D01038,SUPER TANNERY LTD.,NSE,NSE_EQ
NSE_EQ|INE751B01018,PIXTRANS,INE751B01018,PIX TRANSMISSIONS LIMITED,NSE,NSE_EQ
NSE_EQ|INE032E01017,ARYAMAN,INE032E01017,ARYAMAN FINANCIAL SERV L,NSE,NSE_EQ
NSE_EQ|INE107F01022,WANBURY,INE107F01022,WANBURY LIMITED,NSE,NSE_EQ
NSE_EQ|INE007A01025,CRISIL,INE007A01025,CRISIL LTD,NSE,NSE_EQ
NSE_EQ|INE0MHO01029,REGAAL,INE0MHO01029,REGAAL RESOURCES LIMITED,NSE,NSE_EQ
NSE_EQ|INE765D01022,WPIL,INE765D01022,W P I L LTD.,NSE,NSE_EQ
NSE_EQ|INE199G01027,JAGRAN,INE199G01027,JAGRAN PRAKASHAN LIMITED,NSE,NSE_EQ
NSE_EQ|INE1CDF01017,VAML,INE1CDF01017,VEDANTA ALUMINIUM METAL L,NSE,NSE_EQ
NSE_EQ|INE809A01032,RAMAPHO,INE809A01032,RAMA PHOSPHATES LIMITED,NSE,NSE_EQ
NSE_EQ|INE625X01026,SILVERTUC,INE625X01026,SILVER TOUCH TECHNO LTD,NSE,NSE_EQ
NSE_EQ|INE756C01015,NDGL,INE756C01015,NAGA DHUNSERI GROUP LTD,NSE,NSE_EQ
NSE_EQ|INE210C01013,AROGRANITE,INE210C01013,ARO GRANITE IND. LTD.,NSE,NSE_EQ
NSE_EQ|INE0JSX01015,GSLSU,INE0JSX01015,GLOBAL SURFACES LIMITED,NSE,NSE_EQ
NSE_EQ|INE0D6I01023,KSOLVES,INE0D6I01023,KSOLVES INDIA LIMITED,NSE,NSE_EQ
NSE_EQ|INE0ECP01024,HMAAGRO,INE0ECP01024,HMA AGRO INDUSTRIES LTD,NSE,NSE_EQ
NSE_EQ|INE602G01020,KITEX,INE602G01020,KITEX GARMENTS LTD,NSE,NSE_EQ
NSE_EQ|INE796G01012,JINDALPHOT,INE796G01012,JINDAL PHOTO LIMITED,NSE,NSE_EQ
NSE_EQ|INE883A01011,MRF,INE883A01011,MRF LTD,NSE,NSE_EQ
NSE_EQ|INE049I01012,NAHARCAP,INE049I01012,NAHAR CAP & FIN.,NSE,NSE_EQ
NSE_EQ|INE090B01011,OMAXAUTO,INE090B01011,OMAX AUTOS LTD,NSE,NSE_EQ
NSE_EQ|INE824G01012,JSWHL,INE824G01012,JSW HOLDINGS LIMITED,NSE,NSE_EQ
NSE_EQ|INE075A01022,WIPRO,INE075A01022,WIPRO LTD,NSE,NSE_EQ
NSE_EQ|INE08NE01025,SANSTAR,INE08NE01025,SANSTAR LIMITED,NSE,NSE_EQ
NSE_EQ|INE887E01022,NGLFINE,INE887E01022,NGL FINE CHEM LIMITED,NSE,NSE_EQ
NSE_EQ|INE850M01015,NORTHARC,INE850M01015,NORTHERN ARC CAPITAL LTD,NSE,NSE_EQ
NSE_EQ|INE227B01019,HINDALUMI,INE227B01019,HIND ALUMINIUM INDS. LTD.,NSE,NSE_EQ
NSE_EQ|INE107A01015,TNPL,INE107A01015,TAMILNADU NEWSPRT & PAPER,NSE,NSE_EQ
NSE_EQ|INE0SII01026,QPOWER,INE0SII01026,QUALITY POWER ELEC EQUP L,NSE,NSE_EQ
NSE_EQ|INE612J01015,REPCOHOME,INE612J01015,REPCO HOME FINANCE LTD,NSE,NSE_EQ
NSE_EQ|INE498L01015,LTF,INE498L01015,L&T FINANCE LIMITED,NSE,NSE_EQ
NSE_EQ|INE0D0K01022,SIGACHI,INE0D0K01022,SIGACHI INDUSTRIES LTD,NSE,NSE_EQ
NSE_EQ|INE995D01025,CHEMBOND,INE995D01025,CHEMBOND MATERIALTECH LTD,NSE,NSE_EQ
NSE_EQ|INE0INX01018,AEGISVOPAK,INE0INX01018,AEGIS VOPAK TERMINALS LTD,NSE,NSE_EQ
NSE_EQ|INE013801027,KSHITIJPOL,INE013801027,KSHITIJ POLYLINE LIMITED,NSE,NSE_EQ
NSE_EQ|INE316A01038,ECORECO,INE316A01038,ECO RECYCLING LTD.,NSE,NSE_EQ
NSE_EQ|INE418N01035,ESSENTIA,INE418N01035,INTEGRA ESSENTIA LIMITED,NSE,NSE_EQ
NSE_EQ|INE735M01018,SAMPANN,INE735M01018,SAMPANN UTPADAN INDIA LTD,NSE,NSE_EQ
NSE_EQ|INE0TY101024,SOLARWORLD,INE0TY101024,SOLARWORLD ENERGY SOL LTD,NSE,NSE_EQ
NSE_EQ|INE0CLI01024,RATEGAIN,INE0CLI01024,RATEGAIN TRAVEL TECHN LTD,NSE,NSE_EQ
NSE_EQ|INE0XAD01024,MIDWESTLTD,INE0XAD01024,MIDWEST LIMITED,NSE,NSE_EQ
NSE_EQ|INE495P01020,BECTORFOOD,INE495P01020,MRS BECTORS FOOD SPE LTD,NSE,NSE_EQ
NSE_EQ|INE843L01012,SIEL,INE843L01012,SUPERIOR INDUSTRIAL ENT L,NSE,NSE_EQ
NSE_EQ|INE064A01026,TIMEX,INE064A01026,TIMEX GROUP INDIA LTD.,NSE,NSE_EQ
NSE_EQ|INE229A01017,ONWARDTEC,INE229A01017,ONWARD TECHNOLOGIES LTD,NSE,NSE_EQ
NSE_EQ|INE377N01017,WAAREEENER,INE377N01017,WAAREE ENERGIES LIMITED,NSE,NSE_EQ
NSE_EQ|INE822G01016,ELECTHERM,INE822G01016,ELECTROTHERM (I) LTD.,NSE,NSE_EQ
NSE_EQ|INE250Z01010,INDOUS,INE250Z01010,INDO US BIOTECH LTD,NSE,NSE_EQ
NSE_EQ|INE00U401027,UNIECOM,INE00U401027,UNICOMMERCE ESOLUTIONS L,NSE,NSE_EQ
NSE_EQ|INE640B01021,HBESD,INE640B01021,H B ESTATE DEVELOPERS L,NSE,NSE_EQ
NSE_EQ|INE572G01025,LANCORHOL,INE572G01025,LANCOR HOLDINGS LIMITED,NSE,NSE_EQ
NSE_EQ|INE484J01027,GODREJPROP,INE484J01027,GODREJ PROPERTIES LTD,NSE,NSE_EQ
NSE_EQ|INE784W01015,MANOMAY,INE784W01015,MANOMAY TEX INDIA LTD,NSE,NSE_EQ
NSE_EQ|INE979A01025,SAREGAMA,INE979A01025,SAREGAMA INDIA LIMITED,NSE,NSE_EQ
NSE_EQ|INE365Y01019,BPLPHARMA,INE365Y01019,BHARAT PARENTERALS LTD.,NSE,NSE_EQ
NSE_EQ|INE792H01019,GLOBALVECT,INE792H01019,GLOBAL VEC HELICORP LTD,NSE,NSE_EQ
NSE_EQ|INE536P01021,CPL,INE536P01021,CAPTAIN POLYPLAST LIMITED,NSE,NSE_EQ
NSE_EQ|INE188A01015,FACT,INE188A01015,FACT LTD,NSE,NSE_EQ
NSE_EQ|INE024F01011,SHILCTECH,INE024F01011,SHILCHAR TECHNOLOGIES LTD,NSE,NSE_EQ
NSE_EQ|INE718H01014,AUTOIND,INE718H01014,AUTOLINE INDUSTRIES LTD,NSE,NSE_EQ
NSE_EQ|INE544A01019,HARRMALAYA,INE544A01019,HARRISON MALAYALAM LTD,NSE,NSE_EQ
NSE_EQ|INE782D01027,ALFREDHE,INE782D01027,ALFRED HERBERT INDIA L,NSE,NSE_EQ
NSE_EQ|INE550F01049,HAZOOR,INE550F01049,HAZOOR MULTI PROJECTS LTD,NSE,NSE_EQ
NSE_EQ|INE885F01015,MASKINVEST,INE885F01015,MASK INVESTMENTS LIMITED,NSE,NSE_EQ
NSE_EQ|INE00Z501029,KRITIKA,INE00Z501029,KRITIKA WIRES LIMITED,NSE,NSE_EQ
NSE_EQ|INE875B01015,NIMBSPROJ,INE875B01015,NIMBUS PROJECTS LIMITED,NSE,NSE_EQ
NSE_EQ|INE788H01017,HILTON,INE788H01017,HILTON METAL FORGING LTD,NSE,NSE_EQ
NSE_EQ|INE00IT01020,MILKYMIST,INE00IT01020,MILKY MIST DAIRY FOOD L,NSE,NSE_EQ
NSE_EQ|INE0MGM01017,ANNAPURNA,INE0MGM01017,ANNAPURNA SWADISHT LTD,NSE,NSE_EQ
NSE_EQ|INE372M01010,ARCL,INE372M01010,ARCL ORGANICS LTD.,NSE,NSE_EQ
NSE_EQ|INE205A01025,VEDL,INE205A01025,VEDANTA LIMITED,NSE,NSE_EQ
NSE_EQ|INE323C01030,INDIANHUME,INE323C01030,INDIAN HUME PIPE CO. LTD.,NSE,NSE_EQ
NSE_EQ|INE0QTF01015,VSTL,INE0QTF01015,VIBHOR STEEL TUBES LTD,NSE,NSE_EQ
NSE_EQ|INE309M01020,PREMIERPOL,INE309M01020,PREMIER POLYFILM LTD,NSE,NSE_EQ
NSE_EQ|INE907A01026,KSL,INE907A01026,KALYANI STEELS LIMITED,NSE,NSE_EQ
NSE_EQ|INE655A01013,STCINDIA,INE655A01013,THE STATE TRADING CORPN,NSE,NSE_EQ
NSE_EQ|INE105A01035,TVSHLTD,INE105A01035,TVS HOLDINGS LIMITED,NSE,NSE_EQ
NSE_EQ|INE288A01013,MAHSCOOTER,INE288A01013,MAHARASHTRA SCOOTERS LTD,NSE,NSE_EQ
NSE_EQ|INE347W01011,MAGADSUGAR,INE347W01011,MAGADH SUGAR & ENERGY LTD,NSE,NSE_EQ
NSE_EQ|INE010601016,ENTERO,INE010601016,ENTERO HEALTHCARE SOLU L,NSE,NSE_EQ
NSE_EQ|INE027H01010,MAXHEALTH,INE027H01010,MAX HEALTHCARE INS LTD,NSE,NSE_EQ
NSE_EQ|INE987S01020,KSHINTL,INE987S01020,KSH INTERNATIONAL LIMITED,NSE,NSE_EQ
NSE_EQ|INE947J01015,DEN,INE947J01015,DEN NETWORKS LTD,NSE,NSE_EQ
NSE_EQ|INE045J01034,FCL,INE045J01034,FINEOTEX CHEMICAL LIMITED,NSE,NSE_EQ
NSE_EQ|INE330E01023,TRANSCOR,INE330E01023,TRANSCORP INTERNATIONAL L,NSE,NSE_EQ
NSE_EQ|INE01EE01011,BBTCL,INE01EE01011,B&B TRIPLEWALL CONT LTD,NSE,NSE_EQ
NSE_EQ|INE626Z01029,HARDWYN,INE626Z01029,HARDWYN INDIA LIMITED,NSE,NSE_EQ
NSE_EQ|INE893J01029,MOLDTKPAC,INE893J01029,MOLD-TEK PACKAGING LTD,NSE,NSE_EQ
NSE_EQ|INE367G01038,PFOCUS,INE367G01038,PRIME FOCUS LIMITED,NSE,NSE_EQ
NSE_EQ|INE298J01013,NAM-INDIA,INE298J01013,NIPPON L I A M LTD,NSE,NSE_EQ
NSE_EQ|INE306C01019,ENERGYDEV,INE306C01019,ENERGY DEVE. CO.LTD,NSE,NSE_EQ
NSE_EQ|INE542Z01028,KAPSTON,INE542Z01028,KAPSTON SERVICES LIMITED,NSE,NSE_EQ
NSE_EQ|INE269B01029,LMW,INE269B01029,LMW LIMITED,NSE,NSE_EQ
NSE_EQ|INE0HMF01019,TRACXN,INE0HMF01019,TRACXN TECHNOLOGIES LTD,NSE,NSE_EQ
NSE_EQ|INE101D01020,GRANULES,INE101D01020,GRANULES INDIA LIMITED,NSE,NSE_EQ
NSE_EQ|INE350Z01018,GLOSTERLTD,INE350Z01018,GLOSTER LIMITED,NSE,NSE_EQ
NSE_EQ|INE130L01014,ENKEIWHEL,INE130L01014,ENKEI WHEELS (INDIA) LTD.,NSE,NSE_EQ
NSE_EQ|INE212H01026,AIAENG,INE212H01026,AIA ENGINEERING LIMITED,NSE,NSE_EQ
NSE_EQ|INE264T01014,CAPACITE,INE264T01014,CAPACITE INFRAPROJECT LTD,NSE,NSE_EQ
NSE_EQ|INE039B01026,CINEVISTA,INE039B01026,CINEVISTA LIMITED,NSE,NSE_EQ
NSE_EQ|INE164B01030,KELLTONTEC,INE164B01030,KELLTON TECH SOL LTD,NSE,NSE_EQ
NSE_EQ|INE08KJ01020,MUFIN,INE08KJ01020,MUFIN GREEN FINANCE LTD,NSE,NSE_EQ
NSE_EQ|INE369A01029,EXCELINDUS,INE369A01029,EXCEL INDUSTRIES LTD,NSE,NSE_EQ
NSE_EQ|INE492A01029,SUDARCOLOR,INE492A01029,SUDARSHAN COLORNT IND LTD,NSE,NSE_EQ
NSE_EQ|INE442H01029,ASHOKA,INE442H01029,ASHOKA BUILDCON LTD,NSE,NSE_EQ
NSE_EQ|INE664D01019,BENARAS,INE664D01019,BENARES HOTELS LTD.,NSE,NSE_EQ
NSE_EQ|INE967H01025,KIMS,INE967H01025,KRISHNA INST OF MED SCI L,NSE,NSE_EQ
NSE_EQ|INE915B01019,INDSWFTLAB,INE915B01019,IND SWIFT LABORATORIES LT,NSE,NSE_EQ
NSE_EQ|INE733A01018,STARPAPER,INE733A01018,STAR PAPER MILLS LTD,NSE,NSE_EQ
NSE_EQ|INE162B01018,LUMAXIND,INE162B01018,LUMAX INDUSTRIES LTD,NSE,NSE_EQ
NSE_EQ|INE953O01021,SANSERA,INE953O01021,SANSERA ENGINEERING LTD,NSE,NSE_EQ
NSE_EQ|INE121A01024,CHOLAFIN,INE121A01024,CHOLAMANDALAM IN & FIN CO,NSE,NSE_EQ
NSE_EQ|INE136S01016,NEOGEN,INE136S01016,NEOGEN CHEMICALS LIMITED,NSE,NSE_EQ
NSE_EQ|INE034A01011,ARVIND,INE034A01011,ARVIND LIMITED,NSE,NSE_EQ
NSE_EQ|INE506Z01015,DHRUV,INE506Z01015,DHRUV CONSULTANCY SER LTD,NSE,NSE_EQ
NSE_EQ|INE392B01011,PNC,INE392B01011,PRITISH NANDY COMMUNICATI,NSE,NSE_EQ
NSE_EQ|INE650K01021,SECURKLOUD,INE650K01021,SECUREKLOUD TECH LIMITED,NSE,NSE_EQ
NSE_EQ|INE0I3401014,DBOL,INE0I3401014,DHAMPUR BIO ORGANICS LTD,NSE,NSE_EQ
NSE_EQ|INE577D01013,JYOTIRES,INE577D01013,JYOTI RESINS & ADHESIVE L,NSE,NSE_EQ
NSE_EQ|INE679V01027,AVL,INE679V01027,ADITYA VISION LIMITED,NSE,NSE_EQ
NSE_EQ|INE503A01015,DCBBANK,INE503A01015,DCB BANK LIMITED,NSE,NSE_EQ
NSE_EQ|INE644Y01017,SHIVAMILLS,INE644Y01017,SHIVA MILLS LIMITED,NSE,NSE_EQ
NSE_EQ|INE010J01012,TEJASNET,INE010J01012,TEJAS NETWORKS LIMITED,NSE,NSE_EQ
NSE_EQ|INE631A01022,SHANTIGEAR,INE631A01022,SHANTHI GEARS LTD,NSE,NSE_EQ
NSE_EQ|INE18JU01028,EBGNG,INE18JU01028,GNG ELECTRONICS LIMITED,NSE,NSE_EQ
NSE_EQ|INE320L01011,DHUNINV,INE320L01011,DHUNSERI INVESTMENTS LTD,NSE,NSE_EQ
NSE_EQ|INE416A01051,AQYLON,INE416A01051,AQYLON NEXUS LIMITED,NSE,NSE_EQ
NSE_EQ|INE608A01012,PSB,INE608A01012,PUNJAB & SIND BANK,NSE,NSE_EQ
NSE_EQ|INE549H01021,ARSSBL,INE549H01021,ANAND RATHI SH N STK BR L,NSE,NSE_EQ
NSE_EQ|INE823A01017,KOTHARIPRO,INE823A01017,KOTHARI PRODUCTS LTD,NSE,NSE_EQ
NSE_EQ|INE474Q01031,MEDANTA,INE474Q01031,GLOBAL HEALTH LIMITED,NSE,NSE_EQ
NSE_EQ|INE0AE001013,VPRPL,INE0AE001013,VISHNU PRAKASH R PUNGLI L,NSE,NSE_EQ
NSE_EQ|INE731A01020,ARCHIES,INE731A01020,ARCHIES LTD,NSE,NSE_EQ
NSE_EQ|INE021O01019,DODLA,INE021O01019,DODLA DAIRY LIMITED,NSE,NSE_EQ
NSE_EQ|INE229H01012,NITINSPIN,INE229H01012,NITIN SPINNERS LIMITED,NSE,NSE_EQ
NSE_EQ|INE839M01018,SCHNEIDER,INE839M01018,SCHNEIDER ELECTRIC INFRA,NSE,NSE_EQ
NSE_EQ|INE0AQ201015,THELEELA,INE0AQ201015,LEELA PALACES HOTEL LTD,NSE,NSE_EQ
NSE_EQ|INE179A01014,PGHH,INE179A01014,P&G HYGIENE & HEALTH CARE,NSE,NSE_EQ
NSE_EQ|INE06ST01018,INDIQUBE,INE06ST01018,INDIQUBE SPACES LIMITED,NSE,NSE_EQ
NSE_EQ|INE28GN01010,ADVENTHTL,INE28GN01010,ADVENT HOTELS INTERNATI L,NSE,NSE_EQ
NSE_EQ|INE279A01012,UNIVCABLES,INE279A01012,UNIVERSAL CABLES LTD,NSE,NSE_EQ
NSE_EQ|INE923A01015,SILINV,INE923A01015,SIL INVESTMENTS LIMITED,NSE,NSE_EQ
NSE_EQ|INE00SW01015,BCPL,INE00SW01015,BCPL RAILWAY INFRA LTD,NSE,NSE_EQ
NSE_EQ|INE074A01025,PRAJIND,INE074A01025,PRAJ INDUSTRIES LTD,NSE,NSE_EQ
NSE_EQ|INE974X01010,TIINDIA,INE974X01010,TUBE INVEST OF INDIA LTD,NSE,NSE_EQ
NSE_EQ|INE377E01024,COASTCORP,INE377E01024,COASTAL CORPORATION LTD,NSE,NSE_EQ
NSE_EQ|INE419M01035,TDPOWERSYS,INE419M01035,TD POWER SYSTEMS LTD.,NSE,NSE_EQ
NSE_EQ|INE854D01024,UNITDSPR,INE854D01024,UNITED SPIRITS LIMITED,NSE,NSE_EQ
NSE_EQ|INE450G01024,VIPCLOTHNG,INE450G01024,VIP CLOTHING LIMITED,NSE,NSE_EQ
NSE_EQ|INE0S4R01014,CRIZAC,INE0S4R01014,CRIZAC LIMITED,NSE,NSE_EQ
NSE_EQ|INE726V01018,PRICOLLTD,INE726V01018,PRICOL LIMITED,NSE,NSE_EQ
NSE_EQ|INE0HF201011,FABTECH,INE0HF201011,FABTECH TECHNOLOGIES LTD,NSE,NSE_EQ
NSE_EQ|INE278M01019,NAVKARCORP,INE278M01019,NAVKAR CORPORATION LTD.,NSE,NSE_EQ
NSE_EQ|INE495B01038,SUVEN,INE495B01038,SUVEN LIFE SCIENCES LTD,NSE,NSE_EQ
NSE_EQ|INE794W01014,MODTHREAD,INE794W01014,MODERN THREADS INDIA LTD,NSE,NSE_EQ
NSE_EQ|INE541A01023,GMMPFAUDLR,INE541A01023,GMM PFAUDLER LIMITED,NSE,NSE_EQ
NSE_EQ|INE0UH301010,OMNI,INE0UH301010,OMNITECH ENGINEERING LTD,NSE,NSE_EQ
NSE_EQ|INE220G01021,JSL,INE220G01021,JINDAL STAINLESS LIMITED,NSE,NSE_EQ
NSE_EQ|INE742F01042,ADANIPORTS,INE742F01042,ADANI PORT & SEZ LTD,NSE,NSE_EQ
NSE_EQ|INE00ZE01026,AFSL,INE00ZE01026,ABANS FINANCIAL SRVCS LTD,NSE,NSE_EQ
NSE_EQ|INE226A01021,VOLTAS,INE226A01021,VOLTAS LTD,NSE,NSE_EQ
NSE_EQ|INE263M01029,RUSTOMJEE,INE263M01029,KEYSTONE REALTORS LIMITED,NSE,NSE_EQ
NSE_EQ|INE349W01017,AVADHSUGAR,INE349W01017,AVADH SUG & ENERGY LTD,NSE,NSE_EQ
NSE_EQ|INE493H01014,MPDL,INE493H01014,MPDL LTD.,NSE,NSE_EQ
NSE_EQ|INE127I01024,GOODLUCK,INE127I01024,GOODLUCK INDIA LIMITED,NSE,NSE_EQ
NSE_EQ|INE0NT901020,NETWEB,INE0NT901020,NETWEB TECH INDIA LTD,NSE,NSE_EQ
NSE_EQ|INE292B01021,HBLENGINE,INE292B01021,HBL ENGINEERING LTD,NSE,NSE_EQ
NSE_EQ|INE469A01019,BIMETAL,INE469A01019,BIMETAL BEARINGS LTD.,NSE,NSE_EQ
NSE_EQ|INE047A01021,GRASIM,INE047A01021,GRASIM INDUSTRIES LTD,NSE,NSE_EQ
NSE_EQ|INE326A01037,LUPIN,INE326A01037,LUPIN LIMITED,NSE,NSE_EQ
NSE_EQ|INE0LCL01028,AVALON,INE0LCL01028,AVALON TECHNOLOGIES LTD,NSE,NSE_EQ
NSE_EQ|INE124G01033,DELTACORP,INE124G01033,DELTA CORP LIMITED,NSE,NSE_EQ
NSE_EQ|INE557Z01018,PIGL,INE557Z01018,POWER INSTRUMENT (G) LTD,NSE,NSE_EQ
NSE_EQ|INE584A01023,NMDC,INE584A01023,NMDC LTD.,NSE,NSE_EQ
NSE_EQ|INE085A01013,CHAMBLFERT,INE085A01013,CHAMBAL FERTILIZERS LTD,NSE,NSE_EQ
NSE_EQ|INE350H01032,BLKASHYAP,INE350H01032,B.L.KASHYAP & SON LTD,NSE,NSE_EQ
NSE_EQ|INE0ALI01010,ADVAIT,INE0ALI01010,ADVAIT ENRGY TRANSITION L,NSE,NSE_EQ
NSE_EQ|INE167H01014,SIMPLXREA,INE167H01014,SIMPLEX REALTY LTD.,NSE,NSE_EQ
NSE_EQ|INE731F01037,WELSPLSOL,INE731F01037,WELSPUN SPECIALTY SOL L,NSE,NSE_EQ
NSE_EQ|INE480C01038,SDBL,INE480C01038,SOM DIST & BREW LTD,NSE,NSE_EQ
NSE_EQ|INE950I01011,DBCORP,INE950I01011,D.B.CORP LTD,NSE,NSE_EQ
NSE_EQ|INE900B01029,KABRAEXTRU,INE900B01029,KABRA EXTRUSION TECHNIK L,NSE,NSE_EQ
NSE_EQ|INE03Q201024,ALIVUS,INE03Q201024,ALIVUS LIFE SCIENCES LTD,NSE,NSE_EQ
NSE_EQ|INE220Z01013,SHINDL,INE220Z01013,SHARAT INDUSTRIES LTD.,NSE,NSE_EQ
NSE_EQ|INE836A01035,BSOFT,INE836A01035,BIRLASOFT LIMITED,NSE,NSE_EQ
NSE_EQ|INE555Z01020,TARACHAND,INE555Z01020,TARA CHAND INFRA SOLN LTD,NSE,NSE_EQ
NSE_EQ|INE111B01023,63MOONS,INE111B01023,63 MOONS TECHNOLOGIES LTD,NSE,NSE_EQ
NSE_EQ|INE09VQ01012,INDIGOPNTS,INE09VQ01012,INDIGO PAINTS LIMITED,NSE,NSE_EQ
NSE_EQ|INE805D01034,SUNTECK,INE805D01034,SUNTECK REALTY LIMITED,NSE,NSE_EQ
NSE_EQ|INE362A01016,PVP,INE362A01016,PVP VENTURES LIMITED,NSE,NSE_EQ
NSE_EQ|INE894V01022,BELRISE,INE894V01022,BELRISE INDUSTRIES LTD,NSE,NSE_EQ
NSE_EQ|INE514Y01020,MOKSH,INE514Y01020,MOKSH ORNAMENTS LIMITED,NSE,NSE_EQ
NSE_EQ|INE540H01012,VOLTAMP,INE540H01012,VOLTAMP TRANSFORMERS LTD,NSE,NSE_EQ
NSE_EQ|INE640G01020,SBIFUNDS,INE640G01020,SBI FUNDS MANAGEMENT LTD,NSE,NSE_EQ
NSE_EQ|INE548A01028,HFCL,INE548A01028,HFCL LIMITED,NSE,NSE_EQ
NSE_EQ|INE370E01029,VIVIDHA,INE370E01029,VISAGAR POLYTEX LTD,NSE,NSE_EQ
NSE_EQ|INE0RWQ01014,TOLINS,INE0RWQ01014,TOLINS TYRES LIMITED,NSE,NSE_EQ
NSE_EQ|INE721Z01010,AARON,INE721Z01010,AARON INDUSTRIES LIMITED,NSE,NSE_EQ
NSE_EQ|INE327G01032,SAYAJIIND,INE327G01032,SAYAJI INDUSTRIES LTD.,NSE,NSE_EQ
NSE_EQ|INE314G01014,KALYANIFRG,INE314G01014,KALYANI FORGE LIMITED,NSE,NSE_EQ
NSE_EQ|INE903D01011,MONARCH,INE903D01011,MONARCH NETWORTH CAP LTD,NSE,NSE_EQ
NSE_EQ|INE635A01023,SHYAMTEL,INE635A01023,SHYAM TELECOM LIMITED,NSE,NSE_EQ
NSE_EQ|INE390G01014,GPTINFRA,INE390G01014,GPT INFRAPROJECTS LTD,NSE,NSE_EQ
NSE_EQ|INE197D01010,JINDALPOLY,INE197D01010,JINDAL POLY FILMS LIMITED,NSE,NSE_EQ
NSE_EQ|INE317I01021,METROBRAND,INE317I01021,METRO BRANDS LIMITED,NSE,NSE_EQ
NSE_EQ|INE098F01031,AMRUTANJAN,INE098F01031,AMRUTAJAN HEALTH LTD,NSE,NSE_EQ
NSE_EQ|INE0O3901029,TREL,INE0O3901029,TRANSINDIA REAL ESTATE L,NSE,NSE_EQ
NSE_EQ|INE295D01020,NACLIND,INE295D01020,NACL INDUSTRIES LIMITED,NSE,NSE_EQ
NSE_EQ|INE501A01019,DEEPAKFERT,INE501A01019,DEEPAK FERTILIZERS & PETR,NSE,NSE_EQ
NSE_EQ|INE414G01012,MUTHOOTFIN,INE414G01012,MUTHOOT FINANCE LIMITED,NSE,NSE_EQ
NSE_EQ|INE924H01018,TARMAT,INE924H01018,TARMAT LIMITED,NSE,NSE_EQ
NSE_EQ|INE01EG01016,RITCO,INE01EG01016,RITCO LOGISTICS LIMITED,NSE,NSE_EQ
NSE_EQ|INE116C01012,ZFSTEERING,INE116C01012,Z F STEERING GEAR (I) LTD,NSE,NSE_EQ
NSE_EQ|INE830Q01018,MANAKCOAT,INE830Q01018,MAN COAT METAL & IND LTD,NSE,NSE_EQ
NSE_EQ|INE669E01016,IDEA,INE669E01016,VODAFONE IDEA LIMITED,NSE,NSE_EQ
NSE_EQ|INE743M01012,RHIM,INE743M01012,RHI MAGNESITA INDIA LTD,NSE,NSE_EQ
NSE_EQ|INE482B01010,TERASOFT,INE482B01010,TERA SOFTWARE LIMITED,NSE,NSE_EQ
NSE_EQ|INE659A01023,SUDARSCHEM,INE659A01023,SUDARSHAN CHEMICAL INDS L,NSE,NSE_EQ
NSE_EQ|INE324A01032,JINDALSAW,INE324A01032,JINDAL SAW LIMITED,NSE,NSE_EQ
NSE_EQ|INE841D01013,AMAL,INE841D01013,AMAL LTD.,NSE,NSE_EQ
NSE_EQ|INE211B01039,PHOENIXLTD,INE211B01039,THE PHOENIX MILLS LTD,NSE,NSE_EQ
NSE_EQ|INE813H01021,TORNTPOWER,INE813H01021,TORRENT POWER LTD,NSE,NSE_EQ
NSE_EQ|INE193E01025,BAJAJELEC,INE193E01025,BAJAJ ELECT.LTD,NSE,NSE_EQ
NSE_EQ|INE032B01021,PRIMESECU,INE032B01021,PRIME SECURITIES LIMITED,NSE,NSE_EQ
NSE_EQ|INE803D01021,INDOBORAX,INE803D01021,INDO BORAX & CHEMICAL LTD,NSE,NSE_EQ
NSE_EQ|INE536H01010,CIEINDIA,INE536H01010,CIE AUTOMOTIVE INDIA LTD,NSE,NSE_EQ
NSE_EQ|INE12UN01015,SHADOWFAX,INE12UN01015,SHADOWFAX TECHNOLOGIES L,NSE,NSE_EQ
NSE_EQ|INE059D01020,LAOPALA,INE059D01020,LA OPALA RG LIMITED,NSE,NSE_EQ
NSE_EQ|INE066P01011,INOXWIND,INE066P01011,INOX WIND LIMITED,NSE,NSE_EQ
NSE_EQ|INE813V01022,MCL,INE813V01022,M TEK COPPER LIMITED,NSE,NSE_EQ
NSE_EQ|INE945P01024,WARDINMOBI,INE945P01024,WARDWIZARD INNO & MOB L,NSE,NSE_EQ
NSE_EQ|INE880J01026,JSWINFRA,INE880J01026,JSW INFRASTRUCTURE LTD,NSE,NSE_EQ
NSE_EQ|INE358A01014,ABBOTINDIA,INE358A01014,ABBOTT INDIA LIMITED,NSE,NSE_EQ
NSE_EQ|INE00PV01013,AHLADA,INE00PV01013,AHLADA ENGINEERS LIMITED,NSE,NSE_EQ
NSE_EQ|INE665J01013,VMART,INE665J01013,VMART RETAIL LTD,NSE,NSE_EQ
NSE_EQ|INE177F01017,KOVAI,INE177F01017,KOVAI MEDICAL CENTER & HO,NSE,NSE_EQ
NSE_EQ|INE529F01035,SIGIND,INE529F01035,SIGNET INDUSTRIES LIMITED,NSE,NSE_EQ
NSE_EQ|INE395H01011,STEELCITY,INE395H01011,STEEL CITY SECURITIES LTD,NSE,NSE_EQ
NSE_EQ|INE868B01028,NCC,INE868B01028,NCC LIMITED,NSE,NSE_EQ
NSE_EQ|INE024001021,AEROFLEX,INE024001021,AEROFLEX INDUSTRIES LTD,NSE,NSE_EQ
NSE_EQ|INE172A01027,CASTROLIND,INE172A01027,CASTROL INDIA LIMITED,NSE,NSE_EQ
NSE_EQ|INE07K301024,ZAGGLE,INE07K301024,ZAGGLE PREPA OCEAN SER L,NSE,NSE_EQ
NSE_EQ|INE0RE001014,GALAPREC,INE0RE001014,GALA PRECISION ENG LTD,NSE,NSE_EQ
NSE_EQ|INE213A01029,ONGC,INE213A01029,OIL AND NATURAL GAS CORP.,NSE,NSE_EQ
NSE_EQ|INE825A01020,VTL,INE825A01020,VARDHMAN TEXTILES LIMITED,NSE,NSE_EQ
NSE_EQ|INE00EM01016,MEGASTAR,INE00EM01016,MEGASTAR FOODS LIMITED,NSE,NSE_EQ
NSE_EQ|INE032Z01020,BSHSL,INE032Z01020,BOMBAY SUPER HYBRID SEEDS,NSE,NSE_EQ
NSE_EQ|INE02A801020,ROSSARI,INE02A801020,ROSSARI BIOTECH LIMITED,NSE,NSE_EQ
NSE_EQ|INE0FS801015,MSUMI,INE0FS801015,MOTHERSON SUMI WRNG IND L,NSE,NSE_EQ
NSE_EQ|INE335Y01020,IRCTC,INE335Y01020,INDIAN RAIL TOUR CORP LTD,NSE,NSE_EQ
NSE_EQ|INE406M01024,ERIS,INE406M01024,ERIS LIFESCIENCES LIMITED,NSE,NSE_EQ
NSE_EQ|INE061A01014,INDIANCARD,INE061A01014,INDIAN CARD CLOTHING CO.,NSE,NSE_EQ
NSE_EQ|INE403Y01018,INNOVANA,INE403Y01018,INNOVANA THINKLABS LTD,NSE,NSE_EQ
NSE_EQ|INE365B01017,DATAMATICS,INE365B01017,DATAMATICS GLOBAL SER LTD,NSE,NSE_EQ
NSE_EQ|INE725A01030,NAVA,INE725A01030,NAVA LIMITED,NSE,NSE_EQ
NSE_EQ|INE00WC01027,AFFLE,INE00WC01027,AFFLE 3I LIMITED,NSE,NSE_EQ
NSE_EQ|INE931S01010,ADANIENSOL,INE931S01010,ADANI ENERGY SOLUTION LTD,NSE,NSE_EQ
NSE_EQ|INE304W01038,BLUESTONE,INE304W01038,BLUESTONE JEWEL LFSTL LTD,NSE,NSE_EQ
NSE_EQ|INE557B01019,LIBERTSHOE,INE557B01019,LIBERTY SHOES LTD,NSE,NSE_EQ
NSE_EQ|INE291W01037,GLOBAL,INE291W01037,GLOBAL EDUCATION LIMITED,NSE,NSE_EQ
NSE_EQ|INE546Y01022,PRAXIS,INE546Y01022,PRAXIS HOME RETAIL LTD,NSE,NSE_EQ
NSE_EQ|INE105C01023,3PLAND,INE105C01023,3P LAND HOLDINGS LIMITED,NSE,NSE_EQ
NSE_EQ|INE663B01015,CONTROLPR,INE663B01015,CONTROL PRINT LIMITED,NSE,NSE_EQ
NSE_EQ|INE05X901010,HPIL,INE05X901010,HINDPRAKASH INDUSTRY LTD,NSE,NSE_EQ
NSE_EQ|INE229C01021,SAGCEM,INE229C01021,SAGAR CEMENTS LIMITED,NSE,NSE_EQ
NSE_EQ|INE302D01024,RIR,INE302D01024,RIR POWER ELECTRONICS L,NSE,NSE_EQ
NSE_EQ|INE0D6701023,IPL,INE0D6701023,INDIA PESTICIDES LIMITED,NSE,NSE_EQ
NSE_EQ|INE399K01017,RTNPOWER,INE399K01017,RATTANINDIA POWER LIMITED,NSE,NSE_EQ
NSE_EQ|INE052I01032,CAMLINFINE,INE052I01032,CAMLIN FINE SCIENCES LTD,NSE,NSE_EQ
NSE_EQ|INE023A01030,NSIL,INE023A01030,NALWA SONS INVESTMENT LTD,NSE,NSE_EQ
NSE_EQ|INE694D01016,VADILALIND,INE694D01016,VADILAL INDUSTRIES LTD,NSE,NSE_EQ
NSE_EQ|INE704P01025,COCHINSHIP,INE704P01025,COCHIN SHIPYARD LIMITED,NSE,NSE_EQ
NSE_EQ|INE875R01011,BALKRISHNA,INE875R01011,BALKRISHNA PAPER MILLS L,NSE,NSE_EQ
NSE_EQ|INE053F01010,IRFC,INE053F01010,INDIAN RAILWAY FIN CORP L,NSE,NSE_EQ
NSE_EQ|INE199C01026,ADVANIHOTR,INE199C01026,ADVANI HOT.& RES.(I) LTD,NSE,NSE_EQ
NSE_EQ|INE083K01017,BENGALASM,INE083K01017,BENGAL & ASSAM CO. LTD.,NSE,NSE_EQ
NSE_EQ|INE403F01017,THAKDEV,INE403F01017,THAKKERS DEVELOPERS LTD.,NSE,NSE_EQ
NSE_EQ|INE782A01015,BOSCH-HCIL,INE782A01015,BOSCH HOME COMFRT IND LTD,NSE,NSE_EQ
NSE_EQ|INE891B01012,DCMFINSERV,INE891B01012,DCM FINANCIAL SERVICES LT,NSE,NSE_EQ
NSE_EQ|INE837H01020,ADVENZYMES,INE837H01020,ADVANCED ENZYME TECH LTD,NSE,NSE_EQ
NSE_EQ|INE0JR601024,YATRA,INE0JR601024,YATRA ONLINE LIMITED,NSE,NSE_EQ
NSE_EQ|INE256Z01025,AKSHAR,INE256Z01025,AKSHAR SPINTEX LIMITED,NSE,NSE_EQ
NSE_EQ|INE004A01022,PROTEAN,INE004A01022,PROTEAN EGOV TECHNO LTD,NSE,NSE_EQ
NSE_EQ|INE719F01016,SHIVAUM,INE719F01016,SHIV AUM STEELS LIMITED,NSE,NSE_EQ
NSE_EQ|INE902B01017,S&SPOWER,INE902B01017,S&S POWER SWITCHGEARS LTD,NSE,NSE_EQ
NSE_EQ|INE0UIZ01018,BLACKBUCK,INE0UIZ01018,BLACKBUCK LIMITED,NSE,NSE_EQ
NSE_EQ|INE677D01037,MASTERTR,INE677D01037,MASTER TRUST LIMITED,NSE,NSE_EQ
NSE_EQ|INE826C01016,GUJAPOLLO,INE826C01016,GUJ. APOLLO IND. LTD.,NSE,NSE_EQ
NSE_EQ|INE829S01016,MSL,INE829S01016,MANGALAM SEEDS LTD.,NSE,NSE_EQ
NSE_EQ|INE127D01025,HDFCAMC,INE127D01025,HDFC AMC LIMITED,NSE,NSE_EQ
NSE_EQ|INE0JWS01017,VALIANTLAB,INE0JWS01017,VALIANT LABORATORIES LTD,NSE,NSE_EQ
NSE_EQ|INE474C01023,REMSONSIND,INE474C01023,REMSONS INDUSTRIES LTD,NSE,NSE_EQ
NSE_EQ|INE294B01019,SMLMAH,INE294B01019,SML MAHINDRA LIMITED,NSE,NSE_EQ
NSE_EQ|INE368I01016,NIRAJ,INE368I01016,NIRAJ CEMENT STRUC LTD,NSE,NSE_EQ
NSE_EQ|INE021A01026,ASIANPAINT,INE021A01026,ASIAN PAINTS LIMITED,NSE,NSE_EQ
NSE_EQ|INE278H01035,SANDHAR,INE278H01035,SANDHAR TECHNOLOGIES LTD,NSE,NSE_EQ
NSE_EQ|INE387I01016,MAGNUM,INE387I01016,MAGNUM VENTURES LTD.,NSE,NSE_EQ
NSE_EQ|INE515H01014,EMPIND,INE515H01014,EMPIRE INDUSTRIES LTD.,NSE,NSE_EQ
NSE_EQ|INE0LEZ01016,ATHERENERG,INE0LEZ01016,ATHER ENERGY LIMITED,NSE,NSE_EQ
NSE_EQ|INE285J01028,SIS,INE285J01028,SIS LIMITED,NSE,NSE_EQ
NSE_EQ|INE671A01010,HONAUT,INE671A01010,HONEYWELL AUTOMATION IND,NSE,NSE_EQ
NSE_EQ|INE220Q01020,MUFTI,INE220Q01020,CREDO BRANDS MARKETING L,NSE,NSE_EQ
NSE_EQ|INE802B01027,LINC,INE802B01027,LINC LIMITED,NSE,NSE_EQ
NSE_EQ|INE356A01018,MPHASIS,INE356A01018,MPHASIS LIMITED,NSE,NSE_EQ
NSE_EQ|INE571A01038,IPCALAB,INE571A01038,IPCA LABORATORIES LTD,NSE,NSE_EQ
NSE_EQ|INE733E01010,NTPC,INE733E01010,NTPC LTD,NSE,NSE_EQ
NSE_EQ|INE236E01022,ELLEN,INE236E01022,ELLENBARRIE INDUS GASES L,NSE,NSE_EQ
NSE_EQ|INE083B01024,THEMISMED,INE083B01024,THEMIS MEDICARE LTD.,NSE,NSE_EQ
NSE_EQ|INE0J1F01024,RPTECH,INE0J1F01024,RASHI PERIPHERALS LIMITED,NSE,NSE_EQ
NSE_EQ|INE518E01015,ZIMLAB,INE518E01015,ZIM LABORATORIES LIMITED,NSE,NSE_EQ
NSE_EQ|INE412U01025,BIGBLOC,INE412U01025,BIGBLOC CONSTRUCTION LTD,NSE,NSE_EQ
NSE_EQ|INE230A01023,EIHOTEL,INE230A01023,EIH LIMITED,NSE,NSE_EQ
NSE_EQ|INE565A01014,IOB,INE565A01014,INDIAN OVERSEAS BANK,NSE,NSE_EQ
NSE_EQ|INE022Q01020,IEX,INE022Q01020,INDIAN ENERGY EXC LTD,NSE,NSE_EQ
NSE_EQ|INE206N01018,RELTD,INE206N01018,RAVINDRA ENERGY LIMITED,NSE,NSE_EQ
NSE_EQ|INE583D01011,UGROCAP,INE583D01011,UGRO CAPITAL LIMITED,NSE,NSE_EQ
NSE_EQ|INE0U3I01011,UNIMECH,INE0U3I01011,UNIMECH AEROSPACE N MFG L,NSE,NSE_EQ
NSE_EQ|INE415I01015,KIRIINDUS,INE415I01015,KIRI INDUSTRIES LIMITED,NSE,NSE_EQ
NSE_EQ|INE581X01021,GLOBE,INE581X01021,GLOBE ENTERPRISE (I) LTD,NSE,NSE_EQ
NSE_EQ|INE791B01014,LEENEE,INE791B01014,LEE & NEE SOFTWARES (E) L,NSE,NSE_EQ
NSE_EQ|INE010A01011,PRSMJOHNSN,INE010A01011,PRISM JOHNSON LIMITED,NSE,NSE_EQ
NSE_EQ|INE130B01031,SURANAT&P,INE130B01031,SURANA TELECOM AND POW LT,NSE,NSE_EQ
NSE_EQ|INE688D01026,RESPONIND,INE688D01026,RESPONSIVE INDUSTRIES LTD,NSE,NSE_EQ
NSE_EQ|INE1CLE01013,VISL,INE1CLE01013,VEDANTA IRON AND STEEL L,NSE,NSE_EQ
NSE_EQ|INE642Z01026,AKI,INE642Z01026,AKI INDIA LIMITED,NSE,NSE_EQ
NSE_EQ|INE115A01026,LICHSGFIN,INE115A01026,LIC HOUSING FINANCE LTD,NSE,NSE_EQ
NSE_EQ|INE475E01026,CAPLIPOINT,INE475E01026,CAPLIN POINT LAB LTD.,NSE,NSE_EQ
NSE_EQ|INE835D01023,HIRECT,INE835D01023,HIRECT LIMITED,NSE,NSE_EQ
NSE_EQ|INE806A01020,VIKASECO,INE806A01020,VIKAS ECOTECH LIMITED,NSE,NSE_EQ
NSE_EQ|INE0ALR01029,ATALREAL,INE0ALR01029,ATAL REALTECH LIMITED,NSE,NSE_EQ
NSE_EQ|INE479D01038,KRITI,INE479D01038,KRITI INDUSTRIES IND LTD,NSE,NSE_EQ
NSE_EQ|INE463V01026,ANANDRATHI,INE463V01026,ANAND RATHI WEALTH LTD,NSE,NSE_EQ
NSE_EQ|INE793A01012,ACCELYA,INE793A01012,ACCELYA SOLN INDIA LTD,NSE,NSE_EQ
NSE_EQ|INE144D01012,CUBEXTUB,INE144D01012,CUBEX TUBINGS LTD,NSE,NSE_EQ
NSE_EQ|INE836F01026,DISHTV,INE836F01026,DISH TV INDIA LTD.,NSE,NSE_EQ
NSE_EQ|INE883C01025,PACIFICI,INE883C01025,PACIFIC INDUSTRIES LTD.,NSE,NSE_EQ
NSE_EQ|INE0S3G01027,PACEDIGITK,INE0S3G01027,PACE DIGITEK LIMITED,NSE,NSE_EQ
NSE_EQ|INE03EI01018,MAXESTATES,INE03EI01018,MAX ESTATES LIMITED,NSE,NSE_EQ
NSE_EQ|INE501F01018,PBMPOLY,INE501F01018,P B M POLYTEX LTD.,NSE,NSE_EQ
NSE_EQ|INE567A01028,NIPPOBATRY,INE567A01028,INDO-NATIONAL LIMITED,NSE,NSE_EQ
NSE_EQ|INE596I01020,CAMS,INE596I01020,COMPUTER AGE MNGT SER LTD,NSE,NSE_EQ
NSE_EQ|INE385W01011,DCAL,INE385W01011,DISHMAN CARBO AMCIS LTD,NSE,NSE_EQ
NSE_EQ|INE375Y01018,RELIABLE,INE375Y01018,RELIABLE DATA SERVICE LTD,NSE,NSE_EQ
NSE_EQ|INE683C01011,MAITHANALL,INE683C01011,MAITHAN ALLOYS LTD,NSE,NSE_EQ
NSE_EQ|INE866K01023,WAAREEINDO,INE866K01023,INDOSOLAR LIMITED,NSE,NSE_EQ
NSE_EQ|INE119201023,PARKHOSPS,INE119201023,PARK MEDI WORLD LIMITED,NSE,NSE_EQ
NSE_EQ|INE0LRY01011,QUADFUTURE,INE0LRY01011,QUADRANT FUTURE TEK LTD,NSE,NSE_EQ
NSE_EQ|INE926B01016,GRANDOAK,INE926B01016,GRAND OAK CANYONS DIST L,NSE,NSE_EQ
NSE_EQ|INE412G01024,BCLIND,INE412G01024,BCL INDUSTRIES LIMITED,NSE,NSE_EQ
NSE_EQ|INE373T01047,BLUECLOUDS,INE373T01047,BLUE CLOUD SOFTECH SOLU L,NSE,NSE_EQ
NSE_EQ|INE084101034,INDOMIM,INE084101034,INDO-MIM LIMITED,NSE,NSE_EQ
NSE_EQ|INE316L01019,BHARATWIRE,INE316L01019,BHARAT WIRE ROPES LTD.,NSE,NSE_EQ
NSE_EQ|INE491V01019,CROWN,INE491V01019,CROWN LIFTERS LIMITED,NSE,NSE_EQ
NSE_EQ|INE819A01049,COMFINTE,INE819A01049,COMFORT INTECH LTD.,NSE,NSE_EQ
NSE_EQ|INE684F01012,FSL,INE684F01012,FIRSTSOURCE SOLU. LTD.,NSE,NSE_EQ
NSE_EQ|INE255D01024,GULPOLY,INE255D01024,GULSHAN POLYOLS LIMITED,NSE,NSE_EQ
NSE_EQ|INE910A01012,NIRLON,INE910A01012,NIRLON LTD,NSE,NSE_EQ
NSE_EQ|INE235C01036,SUMEETINDS,INE235C01036,SUMEET IND LIMITED,NSE,NSE_EQ
NSE_EQ|INE702C01027,APLAPOLLO,INE702C01027,APL APOLLO TUBES LTD,NSE,NSE_EQ
NSE_EQ|INE607D01018,ORIENTBELL,INE607D01018,ORIENT BELL LIMITED,NSE,NSE_EQ
NSE_EQ|INE232A01011,SHREDIGCEM,INE232A01011,SHREE DIGVIJAY CEM CO LTD,NSE,NSE_EQ
NSE_EQ|INE0CG601016,MAXIND,INE0CG601016,MAX INDIA LIMITED,NSE,NSE_EQ
NSE_EQ|INE621H01010,RELIGARE,INE621H01010,RELIGARE ENTER. LTD.,NSE,NSE_EQ
NSE_EQ|INE017A01032,GESHIP,INE017A01032,THE GE SHPG.LTD,NSE,NSE_EQ
NSE_EQ|INE584F01014,MANGALAM,INE584F01014,MANGALAM DRUG & CHEM LTD,NSE,NSE_EQ
NSE_EQ|INE350C01017,OPTIEMUS,INE350C01017,OPTIEMUS INFRACOM LTD,NSE,NSE_EQ
NSE_EQ|INE046W01019,MUTHOOTMF,INE046W01019,MUTHOOT MICROFIN LIMITED,NSE,NSE_EQ
NSE_EQ|INE01FR01028,STYLEBAAZA,INE01FR01028,BAAZAR STYLE RETAIL LTD,NSE,NSE_EQ
NSE_EQ|INE737W01013,AKASH,INE737W01013,AKASH INFRA-PROJECTS LTD,NSE,NSE_EQ
NSE_EQ|INE388Y01029,NYKAA,INE388Y01029,FSN E COMMERCE VENTURES,NSE,NSE_EQ
NSE_EQ|INE993A01026,MANINDS,INE993A01026,MAN INDUSTRIES (I) LTD.,NSE,NSE_EQ
NSE_EQ|INE020D01022,BAIDFIN,INE020D01022,BAID FINSERV LIMITED,NSE,NSE_EQ
NSE_EQ|INE348B01021,CENTURYPLY,INE348B01021,CENTURY PLYBOARDS (I) LTD,NSE,NSE_EQ
NSE_EQ|INE117A01022,ABB,INE117A01022,ABB INDIA LIMITED,NSE,NSE_EQ
NSE_EQ|INE0A1101019,DCI,INE0A1101019,DC INFOTECH AND COMUN LTD,NSE,NSE_EQ
NSE_EQ|INE461C01038,GREENPLY,INE461C01038,GREENPLY INDUSTRIES LTD,NSE,NSE_EQ
NSE_EQ|INE704B01017,RACLGEAR,INE704B01017,RACL GEARTECH LIMITED,NSE,NSE_EQ
NSE_EQ|INE239A01024,NESTLEIND,INE239A01024,NESTLE INDIA LIMITED,NSE,NSE_EQ
NSE_EQ|INE191A01027,ORCHPHARMA,INE191A01027,ORCHID PHARMA LIMITED,NSE,NSE_EQ
NSE_EQ|INE0D0U01013,AAATECH,INE0D0U01013,AAA TECHNOLOGIES LIMITED,NSE,NSE_EQ
NSE_EQ|INE096B01018,NUCLEUS,INE096B01018,NUCLEUS SOFTWARE EXPORTS,NSE,NSE_EQ
NSE_EQ|INE1YPB01014,AGL,INE1YPB01014,ALLCARGO GLOBAL LIMITED,NSE,NSE_EQ
NSE_EQ|INE0JUS01029,HARSHA,INE0JUS01029,HARSHA ENGINEERS INT LTD,NSE,NSE_EQ
NSE_EQ|INE02ID01020,RAYMONDLSL,INE02ID01020,RAYMOND LIFESTYLE LIMITED,NSE,NSE_EQ
NSE_EQ|INE980O01024,JYOTICNC,INE980O01024,JYOTI CNC AUTOMATION LTD,NSE,NSE_EQ
NSE_EQ|INE906O01029,TIGERLOGS,INE906O01029,TIGER LOGISTICS (INDIA) L,NSE,NSE_EQ
NSE_EQ|INE385I01010,ALPA,INE385I01010,ALPA LABORATORIES LTD,NSE,NSE_EQ
NSE_EQ|INE0CJF01024,WCIL,INE0CJF01024,WESTERN CARRIERS (IND) L,NSE,NSE_EQ
NSE_EQ|INE128A01029,EVEREADY,INE128A01029,EVEREADY INDS. IND.  LTD.,NSE,NSE_EQ
NSE_EQ|INE0H9P01028,ARIS,INE0H9P01028,ARISINFRA SOLUTIONS LTD,NSE,NSE_EQ
NSE_EQ|INE508G01029,TIMETECHNO,INE508G01029,TIME TECHNOPLAST LTD.,NSE,NSE_EQ
NSE_EQ|INE520Y01019,ICEMAKE,INE520Y01019,ICE MAKE REFRIGERAT LTD,NSE,NSE_EQ
NSE_EQ|INE228A01035,USHAMART,INE228A01035,USHA MARTIN LTD.,NSE,NSE_EQ
NSE_EQ|INE0JPD01013,SANATHAN,INE0JPD01013,SANATHAN TEXTILES LIMITED,NSE,NSE_EQ
NSE_EQ|INE713C01016,SURAJLTD,INE713C01016,SURAJ LIMITED,NSE,NSE_EQ
NSE_EQ|INE013P01021,ONESOURCE,INE013P01021,ONESOURCE SPECL PHARMA L,NSE,NSE_EQ
NSE_EQ|INE947T01022,GICL,INE947T01022,GLOBE INTL CARRIERS LTD,NSE,NSE_EQ
NSE_EQ|INE225D01027,SYMPHONY,INE225D01027,SYMPHONY LIMITED,NSE,NSE_EQ
NSE_EQ|INE281A01026,CENTEXT,INE281A01026,CENTURY EXTRUSIONS LTD,NSE,NSE_EQ
NSE_EQ|INE560A01023,INDIAGLYCO,INE560A01023,INDIA GLYCOLS LTD,NSE,NSE_EQ
NSE_EQ|INE0H9F01037,SAIPARENT,INE0H9F01037,SAI PARENTERALS LIMITED,NSE,NSE_EQ
NSE_EQ|INE0J5601015,KRISHNADEF,INE0J5601015,KRISHNA DEF AND ALD IND L,NSE,NSE_EQ
NSE_EQ|INE323I01011,PURVA,INE323I01011,PURAVANKARA LIMITED,NSE,NSE_EQ
NSE_EQ|INE640C01011,SHAHALLOYS,INE640C01011,SHAH ALLOYS LIMITED,NSE,NSE_EQ
NSE_EQ|INE058B01018,ZENITHEXPO,INE058B01018,ZENITH EXPORTS LTD,NSE,NSE_EQ
NSE_EQ|INE437A01024,APOLLOHOSP,INE437A01024,APOLLO HOSPITALS ENTER. L,NSE,NSE_EQ
NSE_EQ|INE0QPI01025,SUDEEPPHRM,INE0QPI01025,SUDEEP PHARMA LIMITED,NSE,NSE_EQ
NSE_EQ|INE325C01035,DOLLAR,INE325C01035,DOLLAR INDUSTRIES LIMITED,NSE,NSE_EQ
NSE_EQ|INE258Y01016,LGHL,INE258Y01016,LAXMI GOLDORNA HOUSE LTD,NSE,NSE_EQ
NSE_EQ|INE245A01021,TATAPOWER,INE245A01021,TATA POWER CO LTD,NSE,NSE_EQ
NSE_EQ|INE735W01017,UTKARSHBNK,INE735W01017,UTKARSH SMALL FIN BANK L,NSE,NSE_EQ
NSE_EQ|INE412C01023,JMA,INE412C01023,JULLUNDUR MOT AGENCY LTD,NSE,NSE_EQ
NSE_EQ|INE288B01029,DEEPAKNTR,INE288B01029,DEEPAK NITRITE LTD,NSE,NSE_EQ
NSE_EQ|INE01A001028,STANLEY,INE01A001028,STANLEY LIFESTYLES LTD,NSE,NSE_EQ
NSE_EQ|INE508K01013,RHL,INE508K01013,ROBUST HOTELS LIMITED,NSE,NSE_EQ
NSE_EQ|INE149O01018,NIBE,INE149O01018,NIBE LIMITED,NSE,NSE_EQ
NSE_EQ|INE332A01027,THOMASCOOK,INE332A01027,THOMAS COOK (INDIA) LTD,NSE,NSE_EQ
NSE_EQ|INE053A01029,INDHOTEL,INE053A01029,THE INDIAN HOTELS CO. LTD,NSE,NSE_EQ
NSE_EQ|INE555C01029,SHIVACEM,INE555C01029,SHIVA CEMENT LTD.,NSE,NSE_EQ
NSE_EQ|INE900L01028,MBAPL,INE900L01028,MADHYA BHARAT AGRO P. LTD,NSE,NSE_EQ
NSE_EQ|INE230B01021,CREATIVEYE,INE230B01021,CREATIVE EYE LIMITED,NSE,NSE_EQ
NSE_EQ|INE927D01051,JBMA,INE927D01051,JBM AUTO LIMITED,NSE,NSE_EQ
NSE_EQ|INE435A01051,ANDHRAPAP,INE435A01051,ANDHRA PAPER LIMITED,NSE,NSE_EQ
NSE_EQ|INE995S01015,NIVABUPA,INE995S01015,NIVA BUPA HEALTH INS CO L,NSE,NSE_EQ
NSE_EQ|INE100A01010,ATUL,INE100A01010,ATUL LTD,NSE,NSE_EQ
NSE_EQ|INE598D01035,ALGOQUANT,INE598D01035,ALGOQUANT FINTECH LIMITED,NSE,NSE_EQ
NSE_EQ|INE283A01014,PRECOT,INE283A01014,PRECOT LIMITED,NSE,NSE_EQ
NSE_EQ|INE0AG901020,CEIGALL,INE0AG901020,CEIGALL INDIA LIMITED,NSE,NSE_EQ
NSE_EQ|INE102A01024,HLVLTD,INE102A01024,HLV LIMITED,NSE,NSE_EQ
NSE_EQ|INE417D01020,FEDDERSHOL,INE417D01020,FEDDERS HOLDING LTD.,NSE,NSE_EQ
NSE_EQ|INE937C01029,NILAINFRA,INE937C01029,NILA INFRASTRUCTURES LTD,NSE,NSE_EQ
NSE_EQ|INE665A01038,SWANCORP,INE665A01038,SWAN CORP LIMITED,NSE,NSE_EQ
NSE_EQ|INE090501011,SCODATUBES,INE090501011,SCODA TUBES LIMITED,NSE,NSE_EQ
NSE_EQ|INE196A01026,MARICO,INE196A01026,MARICO LIMITED,NSE,NSE_EQ
NSE_EQ|INE512B01022,FCSSOFT,INE512B01022,FCS SOFTWARE SOLN. LTD.,NSE,NSE_EQ
NSE_EQ|INE338H01029,CONCORDBIO,INE338H01029,CONCORD BIOTECH LIMITED,NSE,NSE_EQ
NSE_EQ|INE586E01020,IWP,INE586E01020,INDIAN WOOD PRODUCTS CO L,NSE,NSE_EQ
NSE_EQ|INE00F201020,PRUDENT,INE00F201020,PRUDENT CORP ADV SER LTD,NSE,NSE_EQ
NSE_EQ|INE757T01025,AEPL,INE757T01025,ARTEMIS ELECTRICALS & P L,NSE,NSE_EQ
NSE_EQ|INE221J01015,SHARDACROP,INE221J01015,SHARDA CROPCHEM LTD.,NSE,NSE_EQ
NSE_EQ|INE152M01016,TRITURBINE,INE152M01016,TRIVENI TURBINE LIMITED,NSE,NSE_EQ
NSE_EQ|INE07S101038,PAVNAIND,INE07S101038,PAVNA INDUSTRIES LIMITED,NSE,NSE_EQ
NSE_EQ|INE550B01022,HBSL,INE550B01022,HB STOCKHOLDINGS LIMITED,NSE,NSE_EQ
NSE_EQ|INE489G01022,ANUHPHR,INE489G01022,ANUH PHARMA LIMITED,NSE,NSE_EQ
NSE_EQ|INE519C01017,SUMMITSEC,INE519C01017,SUMMIT SECURITIES LTD,NSE,NSE_EQ
NSE_EQ|INE195N01013,PROZONER,INE195N01013,PROZONE REALTY LIMITED,NSE,NSE_EQ
NSE_EQ|INE625G01013,WELENT,INE625G01013,WELSPUN ENTERPRISES LTD.,NSE,NSE_EQ
NSE_EQ|INE873D01024,INDOCO,INE873D01024,INDOCO REMEDIES LTD.,NSE,NSE_EQ
NSE_EQ|INE121J01017,INDUSTOWER,INE121J01017,INDUS TOWERS LIMITED,NSE,NSE_EQ
NSE_EQ|INE655B01011,BANARBEADS,INE655B01011,BANARAS BEADS LTD,NSE,NSE_EQ
NSE_EQ|INE389H01022,KEC,INE389H01022,KEC INTL. LIMITED,NSE,NSE_EQ
NSE_EQ|INE399L01023,ATGL,INE399L01023,ADANI TOTAL GAS LIMITED,NSE,NSE_EQ
NSE_EQ|INE055A01016,ABREL,INE055A01016,ADITYA BIRLA REAL EST LTD,NSE,NSE_EQ
NSE_EQ|INE696V01013,JAIPURKURT,INE696V01013,NANDANI CREATION LIMITED,NSE,NSE_EQ
NSE_EQ|INE558D01021,CORALFINAC,INE558D01021,CORAL INDIA FIN & HOUS LT,NSE,NSE_EQ
NSE_EQ|INE420B01036,ARIHANTCAP,INE420B01036,ARIHANT CAPITAL MKTS LTD,NSE,NSE_EQ
NSE_EQ|INE621L01012,TEXRAIL,INE621L01012,TEXMACO RAIL & ENG. LTD.,NSE,NSE_EQ
NSE_EQ|INE486Y01013,TOUCHWOOD,INE486Y01013,TOUCHWOOD ENTERTAIN LTD.,NSE,NSE_EQ
NSE_EQ|INE024L01027,GRAVITA,INE024L01027,GRAVITA INDIA LIMITED,NSE,NSE_EQ
NSE_EQ|INE453D01025,SARLAPOLY,INE453D01025,SARLA PERF. FIBERS LTD,NSE,NSE_EQ
NSE_EQ|INE757A01017,COSMOFIRST,INE757A01017,COSMO FIRST LIMITED,NSE,NSE_EQ
NSE_EQ|INE320B01020,CENTUM,INE320B01020,CENTUM ELECTRONICS LTD,NSE,NSE_EQ
NSE_EQ|INE965W01036,BMWVENTLTD,INE965W01036,BMW VENTURES LIMITED,NSE,NSE_EQ
NSE_EQ|INE615H01020,TITAGARH,INE615H01020,TITAGARH RAIL SYSTEMS LTD,NSE,NSE_EQ
NSE_EQ|INE345A01011,HINDOILEXP,INE345A01011,HINDUSTAN OIL EXPLORATION,NSE,NSE_EQ
NSE_EQ|INE007B01023,GEOJITFSL,INE007B01023,GEOJIT FINANCIAL SER L,NSE,NSE_EQ
NSE_EQ|INE605D01012,NEAGI,INE605D01012,NEELAMALAI AGRO INDS. L,NSE,NSE_EQ
NSE_EQ|INE732C01016,NCLIND,INE732C01016,NCL INDUSTRIES LIMITED,NSE,NSE_EQ
NSE_EQ|INE217S01014,APOORVA,INE217S01014,APOORVA LEAS F & INV C L,NSE,NSE_EQ
NSE_EQ|INE084D01010,CGVAK,INE084D01010,C G V A K SOFTWARE & EX L,NSE,NSE_EQ
NSE_EQ|INE761Y01019,ZODIAC,INE761Y01019,ZODIAC ENERGY LIMITED,NSE,NSE_EQ
NSE_EQ|INE483S01020,CCAVENUE,INE483S01020,AVENUESAI LIMITED,NSE,NSE_EQ
NSE_EQ|INE987A01010,MAKERSL,INE987A01010,MAKERS LABORATORIES LTD.,NSE,NSE_EQ
NSE_EQ|INE489L01022,IIFLCAPS,INE489L01022,IIFL CAPITAL SERVICES LTD,NSE,NSE_EQ
NSE_EQ|INE093A01041,HEXT,INE093A01041,HEXAWARE TECHNOLOGIES LTD,NSE,NSE_EQ
NSE_EQ|INE0ZK601013,CSM,INE0ZK601013,CSM TECHNOLOGIES LIMITED,NSE,NSE_EQ
NSE_EQ|INE121E01018,JSWENERGY,INE121E01018,JSW ENERGY LIMITED,NSE,NSE_EQ
NSE_EQ|INE019A01038,JSWSTEEL,INE019A01038,JSW STEEL LIMITED,NSE,NSE_EQ
NSE_EQ|INE701A01023,VHL,INE701A01023,VARDHMAN HOLDINGS LIMITED,NSE,NSE_EQ
NSE_EQ|INE05J901018,IGCL,INE05J901018,INDOGULF CROPSCIENCES LTD,NSE,NSE_EQ
NSE_EQ|INE614A01028,RAMCOIND,INE614A01028,RAMCO INDUSTRIES LIMITED,NSE,NSE_EQ
NSE_EQ|INE0IX101010,DATAPATTNS,INE0IX101010,DATA PATTERNS INDIA LTD,NSE,NSE_EQ
NSE_EQ|INE188B01013,IGARASHI,INE188B01013,IGARASHI MOTORS INDIA LTD,NSE,NSE_EQ
NSE_EQ|INE610B01024,GUJRAFFIA,INE610B01024,GUJARAT RAFFIA INDUST LTD,NSE,NSE_EQ
NSE_EQ|INE645W01026,AIRAN,INE645W01026,AIRAN LIMITED,NSE,NSE_EQ
NSE_EQ|INE337A01034,LGBBROSLTD,INE337A01034,LG BALAKRISHNAN & BROS,NSE,NSE_EQ
NSE_EQ|INE366I01010,VRLLOG,INE366I01010,VRL LOGISTICS LIMITED,NSE,NSE_EQ
NSE_EQ|INE657B01025,BLUECHIP,INE657B01025,BLUE CHIP INDIA LIMITED,NSE,NSE_EQ
NSE_EQ|INE045B01015,NELCO,INE045B01015,NELCO LTD,NSE,NSE_EQ
NSE_EQ|INE184H01027,EKC,INE184H01027,EVEREST KANTO CYLINDERLTD,NSE,NSE_EQ
NSE_EQ|INE450U01017,ROUTE,INE450U01017,ROUTE MOBILE LIMITED,NSE,NSE_EQ
NSE_EQ|INE151A01013,TATACOMM,INE151A01013,TATA COMMUNICATIONS LTD,NSE,NSE_EQ
NSE_EQ|INE005C01017,RTSPOWR,INE005C01017,R T S POWER CORPN. LTD.,NSE,NSE_EQ
NSE_EQ|INE0IQ001011,VERANDA,INE0IQ001011,VERANDA LEARNING SOL LTD,NSE,NSE_EQ
NSE_EQ|INE522F01014,COALINDIA,INE522F01014,COAL INDIA LTD,NSE,NSE_EQ
NSE_EQ|INE382Z01011,GRSE,INE382Z01011,GARDEN REACH SHIP&ENG LTD,NSE,NSE_EQ
NSE_EQ|INE296A01032,BAJFINANCE,INE296A01032,BAJAJ FINANCE LIMITED,NSE,NSE_EQ
NSE_EQ|INE095N01031,NBCC,INE095N01031,NBCC (INDIA) LIMITED,NSE,NSE_EQ
NSE_EQ|INE653C01022,NICCOPAR,INE653C01022,NICCO PARKS & RESORTS LTD,NSE,NSE_EQ
NSE_EQ|INE066F01020,HAL,INE066F01020,HINDUSTAN AERONAUTICS LTD,NSE,NSE_EQ
NSE_EQ|INE454P01035,TRANSRAILL,INE454P01035,TRANSRAIL LIGHTING LTD,NSE,NSE_EQ
NSE_EQ|INE002A01018,RELIANCE,INE002A01018,RELIANCE INDUSTRIES LTD,NSE,NSE_EQ
NSE_EQ|INE663A01033,SPLPETRO,INE663A01033,SUPREME PETROCHEM LIMITED,NSE,NSE_EQ
NSE_EQ|INE574G01013,VASUPRADA,INE574G01013,SHRI VASUPRADA PLANTATI L,NSE,NSE_EQ
NSE_EQ|INE00LM01029,SONAMLTD,INE00LM01029,SONAM LIMITED,NSE,NSE_EQ
NSE_EQ|INE542C01019,NKIND,INE542C01019,NK INDUSTRIES LTD,NSE,NSE_EQ
NSE_EQ|INE750A01020,ORIENTHOT,INE750A01020,ORIENT HOTELS LTD,NSE,NSE_EQ
NSE_EQ|INE630D01010,BRIGHTBR,INE630D01010,BRIGHT BROTHERS LTD.,NSE,NSE_EQ
NSE_EQ|INE415D01024,BHARATSE,INE415D01024,BHARAT SEATS LIMITED,NSE,NSE_EQ
NSE_EQ|INE189I01024,NELCAST,INE189I01024,NELCAST LIMITED,NSE,NSE_EQ
NSE_EQ|INE0B9A01018,BONLON,INE0B9A01018,BONLON INDUSTRIES LIMITED,NSE,NSE_EQ
NSE_EQ|INE462A01022,BAYERCROP,INE462A01022,BAYER CROPSCIENCE LTD,NSE,NSE_EQ
NSE_EQ|INE961O01016,RAINBOW,INE961O01016,RAINBOW CHILDRENS MED LTD,NSE,NSE_EQ
NSE_EQ|INE035D01020,SOTL,INE035D01020,SAVITA OIL TECHNOLO. LTD,NSE,NSE_EQ
NSE_EQ|INE203G01027,IGL,INE203G01027,INDRAPRASTHA GAS LTD,NSE,NSE_EQ
NSE_EQ|INE619B01017,NEWGEN,INE619B01017,NEWGEN SOFTWARE TECH LTD,NSE,NSE_EQ
NSE_EQ|INE109A01011,SCI,INE109A01011,SHIPPING CORP OF INDIA LT,NSE,NSE_EQ
NSE_EQ|INE330T01021,HAPPYFORGE,INE330T01021,HAPPY FORGINGS LIMITED,NSE,NSE_EQ
NSE_EQ|INE0PKD01011,MEIL,INE0PKD01011,MANGAL ELECTRICAL IND L,NSE,NSE_EQ
NSE_EQ|INE231C01019,SHREYANIND,INE231C01019,SHREYANS INDUSTRIES LTD,NSE,NSE_EQ
NSE_EQ|INE840Y01029,ONEPOINT,INE840Y01029,ONE POINT ONE SOL LTD,NSE,NSE_EQ
NSE_EQ|INE0OWZ01020,MVELECTRO,INE0OWZ01020,MV ELECTROSYSTEMS LIMITED,NSE,NSE_EQ
NSE_EQ|INE284H01025,DAMCAPITAL,INE284H01025,DAM CAPITAL ADVISORS LTD,NSE,NSE_EQ
NSE_EQ|INE183A01024,FINPIPE,INE183A01024,FINOLEX INDUSTRIES LTD,NSE,NSE_EQ
NSE_EQ|INE0RB801010,SENORES,INE0RB801010,SENORES PHARMACEUTICALS L,NSE,NSE_EQ
NSE_EQ|INE209A01019,SUNDROP,INE209A01019,SUNDROP BRANDS LIMITED,NSE,NSE_EQ
NSE_EQ|INE113A01013,GNFC,INE113A01013,GUJ NAR VAL FER & CHEM L,NSE,NSE_EQ
NSE_EQ|INE467B01029,TCS,INE467B01029,TATA CONSULTANCY SERV LT,NSE,NSE_EQ
NSE_EQ|INE566M01017,AZADIND,INE566M01017,AZAD INDIA MOBILITY LTD.,NSE,NSE_EQ
NSE_EQ|INE030C01015,ANSALBU,INE030C01015,ANSAL BUILDWELL LTD.,NSE,NSE_EQ
NSE_EQ|INE573A01042,JKTYRE,INE573A01042,JK TYRE & INDUSTRIES LTD,NSE,NSE_EQ
NSE_EQ|INE704G01024,BAJAJST,INE704G01024,BAJAJ STEEL INDS. LTD.,NSE,NSE_EQ
NSE_EQ|INE227C01017,MMFL,INE227C01017,MM FORGINGS LTD,NSE,NSE_EQ
NSE_EQ|INE850E01012,LFIC,INE850E01012,LAKSHMI FIN IND CORP LTD,NSE,NSE_EQ
NSE_EQ|INE451D01029,RAJRATAN,INE451D01029,RAJRATAN GLOBAL WIRE LTD,NSE,NSE_EQ
NSE_EQ|INE03JI01017,DGCONTENT,INE03JI01017,DIGICONTENT LIMITED,NSE,NSE_EQ
NSE_EQ|INE985A01022,SINCLAIR,INE985A01022,SINCLAIRS HOTELS LIMITED,NSE,NSE_EQ
NSE_EQ|INE806T01020,SAPPHIRE,INE806T01020,SAPPHIRE FOODS INDIA LTD,NSE,NSE_EQ
NSE_EQ|INE473A01011,LINDEINDIA,INE473A01011,LINDE INDIA LIMITED,NSE,NSE_EQ
NSE_EQ|INE756I01012,HDBFS,INE756I01012,HDB FINANCIAL SERVICES L,NSE,NSE_EQ
NSE_EQ|INE016M01021,DNAMEDIA,INE016M01021,DILIGENT MEDIA CORP LTD.,NSE,NSE_EQ
NSE_EQ|INE153T01027,BLS,INE153T01027,BLS INTL SERVS LTD,NSE,NSE_EQ
NSE_EQ|INE1FF001016,JKIPL,INE1FF001016,JINKUSHAL INDUSTRIES LTD,NSE,NSE_EQ
NSE_EQ|INE759A01021,MASTEK,INE759A01021,MASTEK LTD,NSE,NSE_EQ
NSE_EQ|INE258A01024,BEML,INE258A01024,BEML LIMITED,NSE,NSE_EQ
NSE_EQ|INE886D01026,EFCIL,INE886D01026,EFC (I) LIMITED,NSE,NSE_EQ
NSE_EQ|INE805C01028,KCP,INE805C01028,KCP LTD,NSE,NSE_EQ
NSE_EQ|INE896L01010,INDOSTAR,INE896L01010,INDOSTAR CAPITAL FIN LTD,NSE,NSE_EQ
NSE_EQ|INE0ONG01011,NTPCGREEN,INE0ONG01011,NTPC GREEN ENERGY LIMITED,NSE,NSE_EQ
NSE_EQ|INE979B01015,HAWKINCOOK,INE979B01015,HAWKINS COOKERS LTD,NSE,NSE_EQ
NSE_EQ|INE836B01017,SATIN,INE836B01017,SATIN CREDIT NET LTD,NSE,NSE_EQ
NSE_EQ|INE495C01010,SANGAMIND,INE495C01010,SANGAM (INDIA) LTD,NSE,NSE_EQ
NSE_EQ|INE00EV01017,HARIOMPIPE,INE00EV01017,HARIOM PIPE INDUSTRIES L,NSE,NSE_EQ
NSE_EQ|INE190H01024,SAKUMA,INE190H01024,SAKUMA EXPORTS LIMITED,NSE,NSE_EQ
NSE_EQ|INE149A01033,CHOLAHLDNG,INE149A01033,CHOLAMANDALAM FIN HOL LTD,NSE,NSE_EQ
NSE_EQ|INE749B01020,ORTINGLOBE,INE749B01020,ORTIN GLOBAL LIMITED,NSE,NSE_EQ
NSE_EQ|INE389C01015,MALLCOM,INE389C01015,MALLCOM (INDIA) LIMITED,NSE,NSE_EQ
NSE_EQ|INE551D01018,PAKKA,INE551D01018,PAKKA LIMITED,NSE,NSE_EQ
NSE_EQ|INE625B01014,RANASUG,INE625B01014,RANA SUGARS LTD.,NSE,NSE_EQ
NSE_EQ|INE831A01028,ONIDA,INE831A01028,ONIDA ELECTRONICS LIMITED,NSE,NSE_EQ
NSE_EQ|INE192B01031,WELSPUNLIV,INE192B01031,WELSPUN LIVING LIMITED,NSE,NSE_EQ
NSE_EQ|INE880Y01017,SOLEX,INE880Y01017,SOLEX ENERGY LIMITED,NSE,NSE_EQ
NSE_EQ|INE079A01024,AMBUJACEM,INE079A01024,AMBUJA CEMENTS LTD,NSE,NSE_EQ
NSE_EQ|INE457L01029,PGEL,INE457L01029,PG ELECTROPLAST LTD,NSE,NSE_EQ
NSE_EQ|INE147A01011,SPIC,INE147A01011,SPIC LTD,NSE,NSE_EQ
NSE_EQ|INE0J1Y01017,LICI,INE0J1Y01017,LIFE INSURA CORP OF INDIA,NSE,NSE_EQ
NSE_EQ|INE01QM01018,EMUDHRA,INE01QM01018,EMUDHRA LIMITED,NSE,NSE_EQ
NSE_EQ|INE260B01028,GODFRYPHLP,INE260B01028,GODFREY PHILLIPS INDIA LT,NSE,NSE_EQ
NSE_EQ|INE054C01015,WATERBASE,INE054C01015,WATERBASE LTD.,NSE,NSE_EQ
NSE_EQ|INE414B01021,ANTGRAPHIC,INE414B01021,ANTARCTICA LTD,NSE,NSE_EQ
NSE_EQ|INE533A01012,GOODYEAR,INE533A01012,GOODYEAR INDIA LIMITED,NSE,NSE_EQ
NSE_EQ|INE00WV01027,CMRGREEN,INE00WV01027,CMR GREEN TECHNOLOGIES L,NSE,NSE_EQ
NSE_EQ|INE753U01022,DIVGIITTS,INE753U01022,DIVGI TORQTRANSFER SYST L,NSE,NSE_EQ
NSE_EQ|INE047B01011,GILLANDERS,INE047B01011,GILLANDERS ARBUTHNOT LTD,NSE,NSE_EQ
NSE_EQ|INE718I01012,JSWCEMENT,INE718I01012,JSW CEMENT LIMITED,NSE,NSE_EQ
NSE_EQ|INE299U01018,CROMPTON,INE299U01018,CROMPT GREA CON ELEC LTD,NSE,NSE_EQ
NSE_EQ|INE040A01034,HDFCBANK,INE040A01034,HDFC BANK LTD,NSE,NSE_EQ
NSE_EQ|INE182D01020,MARATHON,INE182D01020,MARATHON NXTGEN REALT LTD,NSE,NSE_EQ
NSE_EQ|INE00RL01028,HILINFRA,INE00RL01028,HIGHWAY INFRASTRUCTURE L,NSE,NSE_EQ
NSE_EQ|INE050E01027,BALAMINES,INE050E01027,BALAJI AMINES LIMITED,NSE,NSE_EQ
NSE_EQ|INE196Y01018,WORTHPERI,INE196Y01018,WORTH PERIPHERALS LIMITED,NSE,NSE_EQ
NSE_EQ|INE200A01026,GVT&D,INE200A01026,GE VERNOVA T&D INDIA LTD,NSE,NSE_EQ
NSE_EQ|INE938A01021,LCCINFOTEC,INE938A01021,LCC INFOTECH LTD,NSE,NSE_EQ
NSE_EQ|INE00Q601028,STUDDS,INE00Q601028,STUDDS ACCESSORIES LTD,NSE,NSE_EQ
NSE_EQ|INE712K01011,SHREEPUSHK,INE712K01011,SHRE PUSH CHEM & FERT LTD,NSE,NSE_EQ
NSE_EQ|INE728Z01015,SOFTTECH,INE728Z01015,SOFTTECH ENGINEERS LTD,NSE,NSE_EQ
NSE_EQ|INE05HV01027,CMPDI,INE05HV01027,CENTRAL MINE P N D INST L,NSE,NSE_EQ
NSE_EQ|INE0E7301029,WAKEFIT,INE0E7301029,WAKEFIT INNOVATIONS LTD,NSE,NSE_EQ
NSE_EQ|INE270A01029,ALOKINDS,INE270A01029,ALOK INDUSTRIES LIMITED,NSE,NSE_EQ
NSE_EQ|INE0Y8W01025,AHCL,INE0Y8W01025,ANLON HEALTHCARE LIMITED,NSE,NSE_EQ
NSE_EQ|INE073V01015,COMSYN,INE073V01015,COMMERCIAL SYN BAGS LTD,NSE,NSE_EQ
NSE_EQ|INE297H01019,GALLANTT,INE297H01019,GALLANTT ISPAT LIMITED,NSE,NSE_EQ
NSE_EQ|INE371P01015,AMBER,INE371P01015,AMBER ENTERPRISES (I) LTD,NSE,NSE_EQ
NSE_EQ|INE516A01017,UFLEX,INE516A01017,UFLEX LIMITED,NSE,NSE_EQ
NSE_EQ|INE0N2P01017,RISHABH,INE0N2P01017,RISHABH INSTRUMENTS LTD,NSE,NSE_EQ
NSE_EQ|INE142I01023,TAKE,INE142I01023,TAKE LIMITED,NSE,NSE_EQ
NSE_EQ|INE0LP301011,PWL,INE0LP301011,PHYSICSWALLAH LIMITED,NSE,NSE_EQ
NSE_EQ|INE304D01012,SAMBANDAM,INE304D01012,SAMBANDAM SPINNING MILL L,NSE,NSE_EQ
NSE_EQ|INE326T01011,NIRAJISPAT,INE326T01011,NIRAJ ISPAT IND LTD,NSE,NSE_EQ
NSE_EQ|INE103C01036,SMCGLOBAL,INE103C01036,SMC GLOBAL SECURITIES LTD,NSE,NSE_EQ
NSE_EQ|INE314C01013,SOMATEX,INE314C01013,SOMA TEXTILES & INDUST LT,NSE,NSE_EQ
NSE_EQ|INE205B01031,ELECON,INE205B01031,ELECON ENG. CO. LTD,NSE,NSE_EQ
NSE_EQ|INE082W01014,WEWIN,INE082W01014,WE WIN LIMITED,NSE,NSE_EQ
NSE_EQ|INE690A01028,TTKPRESTIG,INE690A01028,TTK PRESTIGE LTD,NSE,NSE_EQ
NSE_EQ|INE486A01021,CESC,INE486A01021,CESC LTD,NSE,NSE_EQ
NSE_EQ|INE972A01020,KOTIC,INE972A01020,KOTHARI INDUSTRIAL CORP L,NSE,NSE_EQ
NSE_EQ|INE399G01023,RKFORGE,INE399G01023,RAMKRISHNA FORGINGS LTD,NSE,NSE_EQ
NSE_EQ|INE212I01016,SPAL,INE212I01016,S. P. APPARELS LIMITED,NSE,NSE_EQ
NSE_EQ|INE603J01030,PIIND,INE603J01030,PI INDUSTRIES LTD,NSE,NSE_EQ
NSE_EQ|INE691Z01023,GANGAFORGE,INE691Z01023,GANGA FORGING LIMITED,NSE,NSE_EQ
NSE_EQ|INE202E01016,IREDA,INE202E01016,INDIAN RENEWABLE ENERGY,NSE,NSE_EQ
NSE_EQ|INE663F01032,NAUKRI,INE663F01032,INFO EDGE (I) LTD,NSE,NSE_EQ
NSE_EQ|INE066A01021,EICHERMOT,INE066A01021,EICHER MOTORS LTD,NSE,NSE_EQ
NSE_EQ|INE844O01030,GUJENERGY,INE844O01030,GUJARAT ENERGY LIMITED,NSE,NSE_EQ
NSE_EQ|INE291E01019,PML,INE291E01019,PAUL MERCHANTS LTD.,NSE,NSE_EQ
NSE_EQ|INE844A01013,PEARLPOLY,INE844A01013,PEARL POLYMERS LTD,NSE,NSE_EQ
NSE_EQ|INE481N01025,HOMEFIRST,INE481N01025,HOME FIRST FIN CO IND LTD,NSE,NSE_EQ
NSE_EQ|INE0O6601022,KROSS,INE0O6601022,KROSS LIMITED,NSE,NSE_EQ
NSE_EQ|INE08U801020,SAMHI,INE08U801020,SAMHI HOTELS LIMITED,NSE,NSE_EQ
NSE_EQ|INE488A01050,CHEMPLASTS,INE488A01050,CHEMPLAST SANMAR LIMITED,NSE,NSE_EQ
NSE_EQ|INE0KQN01018,BAJEL,INE0KQN01018,BAJEL PROJECTS LIMITED,NSE,NSE_EQ
NSE_EQ|INE877V01027,SURAKSHA,INE877V01027,SURAKSHA DIAGNOSTIC LTD,NSE,NSE_EQ
NSE_EQ|INE153A01019,MTNL,INE153A01019,MAHANAGAR TELEPHONE NIGAM,NSE,NSE_EQ
NSE_EQ|INE2J8701016,SKFINDUS,INE2J8701016,SKF IND (INDUSTRIAL) LTD,NSE,NSE_EQ
NSE_EQ|INE997I01012,SHRIKRISH,INE997I01012,SHRI KRISHNA DEVCON LTD.,NSE,NSE_EQ
NSE_EQ|INE065D01027,AEROENTER,INE065D01027,AEROFLEX ENTERPRISES LTD,NSE,NSE_EQ
NSE_EQ|INE421D01022,CCL,INE421D01022,CCL PRODUCTS (I) LTD,NSE,NSE_EQ
NSE_EQ|INE364A01020,JAYSREETEA,INE364A01020,JAYSHREE TEA & INDUSTRIES,NSE,NSE_EQ
NSE_EQ|INE529A01010,FMGOETZE,INE529A01010,FEDERAL-MOGUL GOETZE (IND,NSE,NSE_EQ
NSE_EQ|INE592A01026,ORIENTPPR,INE592A01026,ORIENT PAPER AND INDS LTD,NSE,NSE_EQ
NSE_EQ|INE782X01033,SERVOTECH,INE782X01033,SERVOTECH REN POW SYS LTD,NSE,NSE_EQ
NSE_EQ|INE0Q3J01015,KRN,INE0Q3J01015,KRN HEAT EXCHANGE N REF L,NSE,NSE_EQ
NSE_EQ|INE0O9T01021,BAJAJINDEF,INE0O9T01021,INDEF MANUFACTURING LTD,NSE,NSE_EQ
NSE_EQ|INE277A01016,SWARAJENG,INE277A01016,SWARAJ ENGINES LTD,NSE,NSE_EQ
NSE_EQ|INE752E01010,POWERGRID,INE752E01010,POWER GRID CORP. LTD.,NSE,NSE_EQ
NSE_EQ|INE08ZM01014,GREENPANEL,INE08ZM01014,GREENPANEL INDUSTRIES LTD,NSE,NSE_EQ
NSE_EQ|INE0MIS01010,PYRAMID,INE0MIS01010,PYRAMID TECHNOPLAST LTD,NSE,NSE_EQ
NSE_EQ|INE405A01021,ULTRAMAR,INE405A01021,ULTRAMARINE & PIGMENTS L,NSE,NSE_EQ
NSE_EQ|INE158B01016,EIMCOELECO,INE158B01016,EIMCO ELECON (INDIA) LTD,NSE,NSE_EQ
NSE_EQ|INE185E01021,FILATFASH,INE185E01021,FILATEX FASHIONS LIMITED,NSE,NSE_EQ
NSE_EQ|INE392A01021,VISAKAIND,INE392A01021,VISAKA INDUSTRIES LIMITED,NSE,NSE_EQ
NSE_EQ|INE457G01029,ORIRAIL,INE457G01029,ORIENTAL RAIL INFRA L,NSE,NSE_EQ
NSE_EQ|INE103V01028,TRAVELFOOD,INE103V01028,TRAVEL FOOD SERVICES LTD,NSE,NSE_EQ
NSE_EQ|INE049A01027,HIMATSEIDE,INE049A01027,HIMATSINGKA SEIDE LTD,NSE,NSE_EQ
NSE_EQ|INE271C01023,DLF,INE271C01023,DLF LIMITED,NSE,NSE_EQ
NSE_EQ|INE391D01019,TRF,INE391D01019,TRF LIMITED,NSE,NSE_EQ
NSE_EQ|INE037Z01029,CEWATER,INE037Z01029,CONCORD ENVIRO SYSTEMS L,NSE,NSE_EQ
NSE_EQ|INE318A01026,PIDILITIND,INE318A01026,PIDILITE INDUSTRIES LTD,NSE,NSE_EQ
NSE_EQ|INE652F01027,CCHHL,INE652F01027,COUNTRY CLUB HOSP HOL LTD,NSE,NSE_EQ
NSE_EQ|INE275B01026,HUHTAMAKI,INE275B01026,HUHTAMAKI INDIA LIMITED,NSE,NSE_EQ
NSE_EQ|INE618N01022,BALAXI,INE618N01022,BALAXI PHARMA LTD,NSE,NSE_EQ
NSE_EQ|INE669X01032,GEEKAYWIRE,INE669X01032,GEEKAY WIRES LIMITED,NSE,NSE_EQ
NSE_EQ|INE786W01010,RKEC,INE786W01010,RKEC PROJECTS LIMITED,NSE,NSE_EQ
NSE_EQ|INE348L01012,MASFIN,INE348L01012,MAS FINANCIAL SERV LTD,NSE,NSE_EQ
NSE_EQ|INE164A01016,BALMLAWRIE,INE164A01016,BALMER LAWRIE & CO LTD,NSE,NSE_EQ
NSE_EQ|INE0CT101020,MOL,INE0CT101020,MEGHMANI ORGANICS LIMITED,NSE,NSE_EQ
NSE_EQ|INE966A01022,DOLATALGO,INE966A01022,DOLAT ALGOTECH LIMITED,NSE,NSE_EQ
NSE_EQ|INE208C01025,AEGISLOG,INE208C01025,AEGIS LOGISTICS LIMITED,NSE,NSE_EQ
NSE_EQ|INE758C01029,AHLUCONT,INE758C01029,AHLUWALIA CONT IND LTD,NSE,NSE_EQ
NSE_EQ|INE742B01025,GUFICBIO,INE742B01025,GUFIC BIOSCIENCES LTD.,NSE,NSE_EQ
NSE_EQ|INE081G01019,KANCHI,INE081G01019,KANCHI KARPOORAM LTD.,NSE,NSE_EQ
NSE_EQ|INE305A01023,TFCILTD,INE305A01023,TOURISM FINANCE CORP. OF,NSE,NSE_EQ
NSE_EQ|INE694N01015,HERANBA,INE694N01015,HERANBA INDUSTRIES LTD,NSE,NSE_EQ
NSE_EQ|INE0NQ801033,RKSWAMY,INE0NQ801033,R K SWAMY LIMITED,NSE,NSE_EQ
NSE_EQ|INE520A01027,ZENSARTECH,INE520A01027,ZENSAR TECHNOLOGIES  LTD,NSE,NSE_EQ
NSE_EQ|INE439E01022,SKIPPER,INE439E01022,SKIPPER LIMITED,NSE,NSE_EQ
NSE_EQ|INE0OJW01016,ROSSTECH,INE0OJW01016,ROSSELL TECHSYS LIMITED,NSE,NSE_EQ
NSE_EQ|INE818H01020,LTFOODS,INE818H01020,LT FOODS LIMITED,NSE,NSE_EQ
NSE_EQ|INE499A01024,DCMSHRIRAM,INE499A01024,DCM SHRIRAM LIMITED,NSE,NSE_EQ
NSE_EQ|INE976E01023,FOODSIN,INE976E01023,FOODS & INNS LIMITED,NSE,NSE_EQ
NSE_EQ|INE019J01013,HEALTHX,INE019J01013,HEALTH X PLATFORM LIMITED,NSE,NSE_EQ
NSE_EQ|INE497B01018,SEAMECLTD,INE497B01018,SEAMEC LIMITED,NSE,NSE_EQ
NSE_EQ|INE063E01061,POCL,INE063E01061,PONDY OXIDES & CHEM LTD,NSE,NSE_EQ
NSE_EQ|INE306R01017,INTELLECT,INE306R01017,INTELLECT DESIGN ARENA,NSE,NSE_EQ
NSE_EQ|INE551W01018,UJJIVANSFB,INE551W01018,UJJIVAN SMALL FINANC BANK,NSE,NSE_EQ
NSE_EQ|INE908D01010,SHAKTIPUMP,INE908D01010,SHAKTI PUMPS (I) LTD,NSE,NSE_EQ
NSE_EQ|INE042A01014,ESCORTS,INE042A01014,ESCORTS KUBOTA LIMITED,NSE,NSE_EQ
NSE_EQ|INE312C01025,SYNCOMF,INE312C01025,SYNCOM FORMU (I) LTD,NSE,NSE_EQ
NSE_EQ|INE759F01012,AUSTENG,INE759F01012,AUSTIN ENGINEERING CO. L,NSE,NSE_EQ
NSE_EQ|INE638B01025,HBPOR,INE638B01025,HB PORTFOLIO LTD.,NSE,NSE_EQ
NSE_EQ|INE855A01019,WHBRADY,INE855A01019,W H BRADY & CO. LTD.,NSE,NSE_EQ
NSE_EQ|INE051B01021,VAKRANGEE,INE051B01021,VAKRANGEE LIMITED,NSE,NSE_EQ
NSE_EQ|INE668G01021,ELDEHSG,INE668G01021,ELDECO HSG & IND LTD.,NSE,NSE_EQ
NSE_EQ|INE874F01027,RADAAN,INE874F01027,RADAAN MEDIAWORKS (I) LTD,NSE,NSE_EQ
NSE_EQ|INE204E01012,AGARIND,INE204E01012,AGARWAL INDS CORP LTD.,NSE,NSE_EQ
NSE_EQ|INE01NH01023,DHOOTTRANS,INE01NH01023,DHOOT TRANSMISSION LTD,NSE,NSE_EQ
NSE_EQ|INE869I01013,GTPL,INE869I01013,GTPL HATHWAY LIMITED,NSE,NSE_EQ
NSE_EQ|INE399C01030,SUPRAJIT,INE399C01030,SUPRAJIT ENGINEERING LTD,NSE,NSE_EQ
NSE_EQ|INE173M01012,ONIXSOLAR,INE173M01012,ONIX SOLAR ENERGY LTD.,NSE,NSE_EQ
NSE_EQ|INE176A01028,BATAINDIA,INE176A01028,BATA INDIA LTD,NSE,NSE_EQ
NSE_EQ|INE898Q01015,MIIL,INE898Q01015,MEGHNA INFRACON INFRA L,NSE,NSE_EQ
NSE_EQ|INE064C01022,TRIDENT,INE064C01022,TRIDENT LIMITED,NSE,NSE_EQ
NSE_EQ|INE285K01026,TECHNOE,INE285K01026,TECHNO ELEC & ENG CO. LTD,NSE,NSE_EQ
NSE_EQ|INE256C01024,TRIVENI,INE256C01024,TRIVENI ENGG. & INDS. LTD,NSE,NSE_EQ
NSE_EQ|INE992I01013,STARTECK,INE992I01013,STARTECK FINANCE LIMITED,NSE,NSE_EQ
NSE_EQ|INE755Q01025,VISHAL,INE755Q01025,VISHAL FABRICS LTD.,NSE,NSE_EQ
NSE_EQ|INE274F01020,WESTLIFE,INE274F01020,WESTLIFE FOODWORLD LTD,NSE,NSE_EQ
NSE_EQ|INE844K01012,BEDMUTHA,INE844K01012,BEDMUTHA INDUST LTD,NSE,NSE_EQ
NSE_EQ|INE947Q01028,LAURUSLABS,INE947Q01028,LAURUS LABS LIMITED,NSE,NSE_EQ
NSE_EQ|INE411F01010,KAMAHOLD,INE411F01010,KAMA HOLDINGS LTD.,NSE,NSE_EQ
NSE_EQ|INE913H01037,ENDURANCE,INE913H01037,ENDURANCE TECHNO. LTD.,NSE,NSE_EQ
NSE_EQ|INE490G01020,MOIL,INE490G01020,MOIL LIMITED,NSE,NSE_EQ
NSE_EQ|INE918I01026,BAJAJFINSV,INE918I01026,BAJAJ FINSERV LTD.,NSE,NSE_EQ
NSE_EQ|INE360L01017,FMNL,INE360L01017,FUTURE MKT NETWORKS LTD,NSE,NSE_EQ
NSE_EQ|INE933X01016,SHANTI,INE933X01016,SHANTI OVERSEAS INDIA LTD,NSE,NSE_EQ
NSE_EQ|INE758E01017,JIOFIN,INE758E01017,JIO FIN SERVICES LTD,NSE,NSE_EQ
NSE_EQ|INE001E01012,PREMCO,INE001E01012,PREMCO GLOBAL LTD.,NSE,NSE_EQ
NSE_EQ|INE089A01031,DRREDDY,INE089A01031,DR. REDDY S LABORATORIES,NSE,NSE_EQ
NSE_EQ|INE456Z01021,MEDIASSIST,INE456Z01021,MEDI ASSIST HEALTH SER L,NSE,NSE_EQ
NSE_EQ|INE771A01026,MIRZAINT,INE771A01026,MIRZA INTERNATIONAL LIMIT,NSE,NSE_EQ
NSE_EQ|INE251B01027,ZENTEC,INE251B01027,ZEN TECHNOLOGIES LIMITED,NSE,NSE_EQ
NSE_EQ|INE0ADB01012,INNOVISION,INE0ADB01012,INNOVISION LIMITED,NSE,NSE_EQ
NSE_EQ|INE705X01026,GOYALALUM,INE705X01026,GOYAL ALUMINIUMS LIMITED,NSE,NSE_EQ
NSE_EQ|INE633B01018,POLYPLEX,INE633B01018,POLYPLEX CORPORATION LTD,NSE,NSE_EQ
NSE_EQ|INE372E01025,BIRLAPREC,INE372E01025,BIRLA PRECISION TECH L,NSE,NSE_EQ
NSE_EQ|INE575P01011,STARHEALTH,INE575P01011,STAR HEALTH & AL INS CO L,NSE,NSE_EQ
NSE_EQ|INE778B01029,ESTER,INE778B01029,ESTER INDUSTRIES LTD,NSE,NSE_EQ
NSE_EQ|INE299D01022,HAMPTON,INE299D01022,HAMPTON SKY REALTY LTD.,NSE,NSE_EQ
NSE_EQ|INE142K01011,AURUS,INE142K01011,AURUS GEM CORP LIMITED,NSE,NSE_EQ
NSE_EQ|INE351A01035,UNICHEMLAB,INE351A01035,UNICHEM LABORATORIES LTD,NSE,NSE_EQ
NSE_EQ|INE863B01029,PREMEXPLN,INE863B01029,PREMIER EXPLOSIVES LTD,NSE,NSE_EQ
NSE_EQ|INE358U01012,ZOTA,INE358U01012,ZOTA HEALTH CARE LIMITED,NSE,NSE_EQ
NSE_EQ|INE666D01022,BORORENEW,INE666D01022,BOROSIL RENEWABLES LTD,NSE,NSE_EQ
NSE_EQ|INE505A01010,DMCC,INE505A01010,DMCC SPECIALITY CHEMICALS,NSE,NSE_EQ
NSE_EQ|INE732S01012,SAKAR,INE732S01012,SAKAR HEALTHCARE LIMITED,NSE,NSE_EQ
NSE_EQ|INE912T01018,RPEL,INE912T01018,RAGHAV PRODUCTIVITY ENH L,NSE,NSE_EQ
NSE_EQ|INE501G01024,HTMEDIA,INE501G01024,HT MEDIA LIMITED,NSE,NSE_EQ
NSE_EQ|INE336X01012,TOTAL,INE336X01012,TOTAL TRANSPORT SYS LTD,NSE,NSE_EQ
NSE_EQ|INE195J01029,PNCINFRA,INE195J01029,PNC INFRATECH LTD.,NSE,NSE_EQ
NSE_EQ|INE533C01018,KJMCFIN,INE533C01018,K J M C FINANCIAL SERV L,NSE,NSE_EQ
NSE_EQ|INE834M01019,RTNINDIA,INE834M01019,RATTANINDIA ENT LIMITED,NSE,NSE_EQ
NSE_EQ|INE526E01018,SHRIPISTON,INE526E01018,SPR AUTO TECHNOLOGIES LTD,NSE,NSE_EQ
NSE_EQ|INE544H01014,JHS,INE544H01014,JHS SVEND. LAB. LTD,NSE,NSE_EQ
NSE_EQ|INE848E01016,NHPC,INE848E01016,NHPC LTD,NSE,NSE_EQ
NSE_EQ|INE253B01015,21STCENMGM,INE253B01015,21ST CENTURY MGMT SERVICE,NSE,NSE_EQ
NSE_EQ|INE324L01013,RPPINFRA,INE324L01013,R.P.P INFRA PROJECTS LTD,NSE,NSE_EQ
NSE_EQ|INE0PB301013,SCILAL,INE0PB301013,SHIPPING CORP OF ILA LTD,NSE,NSE_EQ
NSE_EQ|INE686A01026,CEMPRO,INE686A01026,CEMINDIA PROJECTS LIMITED,NSE,NSE_EQ
NSE_EQ|INE1VXE01018,STLNETWORK,INE1VXE01018,STL NETWORKS LIMITED,NSE,NSE_EQ
NSE_EQ|INE314H01012,TECHNVISN,INE314H01012,TECHNVISION VENTURES LTD.,NSE,NSE_EQ
NSE_EQ|INE087Z01024,AAKASH,INE087Z01024,AAKASH EXPLORATION SER L,NSE,NSE_EQ
NSE_EQ|INE768C01028,ZYDUSWELL,INE768C01028,ZYDUS WELLNESS LIMITED,NSE,NSE_EQ
NSE_EQ|INE071N01016,EPIGRAL,INE071N01016,EPIGRAL LIMITED,NSE,NSE_EQ
NSE_EQ|INE852O01025,APTUS,INE852O01025,APTUS VALUE HSG FIN I LTD,NSE,NSE_EQ
NSE_EQ|INE943D01017,MPSLTD,INE943D01017,MPS LIMITED,NSE,NSE_EQ
NSE_EQ|INE0LQS01015,TIPSFILMS,INE0LQS01015,TIPS FILMS LIMITED,NSE,NSE_EQ
NSE_EQ|INE05CZ01011,RATNAVEER,INE05CZ01011,RATNAVEER PRECISION ENG L,NSE,NSE_EQ
NSE_EQ|INE141D01018,TNTELE,INE141D01018,TAMILNADU TELECOMMUNICATI,NSE,NSE_EQ
NSE_EQ|INE400A01014,TUTIALKA,INE400A01014,TUTICORIN ALKAL CH & FE L,NSE,NSE_EQ
NSE_EQ|INE0NN701020,ATL,INE0NN701020,ALLCARGO TERMINALS LTD,NSE,NSE_EQ
NSE_EQ|INE560K01014,PFS,INE560K01014,PTC INDIA FIN SERV LTD,NSE,NSE_EQ
NSE_EQ|INE545A01024,HEG,INE545A01024,HEG LTD,NSE,NSE_EQ
NSE_EQ|INE415A01038,AGI,INE415A01038,AGI GREENPAC LIMITED,NSE,NSE_EQ
NSE_EQ|INE011D01013,SHERVANI,INE011D01013,SHERVANI INDUSTRIAL SYN L,NSE,NSE_EQ
NSE_EQ|INE964H01014,SEPC,INE964H01014,SEPC LIMITED,NSE,NSE_EQ
NSE_EQ|INE137M01017,SAB,INE137M01017,S A B INDUSTRIES LTD.,NSE,NSE_EQ
NSE_EQ|INE630A01024,SESHAPAPER,INE630A01024,SESHASAYEE PAPER & BOARDS,NSE,NSE_EQ
NSE_EQ|INE900C01027,ASAL,INE900C01027,AUTOMOTIVE STAMPINGS & AS,NSE,NSE_EQ
NSE_EQ|INE218C01016,AUSOMENT,INE218C01016,AUSOM ENTERPRISE LIMITED,NSE,NSE_EQ
NSE_EQ|INE982J01020,PAYTM,INE982J01020,ONE 97 COMMUNICATIONS LTD,NSE,NSE_EQ
NSE_EQ|INE500A01029,DCW,INE500A01029,DCW LTD,NSE,NSE_EQ
NSE_EQ|INE835A01029,VARDMNPOLY,INE835A01029,VARDHMAN POLYTEX LTD.,NSE,NSE_EQ
NSE_EQ|INE0NG701011,XTRANET,INE0NG701011,XTRANET TECHNOLOGIES LTD,NSE,NSE_EQ
NSE_EQ|INE197J01017,LPDC,INE197J01017,LANDMARK PR.DEV.CO.LTD,NSE,NSE_EQ
NSE_EQ|INE205C01021,POLYMED,INE205C01021,POLY MEDICURE LIMITED,NSE,NSE_EQ
NSE_EQ|INE865T01018,PDMJEPAPER,INE865T01018,PUDUMJEE PAPER PRO. LTD,NSE,NSE_EQ
NSE_EQ|INE395N01027,TVSSCS,INE395N01027,TVS SUPPLY CHAIN SOL L,NSE,NSE_EQ
NSE_EQ|INE571B01036,JAYBARMARU,INE571B01036,JAY BHARAT MARUTI LTD,NSE,NSE_EQ
NSE_EQ|INE850B01026,ABMKNO,INE850B01026,A B M KNOWLEDGEWARE LTD.,NSE,NSE_EQ
NSE_EQ|INE634I01029,KNRCON,INE634I01029,KNR CONSTRU LTD.,NSE,NSE_EQ
NSE_EQ|INE761H01022,PAGEIND,INE761H01022,PAGE INDUSTRIES LTD,NSE,NSE_EQ
NSE_EQ|INE342J01019,ZFCVINDIA,INE342J01019,ZF COM VE CTR SYS IND LTD,NSE,NSE_EQ
NSE_EQ|INE781S01027,VENTIVE,INE781S01027,VENTIVE HOSPITALITY LTD,NSE,NSE_EQ
NSE_EQ|INE0DUT01020,INNOVACAP,INE0DUT01020,INNOVA CAPTAB LIMITED,NSE,NSE_EQ
NSE_EQ|INE13B501022,SAATVIKGL,INE13B501022,SAATVIK GREEN ENERGY LTD,NSE,NSE_EQ
NSE_EQ|INE615R01029,TRU,INE615R01029,TRUCAP FINANCE LIMITED,NSE,NSE_EQ
NSE_EQ|INE694E01014,KANPRPLA,INE694E01014,KANPUR PLASTIPACK LIMITED,NSE,NSE_EQ
NSE_EQ|INE510W01014,INOXGREEN,INE510W01014,INOX GREEN ENERGY SER LTD,NSE,NSE_EQ
NSE_EQ|INE386C01029,ASTRAMICRO,INE386C01029,ASTRA MICROWAVE LTD,NSE,NSE_EQ
NSE_EQ|INE754X01016,AARVI,INE754X01016,AARVI ENCON LIMITED,NSE,NSE_EQ
NSE_EQ|INE855C01023,WEBELSOLAR,INE855C01023,WEBSOL ENERGY SYSTEM LTD,NSE,NSE_EQ
NSE_EQ|INE564J01026,SHRJAGP,INE564J01026,SHRI JAGDAMBA POLYMERS L,NSE,NSE_EQ
NSE_EQ|INE451A01017,FORCEMOT,INE451A01017,FORCE MOTORS LIMITED,NSE,NSE_EQ
NSE_EQ|INE0R4L01018,DENTA,INE0R4L01018,DENTA WATER N INFRA SOL L,NSE,NSE_EQ
NSE_EQ|INE0WO601020,LAXMIDENTL,INE0WO601020,LAXMI DENTAL LIMITED,NSE,NSE_EQ
NSE_EQ|INE022I01019,ASIANTILES,INE022I01019,ASIAN GRANITO IND. LTD.,NSE,NSE_EQ
NSE_EQ|INE494B01023,TVSMOTOR,INE494B01023,TVS MOTOR COMPANY  LTD,NSE,NSE_EQ
NSE_EQ|INE236Y01012,NGIL,INE236Y01012,NAKODA GROUP OF IND. LTD,NSE,NSE_EQ
NSE_EQ|INE764D01017,VSTTILLERS,INE764D01017,VST TILLERS TRACTORS LTD,NSE,NSE_EQ
NSE_EQ|INE786A01032,JKLAKSHMI,INE786A01032,JK LAKSHMI CEMENT LTD,NSE,NSE_EQ
NSE_EQ|INE0LXT01019,REDTAPE,INE0LXT01019,REDTAPE LIMITED,NSE,NSE_EQ
NSE_EQ|INE740D01017,NRAIL,INE740D01017,N R AGARWAL INDS LTD,NSE,NSE_EQ
NSE_EQ|INE887G01027,GOKEX,INE887G01027,GOKALDAS EXPORTS LTD.,NSE,NSE_EQ
NSE_EQ|INE015C01016,TINNARUBR,INE015C01016,TINNA RUBBER AND INFR LTD,NSE,NSE_EQ
NSE_EQ|INE039C01032,JAMNAAUTO,INE039C01032,JAMNA AUTO IND LTD,NSE,NSE_EQ
NSE_EQ|INE401H01017,KKCL,INE401H01017,KEWAL KIRAN CLOTHING LTD,NSE,NSE_EQ
NSE_EQ|INE603A01013,PRAKASH,INE603A01013,PRAKASH INDUSTRIES LTD,NSE,NSE_EQ
NSE_EQ|INE595R01023,EASTWEST,INE595R01023,EAST WEST FREIGHT CARRI L,NSE,NSE_EQ
NSE_EQ|INE133E01013,TI,INE133E01013,TILAKNAGAR INDUSTRIES LTD,NSE,NSE_EQ
NSE_EQ|INE673O01025,TBOTEK,INE673O01025,TBO TEK LIMITED,NSE,NSE_EQ
NSE_EQ|INE19RI01016,TENNIND,INE19RI01016,TENNECO CLEAN AIR INDIA L,NSE,NSE_EQ
NSE_EQ|INE05C901015,JNPR,INE05C901015,JUNIPER GREEN ENERGY LTD,NSE,NSE_EQ
NSE_EQ|INE646L01027,INDIGO,INE646L01027,INTERGLOBE AVIATION LTD,NSE,NSE_EQ
NSE_EQ|INE558A01019,IPRINGLTD,INE558A01019,IP RINGS LTD.,NSE,NSE_EQ
NSE_EQ|INE0V6F01027,HYUNDAI,INE0V6F01027,HYUNDAI MOTOR INDIA LTD,NSE,NSE_EQ
NSE_EQ|INE010B01027,ZYDUSLIFE,INE010B01027,ZYDUS LIFESCIENCES LTD,NSE,NSE_EQ
NSE_EQ|INE302A01020,EXIDEIND,INE302A01020,EXIDE INDUSTRIES LTD,NSE,NSE_EQ
NSE_EQ|INE046A01015,RIIL,INE046A01015,RELIANCE INDUSTRIAL INFRA,NSE,NSE_EQ
NSE_EQ|INE0KCE01017,EUREKAFORB,INE0KCE01017,EUREKA FORBES LIMITED,NSE,NSE_EQ
NSE_EQ|INE062D01024,ALICON,INE062D01024,ALICON CASTALLOY LIMITED,NSE,NSE_EQ
NSE_EQ|INE0BY001018,JUBLINGREA,INE0BY001018,JUBILANT INGREVIA LIMITED,NSE,NSE_EQ
NSE_EQ|INE1B6101010,SHREEJISPG,INE1B6101010,SHREEJI SHIPPING GLOBAL L,NSE,NSE_EQ
NSE_EQ|INE0B9K01025,BANSALWIRE,INE0B9K01025,BANSAL WIRE INDUSTRIES L,NSE,NSE_EQ
NSE_EQ|INE645S01024,ROLEXRINGS,INE645S01024,ROLEX RINGS LIMITED,NSE,NSE_EQ
NSE_EQ|INE108E01023,SUNDARAM,INE108E01023,SUNDARAM MULTI PAP LTD,NSE,NSE_EQ
NSE_EQ|INE823B01015,COMPEAU,INE823B01015,COMPETENT AUTOMOB CO. L,NSE,NSE_EQ
NSE_EQ|INE305C01029,PANAMAPET,INE305C01029,PANAMA PETROCHEM LTD,NSE,NSE_EQ
NSE_EQ|INE161A01038,NIITLTD,INE161A01038,NIIT LIMITED,NSE,NSE_EQ
NSE_EQ|INE0PEQ01016,RBZJEWEL,INE0PEQ01016,RBZ JEWELLERS LIMITED,NSE,NSE_EQ
NSE_EQ|INE810G01011,SHYAMMETL,INE810G01011,SHYAM METALICS AND ENGY L,NSE,NSE_EQ
NSE_EQ|INE212S01015,FRACTAL,INE212S01015,FRACTAL ANALYTICS LIMITED,NSE,NSE_EQ
NSE_EQ|INE951M01037,RRIL,INE951M01037,R R I L LTD.,NSE,NSE_EQ
NSE_EQ|INE351F01018,JPPOWER,INE351F01018,JAIPRAKASH POWER VEN. LTD,NSE,NSE_EQ
NSE_EQ|INE420C01059,PAISALO,INE420C01059,PAISALO DIGITAL LIMITED,NSE,NSE_EQ
NSE_EQ|INE117B01020,CURAA,INE117B01020,CURA TECHNOLOGIES LIMITED,NSE,NSE_EQ
NSE_EQ|INE0DAB01012,RVTH,INE0DAB01012,REVATHI EQUIPMENT INDIA L,NSE,NSE_EQ
NSE_EQ|INE217A01012,ZUARIIND,INE217A01012,ZUARI INDUSTRIES LIMITED,NSE,NSE_EQ
NSE_EQ|INE634S01028,MANKIND,INE634S01028,MANKIND PHARMA LIMITED,NSE,NSE_EQ
NSE_EQ|INE080A01014,WEIZMANIND,INE080A01014,WEIZMANN LTD,NSE,NSE_EQ
NSE_EQ|INE458F01011,UNITEDTEA,INE458F01011,UNITED NILGIRI TEA LTD,NSE,NSE_EQ
NSE_EQ|INE304A01026,MUKANDLTD,INE304A01026,MUKAND LTD.,NSE,NSE_EQ
NSE_EQ|INE602W01027,SENCO,INE602W01027,SENCO GOLD LIMITED,NSE,NSE_EQ
NSE_EQ|INE191B01025,WELCORP,INE191B01025,WELSPUN CORP LIMITED,NSE,NSE_EQ
NSE_EQ|INE068B01017,SEKURITIND,INE068B01017,SAINT GOBAIN SEKUR IND L,NSE,NSE_EQ
NSE_EQ|INE110A01019,BPL,INE110A01019,BPL LTD,NSE,NSE_EQ
NSE_EQ|INE0PSC01024,DIGIDRIVE,INE0PSC01024,DIGIDRIVE DISTRIBUTORS L,NSE,NSE_EQ
NSE_EQ|INE597L01014,LOVABLE,INE597L01014,LOVABLE LINGERIE LTD,NSE,NSE_EQ
NSE_EQ|INE09KD01013,ATAM,INE09KD01013,ATAM VALVES LIMITED,NSE,NSE_EQ
NSE_EQ|INE1EEM01017,BLEL,INE1EEM01017,BEHARI LAL ENGINEERING L,NSE,NSE_EQ
NSE_EQ|INE397D01024,BHARTIARTL,INE397D01024,BHARTI AIRTEL LIMITED,NSE,NSE_EQ
NSE_EQ|INE192R01011,DMART,INE192R01011,AVENUE SUPERMARTS LIMITED,NSE,NSE_EQ
NSE_EQ|INE234A01025,NOVARTIND,INE234A01025,NOVARTIS INDIA LIMITED,NSE,NSE_EQ
NSE_EQ|INE418L01047,NAZARA,INE418L01047,NAZARA TECHNOLOGIES LTD,NSE,NSE_EQ
NSE_EQ|INE928C01010,DAICHI,INE928C01010,DAI-ICHI KARKARIA LTD.,NSE,NSE_EQ
NSE_EQ|INE713R01022,GSPCROP,INE713R01022,GSP CROP SCIENCE LIMITED,NSE,NSE_EQ
NSE_EQ|INE266Y01019,DPABHUSHAN,INE266Y01019,D. P. ABHUSHAN LIMITED,NSE,NSE_EQ
NSE_EQ|INE757C01021,ADDIND,INE757C01021,ADDI INDUSTRIES LTD.,NSE,NSE_EQ
NSE_EQ|INE686F01025,UBL,INE686F01025,UNITED BREWERIES LTD,NSE,NSE_EQ
NSE_EQ|INE646B01010,MEDICAMEQ,INE646B01010,MEDICAMEN BIOTECH LIMITED,NSE,NSE_EQ
NSE_EQ|INE0YD401026,JAINREC,INE0YD401026,JAIN RESOURCE RECYCLING L,NSE,NSE_EQ
NSE_EQ|INE123F01029,MMTC,INE123F01029,MMTC LIMITED,NSE,NSE_EQ
NSE_EQ|INE008A01015,IDBI,INE008A01015,IDBI BANK LIMITED,NSE,NSE_EQ
NSE_EQ|INE202B01038,PIRAMALFIN,INE202B01038,PIRAMAL FINANCE LIMITED,NSE,NSE_EQ
NSE_EQ|INE884A01027,VAIBHAVGBL,INE884A01027,VAIBHAV GLOBAL LIMITED,NSE,NSE_EQ
NSE_EQ|INE461D01028,HLEGLAS,INE461D01028,HLE GLASCOAT LIMITED,NSE,NSE_EQ
NSE_EQ|INE321T01012,DOMS,INE321T01012,DOMS INDUSTRIES LIMITED,NSE,NSE_EQ
NSE_EQ|INE0J5801029,JSLL,INE0J5801029,JEENA SIKHO LIFECARE LTD,NSE,NSE_EQ
NSE_EQ|INE256H01015,DYNPRO,INE256H01015,DYNEMIC PRODUCTS LIMITED,NSE,NSE_EQ
NSE_EQ|INE038F01029,TVTODAY,INE038F01029,TV TODAY NETWORK LTD,NSE,NSE_EQ
NSE_EQ|INE741A01011,MYSORPETRO,INE741A01011,MYSORE PETRO CHEMICALS L,NSE,NSE_EQ
NSE_EQ|INE686Y01026,FINEORG,INE686Y01026,FINE ORGANIC IND. LTD.,NSE,NSE_EQ
NSE_EQ|INE144J01027,20MICRONS,INE144J01027,20 MICRONS LTD,NSE,NSE_EQ
NSE_EQ|INE0HV901016,IXIGO,INE0HV901016,LE TRAVENUES TECHNOLOGY L,NSE,NSE_EQ
NSE_EQ|INE511Y01018,MMP,INE511Y01018,MMP INDUSTRIES LIMITED,NSE,NSE_EQ
NSE_EQ|INE771F01041,FISCHER,INE771F01041,FISCHER MEDICAL VENTURE L,NSE,NSE_EQ
NSE_EQ|INE318C01014,SAYAJIHOTL,INE318C01014,SAYAJI HOTELS LTD.,NSE,NSE_EQ
NSE_EQ|INE020J01029,GOKUL,INE020J01029,GOKUL REFOILS & SOLV LTD,NSE,NSE_EQ
NSE_EQ|INE398A01010,VENKEYS,INE398A01010,VENKY S (INDIA) LIMITED,NSE,NSE_EQ
NSE_EQ|INE933S01016,INDIAMART,INE933S01016,INDIAMART INTERMESH LTD,NSE,NSE_EQ
NSE_EQ|INE02IJ01035,AZAD,INE02IJ01035,AZAD ENGINEERING LIMITED,NSE,NSE_EQ
NSE_EQ|INE177C01022,BATLIBOI,INE177C01022,BATLIBOI LTD.,NSE,NSE_EQ
NSE_EQ|INE059A01026,CIPLA,INE059A01026,CIPLA LTD,NSE,NSE_EQ
NSE_EQ|INE732I01021,ANGELONE,INE732I01021,ANGEL ONE LIMITED,NSE,NSE_EQ
NSE_EQ|INE01IU01018,SKYGOLD,INE01IU01018,SKY GOLD AND DIAMONDS LTD,NSE,NSE_EQ
NSE_EQ|INE351Y01019,BETA,INE351Y01019,BETA DRUGS LIMITED,NSE,NSE_EQ
NSE_EQ|INE426A01027,ALEMBICLTD,INE426A01027,ALEMBIC LIMITED,NSE,NSE_EQ
NSE_EQ|INE087B01017,ANIKINDS,INE087B01017,ANIK INDUSTRIES LTD,NSE,NSE_EQ
NSE_EQ|INE149K01016,SANDUMA,INE149K01016,SANDUR MANG & IRON ORES L,NSE,NSE_EQ
NSE_EQ|INE094I01018,KOLTEPATIL,INE094I01018,KOLTE PATIL DEV. LTD.,NSE,NSE_EQ
NSE_EQ|INE0KBH01020,BLUEJET,INE0KBH01020,BLUE JET HEALTHCARE LTD,NSE,NSE_EQ
NSE_EQ|INE760A01029,KOKUYOCMLN,INE760A01029,KOKUYO CAMLIN LIMITED,NSE,NSE_EQ
NSE_EQ|INE722J01012,RKDL,INE722J01012,RAVI KUMAR DIST. LTD.,NSE,NSE_EQ
NSE_EQ|INE0CAZ01013,URBANCO,INE0CAZ01013,URBAN COMPANY LIMITED,NSE,NSE_EQ
NSE_EQ|INE0GMR01016,SWARAJ,INE0GMR01016,SWARAJ SUITING LIMITED,NSE,NSE_EQ
NSE_EQ|INE998H01012,ORIENTALTL,INE998H01012,ORIENTAL TRIMEX LTD,NSE,NSE_EQ
NSE_EQ|INE442D01010,MEDICAPQ,INE442D01010,MEDI CAPS LTD.,NSE,NSE_EQ
NSE_EQ|INE00E101023,BIKAJI,INE00E101023,BIKAJI FOODS INTERN LTD,NSE,NSE_EQ
NSE_EQ|INE725G01011,ICRA,INE725G01011,ICRA LIMITED,NSE,NSE_EQ
NSE_EQ|INE660A01013,SUNDARMFIN,INE660A01013,SUNDARAM FINANCE LTD,NSE,NSE_EQ
NSE_EQ|INE572D01014,FRONTSP,INE572D01014,FRONTIER SPRINGS LTD.,NSE,NSE_EQ
NSE_EQ|INE976A01021,WSTCSTPAPR,INE976A01021,WEST COAST PAPER MILLS LT,NSE,NSE_EQ
NSE_EQ|INE075D01018,GMBREW,INE075D01018,G M BREWERIES LTD,NSE,NSE_EQ
NSE_EQ|INE163A01018,NOCIL,INE163A01018,NOCIL LIMITED,NSE,NSE_EQ
NSE_EQ|INE716F01012,INDOKEM,INE716F01012,INDOKEM LTD.,NSE,NSE_EQ
NSE_EQ|INE945H01021,V2RETAIL,INE945H01021,V2 RETAIL LIMITED,NSE,NSE_EQ
NSE_EQ|INE974B01016,CHEVIOT,INE974B01016,CHEVIOT COMPANY LIMITED,NSE,NSE_EQ
NSE_EQ|INE00QT01015,SGIL,INE00QT01015,SYNERGY GREEN IND. LTD,NSE,NSE_EQ
NSE_EQ|INE03QK01018,COHANCE,INE03QK01018,COHANCE LIFESCIENCES LTD,NSE,NSE_EQ
NSE_EQ|INE138Y01010,KFINTECH,INE138Y01010,KFIN TECHNOLOGIES LIMITED,NSE,NSE_EQ
NSE_EQ|INE820Y01021,AJOONI,INE820Y01021,AJOONI BIOTECH LIMITED,NSE,NSE_EQ
NSE_EQ|INE377Y01014,BAJAJHFL,INE377Y01014,BAJAJ HOUSING FINANCE LTD,NSE,NSE_EQ
NSE_EQ|INE168P01015,EMCURE,INE168P01015,EMCURE PHARMACEUTICALS L,NSE,NSE_EQ
NSE_EQ|INE344D01018,KAMANWALA,INE344D01018,KAMANWALA HOUSING CONST L,NSE,NSE_EQ
NSE_EQ|INE767A01016,AARTIDRUGS,INE767A01016,AARTI DRUGS LTD.,NSE,NSE_EQ
NSE_EQ|INE643A01035,JTEKTINDIA,INE643A01035,JTEKT INDIA LIMITED,NSE,NSE_EQ
NSE_EQ|INE343G01021,BHARTIHEXA,INE343G01021,BHARTI HEXACOM LIMITED,NSE,NSE_EQ
NSE_EQ|INE481Y01014,GICRE,INE481Y01014,GENERAL INS CORP OF INDIA,NSE,NSE_EQ
NSE_EQ|INE797F01020,JUBLFOOD,INE797F01020,JUBILANT FOODWORKS LTD,NSE,NSE_EQ
NSE_EQ|INE0L0L01012,MODIS,INE0L0L01012,MODIS NAVNIRMAN LTD,NSE,NSE_EQ
NSE_EQ|INE109C01017,ARMANFIN,INE109C01017,ARMAN FIN SERV LTD,NSE,NSE_EQ
NSE_EQ|INE180A01020,MFSL,INE180A01020,MAX FINANCIAL SERV LTD,NSE,NSE_EQ
NSE_EQ|INE451F01024,APOLSINHOT,INE451F01024,APOLLO SINDOORI HOTEL LTD,NSE,NSE_EQ
NSE_EQ|INE505Y01010,VINEETLAB,INE505Y01010,VINEET LABORATORIES LTD,NSE,NSE_EQ
NSE_EQ|INE091G01026,JAIBALAJI,INE091G01026,JAI BALAJI INDUSTRIES LTD,NSE,NSE_EQ
NSE_EQ|INE116D01028,BAGFILMS,INE116D01028,B.A.G FILMS AND MEDIA LTD,NSE,NSE_EQ
NSE_EQ|INE0KNW01016,KNAGRI,INE0KNW01016,KN AGRI RESOURCES LIMITED,NSE,NSE_EQ
NSE_EQ|INE786F01031,UTTAMSUGAR,INE786F01031,UTTAM SUGAR MILLS LTD.,NSE,NSE_EQ
NSE_EQ|INE00KV01022,RAJMET,INE00KV01022,RAJNANDINI METAL LIMITED,NSE,NSE_EQ
NSE_EQ|INE02PY01013,BOROLTD,INE02PY01013,BOROSIL LIMITED,NSE,NSE_EQ
NSE_EQ|INE506V01022,RUBICON,INE506V01022,RUBICON RESEARCH LIMITED,NSE,NSE_EQ
NSE_EQ|INE1RDG01013,PNGSREVA,INE1RDG01013,PNGS REVA DIAMOND JEWEL L,NSE,NSE_EQ
NSE_EQ|INE870D01012,NFL,INE870D01012,NATIONAL FERT. LTD,NSE,NSE_EQ
NSE_EQ|INE05TO01019,AEROPLANE,INE05TO01019,AMIR CHAND JAG KUM (E) L,NSE,NSE_EQ
NSE_EQ|INE102B01014,CHOICEIN,INE102B01014,CHOICE INTERNATIONAL LTD,NSE,NSE_EQ
NSE_EQ|INE210A01017,WILLAMAGOR,INE210A01017,WILLIAMSON MAGOR,NSE,NSE_EQ
NSE_EQ|INE949L01017,AUBANK,INE949L01017,AU SMALL FINANCE BANK LTD,NSE,NSE_EQ
NSE_EQ|INE341H01023,LKPSEC,INE341H01023,L K P SECURITIES LTD.,NSE,NSE_EQ
NSE_EQ|INE255X01014,MSTCLTD,INE255X01014,MSTC LIMITED,NSE,NSE_EQ
NSE_EQ|INE544R01021,GREENLAM,INE544R01021,GREENLAM INDUSTRIES LTD.,NSE,NSE_EQ
NSE_EQ|INE881D01027,OFSS,INE881D01027,ORACLE FIN SERV SOFT LTD.,NSE,NSE_EQ
NSE_EQ|INE346W01013,APEX,INE346W01013,APEX FROZEN FOODS LIMITED,NSE,NSE_EQ
NSE_EQ|INE539A01019,GHCL,INE539A01019,GHCL LIMITED,NSE,NSE_EQ
NSE_EQ|INE882A01013,MARALOVER,INE882A01013,MARAL OVERSEAS LTD,NSE,NSE_EQ
NSE_EQ|INE668D01028,DONEAR,INE668D01028,DONEAR IND. LIMITED,NSE,NSE_EQ
NSE_EQ|INE795G01014,HDFCLIFE,INE795G01014,HDFC LIFE INS CO LTD,NSE,NSE_EQ
NSE_EQ|INE500X01013,LEXUS,INE500X01013,LEXUS GRANITO (INDIA) LTD,NSE,NSE_EQ
NSE_EQ|INE111Q01021,PDSL,INE111Q01021,PDS LIMITED,NSE,NSE_EQ
NSE_EQ|INE989A01032,SANGHVIMOV,INE989A01032,SANGHVI MOVERS LTD,NSE,NSE_EQ
NSE_EQ|INE439A01020,ASAHIINDIA,INE439A01020,ASAHI INDIA GLASS LIMITED,NSE,NSE_EQ
NSE_EQ|INE812G01025,SMSPHARMA,INE812G01025,SMS PHARMACEUTICALS LTD.,NSE,NSE_EQ
NSE_EQ|INE097E01028,MINALIND,INE097E01028,MINAL INDUSTRIES LTD.,NSE,NSE_EQ
NSE_EQ|INE074B01023,PARACABLES,INE074B01023,PARAMOUNT COMM LTD,NSE,NSE_EQ
NSE_EQ|INE0QN801017,KRYSTAL,INE0QN801017,KRYSTAL INTEGRATED SER L,NSE,NSE_EQ
NSE_EQ|INE0I0T01010,VOEPL,INE0I0T01010,VIRTUOSO OPTOELECTRONIC L,NSE,NSE_EQ
NSE_EQ|INE953L01027,JSFB,INE953L01027,JANA SMALL FIN BANK LTD,NSE,NSE_EQ
NSE_EQ|INE215B01022,ORCHASP,INE215B01022,ORCHASP LIMITED,NSE,NSE_EQ
NSE_EQ|INE148I01020,SAMMAANCAP,INE148I01020,SAMMAAN CAPITAL LIMITED,NSE,NSE_EQ
NSE_EQ|INE0XNF01022,ARDEE,INE0XNF01022,ARDEE INDUSTRIES LIMITED,NSE,NSE_EQ
NSE_EQ|INE761Q01015,VGCL,INE761Q01015,VIBRANT GLOBAL CAPITAL L,NSE,NSE_EQ
NSE_EQ|INE118D01016,NUVOCO,INE118D01016,NUVOCO VISTAS CORP LTD,NSE,NSE_EQ
NSE_EQ|INE546C01010,PICCADIL,INE546C01010,PICCADILY AGRO INDUSTRI L,NSE,NSE_EQ
NSE_EQ|INE823G01014,JKCEMENT,INE823G01014,JK CEMENT LIMITED,NSE,NSE_EQ
NSE_EQ|INE615I01010,GLOBUSSPR,INE615I01010,GLOBUS SPIRITS LTD,NSE,NSE_EQ
NSE_EQ|INE987B01026,NATCOPHARM,INE987B01026,NATCO PHARMA LTD.,NSE,NSE_EQ
NSE_EQ|INE550C01020,URJA,INE550C01020,URJA GLOBAL LIMITED,NSE,NSE_EQ
NSE_EQ|INE437B01014,KAKATCEM,INE437B01014,KAKATIYA CEM SUGAR &IND L,NSE,NSE_EQ
NSE_EQ|INE262Z01023,LATTEYS,INE262Z01023,LATTEYS INDUSTRIES LTD,NSE,NSE_EQ
NSE_EQ|INE590L01019,VASWANI,INE590L01019,VASWANI IND LTD,NSE,NSE_EQ
NSE_EQ|INE280A01028,TITAN,INE280A01028,TITAN COMPANY LIMITED,NSE,NSE_EQ
NSE_EQ|INE878A01011,GVPIL,INE878A01011,GE POWER INDIA LIMITED,NSE,NSE_EQ
NSE_EQ|INE0ILV01024,CAPILLARY,INE0ILV01024,CAPILLARY TECHNO INDIA L,NSE,NSE_EQ
NSE_EQ|INE291A01017,GRWRHITECH,INE291A01017,GARWARE HI-TECH FILMS LTD,NSE,NSE_EQ
NSE_EQ|INE802C01033,SSWL,INE802C01033,STEEL STRIPS WHEELS LTD.,NSE,NSE_EQ
NSE_EQ|INE688Y01022,DANGEE,INE688Y01022,DANGEE DUMS LIMITED,NSE,NSE_EQ
NSE_EQ|INE326B01035,ALMONDZ,INE326B01035,ALMONDZ GLOBAL SEC LTD,NSE,NSE_EQ
NSE_EQ|INE978A01027,HERITGFOOD,INE978A01027,HERITAGE FOODS LTD,NSE,NSE_EQ
NSE_EQ|INE435C01024,TEXINFRA,INE435C01024,TEXMACO INFRA & HOLDG LTD,NSE,NSE_EQ
NSE_EQ|INE227W01023,CLEAN,INE227W01023,CLEAN SCIENCE & TECH LTD,NSE,NSE_EQ
NSE_EQ|INE1SY401010,RAYMONDREL,INE1SY401010,RAYMOND REALTY LIMITED,NSE,NSE_EQ
NSE_EQ|INE506W01020,KRISHANA,INE506W01020,KRISHANA PHOSCHEM LIMITED,NSE,NSE_EQ
NSE_EQ|INE132C01027,SURYALA,INE132C01027,SURYALATA SPINNING MILL L,NSE,NSE_EQ
NSE_EQ|INE286H01012,VISACHROME,INE286H01012,VISA CHROME LIMITED,NSE,NSE_EQ
NSE_EQ|INE435G01025,DHANUKA,INE435G01025,DHANUKA AGRITECH LTD,NSE,NSE_EQ
NSE_EQ|INE716A01013,WHIRLPOOL,INE716A01013,WHIRLPOOL OF INDIA LTD,NSE,NSE_EQ
NSE_EQ|INE547E01014,IMPAL,INE547E01014,IND MOTOR PART & ACC LTD,NSE,NSE_EQ
NSE_EQ|INE854S01022,GENCON,INE854S01022,GENERIC ENG CONS PROJ LTD,NSE,NSE_EQ
NSE_EQ|INE083C01022,PLASTIBLEN,INE083C01022,PLASTIBLENDS INDIA LTD,NSE,NSE_EQ
NSE_EQ|INE524A01029,GABRIEL,INE524A01029,GABRIEL INDIA LTD,NSE,NSE_EQ
NSE_EQ|INE009C01019,SRIKPRIND,INE009C01019,SRI KPR INDUSTRIES LTD.,NSE,NSE_EQ
NSE_EQ|INE0LOJ01019,IKIO,INE0LOJ01019,IKIO TECHNOLOGIES LIMITED,NSE,NSE_EQ
NSE_EQ|INE03JT01014,GODIGIT,INE03JT01014,GO DIGIT GENERAL INS LTD,NSE,NSE_EQ
NSE_EQ|INE542W01025,KPIGREEN,INE542W01025,KPI GREEN ENERGY LIMITED,NSE,NSE_EQ
NSE_EQ|INE491J01022,ASKAUTOLTD,INE491J01022,ASK AUTOMOTIVE LIMITED,NSE,NSE_EQ
NSE_EQ|INE527H01019,UFO,INE527H01019,UFO MOVIEZ INDIA LTD.,NSE,NSE_EQ
NSE_EQ|INE419D01026,CLSEL,INE419D01026,CHAMAN LAL SETIA EXP LTD,NSE,NSE_EQ
NSE_EQ|INE642C01025,RUBFILA,INE642C01025,RUBFILA INTERNATIONAL LTD,NSE,NSE_EQ
NSE_EQ|INE671K01027,SUNRAKSHAK,INE671K01027,SUNRAKSHAKK INDUS IND L,NSE,NSE_EQ
NSE_EQ|INE914E01040,ALANKIT,INE914E01040,ALANKIT LIMITED,NSE,NSE_EQ
NSE_EQ|INE176J01011,SICAGEN,INE176J01011,SICAGEN INDIA LIMITED,NSE,NSE_EQ
NSE_EQ|INE754A01055,SUBEXLTD,INE754A01055,SUBEX LTD,NSE,NSE_EQ
NSE_EQ|INE00XB01019,SEDEMAC,INE00XB01019,SEDEMAC MECHATRONICS LTD,NSE,NSE_EQ
NSE_EQ|INE298A01020,CUMMINSIND,INE298A01020,CUMMINS INDIA LTD,NSE,NSE_EQ
NSE_EQ|INE470Y01017,NIACL,INE470Y01017,THE NEW INDIA ASSU CO LTD,NSE,NSE_EQ
NSE_EQ|INE365D01021,ASHIANA,INE365D01021,ASHIANA HOUSING LTD,NSE,NSE_EQ
NSE_EQ|INE769A01020,AARTIIND,INE769A01020,AARTI INDUSTRIES LTD,NSE,NSE_EQ
NSE_EQ|INE614B01018,KTKBANK,INE614B01018,KARNATAKA BANK LIMITED,NSE,NSE_EQ
NSE_EQ|INE005I01014,AMDIND,INE005I01014,AMD INDUSTRIES LIMITED,NSE,NSE_EQ
NSE_EQ|INE155A01022,TMPV,INE155A01022,TATA MOTORS PASS VEH LTD,NSE,NSE_EQ
NSE_EQ|INE119A01028,BALRAMCHIN,INE119A01028,BALRAMPUR CHINI MILLS LTD,NSE,NSE_EQ
NSE_EQ|INE924D01017,THEINVEST,INE924D01017,THE INVEST TRUST OF IND L,NSE,NSE_EQ
NSE_EQ|INE204A01010,IGPL,INE204A01010,I G PETROCHEMICALS LTD,NSE,NSE_EQ
NSE_EQ|INE106T01025,HITECH,INE106T01025,HI-TECH PIPES LIMITED,NSE,NSE_EQ
NSE_EQ|INE936B01015,NATCAPSUQ,INE936B01015,NATURAL CAPSULES LIMITED,NSE,NSE_EQ
NSE_EQ|INE349A01021,NRBBEARING,INE349A01021,NRB BEARING LIMITED,NSE,NSE_EQ
NSE_EQ|INE258G01013,SUMICHEM,INE258G01013,SUMITOMO CHEM INDIA LTD,NSE,NSE_EQ
NSE_EQ|INE930H01031,KPRMILL,INE930H01031,KPR MILL LTD.,NSE,NSE_EQ
NSE_EQ|INE822E01011,SUPREME,INE822E01011,SUPREME HOLDIN N HOSP I L,NSE,NSE_EQ
NSE_EQ|INE725L01011,KARMAENG,INE725L01011,KARMA ENERGY LIMITED,NSE,NSE_EQ
NSE_EQ|INE01TY01017,CANHLIFE,INE01TY01017,CANARA HSBC LIFE INS CO L,NSE,NSE_EQ
NSE_EQ|INE215F01023,WIPL,INE215F01023,THE WESTERN INDIA PLY LTD,NSE,NSE_EQ
NSE_EQ|INE704H01022,CINELINE,INE704H01022,CINELINE INDIA LIMITED,NSE,NSE_EQ
NSE_EQ|INE934C01018,DRAGARWQ,INE934C01018,DR. AGARWAL'S EYE HOSP L,NSE,NSE_EQ
NSE_EQ|INE151G01028,SHAILY,INE151G01028,SHAILY ENG PLASTICS LTD,NSE,NSE_EQ
NSE_EQ|INE365I01020,NBIFIN,INE365I01020,N.B.I. IND. FIN. CO. LTD,NSE,NSE_EQ
NSE_EQ|INE071E01023,UGARSUGAR,INE071E01023,THE UGAR SUGAR WORKS LTD,NSE,NSE_EQ
NSE_EQ|INE209B01025,RICOAUTO,INE209B01025,RICO AUTO INDUSTRIES LTD,NSE,NSE_EQ
NSE_EQ|INE959A01019,PRIVISCL,INE959A01019,PRIVI SPECIALITY CHE LTD,NSE,NSE_EQ
NSE_EQ|INE245B01011,PHOENXINTL,INE245B01011,PHOENIX INTERNATIONAL LTD,NSE,NSE_EQ
NSE_EQ|INE614G01033,RPOWER,INE614G01033,RELIANCE POWER LTD.,NSE,NSE_EQ
NSE_EQ|INE274J01014,OIL,INE274J01014,OIL INDIA LTD,NSE,NSE_EQ
NSE_EQ|INE372A01015,APARINDS,INE372A01015,APAR INDUSTRIES LTD.,NSE,NSE_EQ
NSE_EQ|INE085001019,WEWORK,INE085001019,WEWORK INDIA MANAGEMENT L,NSE,NSE_EQ
NSE_EQ|INE0PQ101010,SSDL,INE0PQ101010,SARASWATI SAREE DEPOT LTD,NSE,NSE_EQ
NSE_EQ|INE00FF01025,ACUTAAS,INE00FF01025,ACUTAAS CHEMICALS LIMITED,NSE,NSE_EQ
NSE_EQ|INE885H01029,SPORTKING,INE885H01029,SPORTKING INDIA LIMITED,NSE,NSE_EQ
NSE_EQ|INE688J01023,LANDSMILL,INE688J01023,LANDSMILL GREEN LIMITED,NSE,NSE_EQ
NSE_EQ|INE02RE01045,FIRSTCRY,INE02RE01045,BRAINBEES SOLUTIONS LTD,NSE,NSE_EQ
NSE_EQ|INE068L01024,CANTABIL,INE068L01024,CANTABIL RETAIL LTD,NSE,NSE_EQ
NSE_EQ|INE448G01010,NATHBIOGEN,INE448G01010,NATH BIO-GENES (I) LTD,NSE,NSE_EQ
NSE_EQ|INE0NLT01010,BLSE,INE0NLT01010,BLS E-SERVICES LIMITED,NSE,NSE_EQ
NSE_EQ|INE285A01027,ELGIEQUIP,INE285A01027,ELGI EQUIPMENTS LTD,NSE,NSE_EQ
NSE_EQ|INE450D01021,PITTIENG,INE450D01021,PITTI ENGINEERING LIMITED,NSE,NSE_EQ
NSE_EQ|INE819L01012,ELGIRUBCO,INE819L01012,ELGI RUBBER CO. LTD,NSE,NSE_EQ
NSE_EQ|INE669A01022,INFOMEDIA,INE669A01022,INFOMEDIA PRESS LIMITED,NSE,NSE_EQ
NSE_EQ|INE0AK901016,RRECL,INE0AK901016,RDB REAL ESTATE CONS L,NSE,NSE_EQ
NSE_EQ|INE00M901018,INTERARCH,INE00M901018,INTERARCH BLDNG SOLTN LTD,NSE,NSE_EQ
NSE_EQ|INE296G01013,MUTHOOTCAP,INE296G01013,MUTHOOT CAP SERV LTD,NSE,NSE_EQ
NSE_EQ|INE391J01032,JTLIND,INE391J01032,JTL INDUSTRIES LIMITED,NSE,NSE_EQ
NSE_EQ|INE742C01031,JINDRILL,INE742C01031,JINDAL DRILLING IND. LTD,NSE,NSE_EQ
NSE_EQ|INE0GGO01015,KRISHIVAL,INE0GGO01015,KRISHIVAL FOODS LIMITED,NSE,NSE_EQ
NSE_EQ|INE383A01012,INDIACEM,INE383A01012,THE INDIA CEMENTS LIMITED,NSE,NSE_EQ
NSE_EQ|INE895B01021,RUPA,INE895B01021,RUPA & COMPANY LTD,NSE,NSE_EQ
NSE_EQ|INE080B01012,KOHINOOR,INE080B01012,KOHINOOR FOODS LIMITED,NSE,NSE_EQ
NSE_EQ|INE552U01010,KPL,INE552U01010,KWALITY PHARMACEUTICALS L,NSE,NSE_EQ
NSE_EQ|INE04TZ01018,ETHOSLTD,INE04TZ01018,ETHOS LIMITED,NSE,NSE_EQ
NSE_EQ|INE927X01018,ELCIDIN,INE927X01018,ELCID INVESTMENTS LTD.,NSE,NSE_EQ
NSE_EQ|INE012A01025,ACC,INE012A01025,ACC LIMITED,NSE,NSE_EQ
NSE_EQ|INE0NNS01018,NSLNISP,INE0NNS01018,NMDC STEEL LIMITED,NSE,NSE_EQ
NSE_EQ|INE944F01028,RADICO,INE944F01028,RADICO KHAITAN LTD,NSE,NSE_EQ
NSE_EQ|INE982F01036,HATHWAY,INE982F01036,HATHWAY CABLE & DATACOM,NSE,NSE_EQ
NSE_EQ|INE572E01012,PNBHOUSING,INE572E01012,PNB HOUSING FIN LTD.,NSE,NSE_EQ
NSE_EQ|INE281B01032,LLOYDSME,INE281B01032,LLOYDS METALS N ENERGY L,NSE,NSE_EQ
NSE_EQ|INE344S01016,INFOBEAN,INE344S01016,INFOBEANS TECHNO. LTD.,NSE,NSE_EQ
NSE_EQ|INE050A01025,BBTC,INE050A01025,BOMBAY BURMAH TRADING COR,NSE,NSE_EQ
NSE_EQ|INE0ATZ01017,KRONOX,INE0ATZ01017,KRONOX LAB SCIENCES LTD,NSE,NSE_EQ
NSE_EQ|INE734I01027,FINKURVE,INE734I01027,FINKURVE FINANCIAL SERV L,NSE,NSE_EQ
NSE_EQ|INE455I01029,KSCL,INE455I01029,KAVERI SEED CO. LTD.,NSE,NSE_EQ
NSE_EQ|INE095A01012,INDUSINDBK,INE095A01012,INDUSIND BANK LIMITED,NSE,NSE_EQ
NSE_EQ|INE05XR01022,BHARATCOAL,INE05XR01022,BHARAT COKING COAL LTD,NSE,NSE_EQ
NSE_EQ|INE239C01020,STYLAMIND,INE239C01020,STYLAM INDUSTRIES LIMITED,NSE,NSE_EQ
NSE_EQ|INE09N301011,FLUOROCHEM,INE09N301011,GUJARAT FLUOROCHEM LTD,NSE,NSE_EQ
NSE_EQ|INE942G01012,MCLEODRUSS,INE942G01012,MCLEOD RUSSEL INDIA LTD.,NSE,NSE_EQ
NSE_EQ|INE848A01014,IZMO,INE848A01014,IZMO LIMITED,NSE,NSE_EQ
NSE_EQ|INE325D01025,SINDHUTRAD,INE325D01025,SINDHU TRADE LINKS LTD,NSE,NSE_EQ
NSE_EQ|INE513A01022,SCHAEFFLER,INE513A01022,SCHAEFFLER INDIA LIMITED,NSE,NSE_EQ
NSE_EQ|INE562A01011,INDIANB,INE562A01011,INDIAN BANK,NSE,NSE_EQ
NSE_EQ|INE347A01017,MANGLMCEM,INE347A01017,MANGALAM CEMENT LTD,NSE,NSE_EQ
NSE_EQ|INE859A01011,PNBGILTS,INE859A01011,PNB GILTS LIMITED,NSE,NSE_EQ
NSE_EQ|INE780C01023,JMFINANCIL,INE780C01023,JM FINANCIAL LIMITED,NSE,NSE_EQ
NSE_EQ|INE195A01028,SUPREMEIND,INE195A01028,SUPREME INDUSTRIES LTD,NSE,NSE_EQ
NSE_EQ|INE270B01035,MAFATIND,INE270B01035,MAFATLAL INDUSTRIES LTD.,NSE,NSE_EQ
NSE_EQ|INE932C01012,TOKYOPLAST,INE932C01012,TOKYO PLAST INTL LTD,NSE,NSE_EQ
NSE_EQ|INE027T01023,RUDRA,INE027T01023,RUDRA GLOBAL INFRA PROD L,NSE,NSE_EQ
NSE_EQ|INE439T01012,NITIRAJ,INE439T01012,NITIRAJ ENGINEERS LTD,NSE,NSE_EQ
NSE_EQ|INE480M01011,THOMASCOTT,INE480M01011,THOMAS SCOTT (INDIA) LTD,NSE,NSE_EQ
NSE_EQ|INE432F01032,EBIX,INE432F01032,EBIX LIMITED,NSE,NSE_EQ
NSE_EQ|INE550H01011,SUPREMEINF,INE550H01011,SUPREME INFRA. LTD.,NSE,NSE_EQ
NSE_EQ|INE049B01025,WOCKPHARMA,INE049B01025,WOCKHARDT LIMITED,NSE,NSE_EQ
NSE_EQ|INE340A01012,BIRLACORPN,INE340A01012,BIRLA CORPORATION LTD,NSE,NSE_EQ
NSE_EQ|INE886A01014,IITL,INE886A01014,INDUSTRIAL INV TRUST LTD,NSE,NSE_EQ
NSE_EQ|INE507F01023,EMPOWER,INE507F01023,EMPOWER INDIA LTD.,NSE,NSE_EQ
NSE_EQ|INE712B01010,SUPERHOUSE,INE712B01010,SUPERHOUSE LIMITED,NSE,NSE_EQ
NSE_EQ|INE482D01024,CARYSIL,INE482D01024,CARYSIL LIMITED,NSE,NSE_EQ
NSE_EQ|INE464A01036,BBL,INE464A01036,BHARAT BIJLEE LTD,NSE,NSE_EQ
NSE_EQ|INE872H01027,LUMAXTECH,INE872H01027,LUMAX AUTO TECH LTD,NSE,NSE_EQ
NSE_EQ|INE855B01025,RAIN,INE855B01025,RAIN INDUSTRIES LIMITED,NSE,NSE_EQ
NSE_EQ|INE483A01010,CENTRALBK,INE483A01010,CENTRAL BANK OF INDIA,NSE,NSE_EQ
NSE_EQ|INE136B01020,CYIENT,INE136B01020,CYIENT LIMITED,NSE,NSE_EQ
NSE_EQ|INE552Z01027,ABDL,INE552Z01027,ALLIED BLEND N DISTILS L,NSE,NSE_EQ
NSE_EQ|INE573K01025,RUSHIL,INE573K01025,RUSHIL DECOR LIMITED,NSE,NSE_EQ
NSE_EQ|INE043W01024,VIJAYA,INE043W01024,VIJAYA DIAGNOSTIC CEN LTD,NSE,NSE_EQ
NSE_EQ|INE209L01016,JWL,INE209L01016,JUPITER WAGONS LIMITED,NSE,NSE_EQ
NSE_EQ|INE01BK01022,AWHCL,INE01BK01022,ANTONY WASTE HDG CELL LTD,NSE,NSE_EQ
NSE_EQ|INE277B01014,PUNJABCHEM,INE277B01014,PUNJAB CHEM & CROP PROT L,NSE,NSE_EQ
NSE_EQ|INE168A01041,J&KBANK,INE168A01041,J & K BANK LTD.,NSE,NSE_EQ
NSE_EQ|INE699B01027,SAMBHAAV,INE699B01027,SAMBHAAV MEDIA LTD,NSE,NSE_EQ
NSE_EQ|INE665L01035,VARROC,INE665L01035,VARROC ENGINEERING LTD.,NSE,NSE_EQ
NSE_EQ|INE236A01020,HCL-INSYS,INE236A01020,HCL INFOSYSTEMS LTD,NSE,NSE_EQ
NSE_EQ|INE870H01013,NETWORK18,INE870H01013,NETWORK18 MEDIA & INV LTD,NSE,NSE_EQ
NSE_EQ|INE976T01013,SAGARDEEP,INE976T01013,SAGARDEEP ALLOYS LIMITED,NSE,NSE_EQ
NSE_EQ|INE804L01022,MEDPLUS,INE804L01022,MEDPLUS HEALTH SERV LTD,NSE,NSE_EQ
NSE_EQ|INE134B01017,KECL,INE134B01017,KIRLOSKAR ELECTRIC CO LTD,NSE,NSE_EQ
NSE_EQ|INE12NJ01018,SAMBHV,INE12NJ01018,SAMBHV STEEL TUBES LTD,NSE,NSE_EQ
NSE_EQ|INE738V01013,ARTNIRMAN,INE738V01013,ART NIRMAN LIMITED,NSE,NSE_EQ
NSE_EQ|INE255A01020,EPL,INE255A01020,EPL LIMITED,NSE,NSE_EQ
NSE_EQ|INE371C01013,PODDARMENT,INE371C01013,PODDAR PIGMENTS LIMITED,NSE,NSE_EQ
NSE_EQ|INE026D01011,LOTUSCHO,INE026D01011,LOTUS CHOCOLATE CO. LTD.,NSE,NSE_EQ
NSE_EQ|INE118H01025,BSE,INE118H01025,BSE LIMITED,NSE,NSE_EQ
NSE_EQ|INE192H01020,GRMOVER,INE192H01020,GRM OVERSEAS LIMITED,NSE,NSE_EQ
NSE_EQ|INE592B01024,TTL,INE592B01024,T T LIMITED,NSE,NSE_EQ
NSE_EQ|INE364U01010,ADANIGREEN,INE364U01010,ADANI GREEN ENERGY LTD,NSE,NSE_EQ
NSE_EQ|INE056I01025,REFEX,INE056I01025,REFEX INDUSTRIES LIMITED,NSE,NSE_EQ
NSE_EQ|INE610C01014,ARENTERP,INE610C01014,RAJDARSHAN INDUSTRIES LTD,NSE,NSE_EQ
NSE_EQ|INE162C01024,PARASPETRO,INE162C01024,PARAS PETROFILS LTD.,NSE,NSE_EQ
NSE_EQ|INE101I01011,AFCONS,INE101I01011,AFCONS INFRASTRUCTURE LTD,NSE,NSE_EQ
NSE_EQ|INE258B01022,FDC,INE258B01022,FDC LIMITED,NSE,NSE_EQ
NSE_EQ|INE473B01035,HATSUN,INE473B01035,HATSUN AGRO PRODUCT LTD.,NSE,NSE_EQ
NSE_EQ|INE238A01034,AXISBANK,INE238A01034,AXIS BANK LIMITED,NSE,NSE_EQ
NSE_EQ|INE920A01037,DOLPHIN,INE920A01037,DOLPHIN OFF ENT (IND) L,NSE,NSE_EQ
NSE_EQ|INE843S01025,SURAJEST,INE843S01025,SURAJ ESTATE DEVELOPERS L,NSE,NSE_EQ
NSE_EQ|INE877I01016,ARCHIDPLY,INE877I01016,ARCHIDPLY IND. LTD,NSE,NSE_EQ
NSE_EQ|INE591D01014,DIAMINESQ,INE591D01014,DIAMINES & CHEMICALS LTD,NSE,NSE_EQ
NSE_EQ|INE065X01017,INDGN,INE065X01017,INDEGENE LIMITED,NSE,NSE_EQ
NSE_EQ|INE488B01017,TASTYBITE,INE488B01017,TASTY BITE EATABLES LTD,NSE,NSE_EQ
NSE_EQ|INE075I01017,HCG,INE075I01017,HEALTHCARE GLOB. ENT. LTD,NSE,NSE_EQ
NSE_EQ|INE655V01019,RMC,INE655V01019,RMC SWITCHGEARS LIMITED,NSE,NSE_EQ
NSE_EQ|INE731U01028,DIGJAMLMTD,INE731U01028,DIGJAM LTD,NSE,NSE_EQ
NSE_EQ|INE06XZ01023,GEMAROMA,INE06XZ01023,GEM AROMATICS LIMITED,NSE,NSE_EQ
NSE_EQ|INE044A01036,SUNPHARMA,INE044A01036,SUN PHARMACEUTICAL IND L,NSE,NSE_EQ
NSE_EQ|INE294Z01018,ANUP,INE294Z01018,THE ANUP ENGINEERING LTD,NSE,NSE_EQ
NSE_EQ|INE684B01029,ISTLTD,INE684B01029,I S T LTD.,NSE,NSE_EQ
NSE_EQ|INE379A01028,ITCHOTELS,INE379A01028,ITC HOTELS LIMITED,NSE,NSE_EQ
NSE_EQ|INE0JA001018,VENUSPIPES,INE0JA001018,VENUS PIPES & TUBES LTD,NSE,NSE_EQ
NSE_EQ|INE740V01019,AGROPHOS,INE740V01019,AGRO PHOS INDIA LIMITED,NSE,NSE_EQ
NSE_EQ|INE800H01010,OMAXE,INE800H01010,OMAXE LIMITED,NSE,NSE_EQ
NSE_EQ|INE694A01020,UNITECH,INE694A01020,UNITECH LTD,NSE,NSE_EQ
NSE_EQ|INE847C01020,ROSSELLIND,INE847C01020,ROSSELL INDIA LIMITED,NSE,NSE_EQ
NSE_EQ|INE122M01019,ESSARSHPNG,INE122M01019,ESSAR SHIPPING LTD,NSE,NSE_EQ
NSE_EQ|INE475B01022,HIKAL,INE475B01022,HIKAL LIMITED,NSE,NSE_EQ
NSE_EQ|INE02ZQ01018,CORONA,INE02ZQ01018,CORONA REMEDIES LIMITED,NSE,NSE_EQ
NSE_EQ|INE652Z01025,AVROIND,INE652Z01025,AVRO INDIA LIMITED,NSE,NSE_EQ
NSE_EQ|INE1B3L01017,SHRINGARMS,INE1B3L01017,SHRINGAR HOU OF MANGALS L,NSE,NSE_EQ
NSE_EQ|INE843D01027,DCMSRIND,INE843D01027,DCM SHRIRAM IND LTD,NSE,NSE_EQ
NSE_EQ|INE727B01026,GENESYS,INE727B01026,GENESYS INTL CORPN LTD,NSE,NSE_EQ
NSE_EQ|INE519D01015,LADDERUP,INE519D01015,LADDERUP FINANCE LTD.,NSE,NSE_EQ
NSE_EQ|INE548Z01017,LAGNAM,INE548Z01017,LAGNAM SPINTEX LIMITED,NSE,NSE_EQ
NSE_EQ|INE726E01014,UPHOT,INE726E01014,U P HOTELS LTD.,NSE,NSE_EQ
NSE_EQ|INE15B701018,PINELABS,INE15B701018,PINE LABS LIMITED,NSE,NSE_EQ
NSE_EQ|INE650G01029,MENNPIS,INE650G01029,MENON PISTONS LTD.,NSE,NSE_EQ
NSE_EQ|INE035S01028,POEL,INE035S01028,P O C L ENTERPRISES LTD.,NSE,NSE_EQ
NSE_EQ|INE561M01018,ISHANCH,INE561M01018,ISHAN DYES N CHEMICALS L,NSE,NSE_EQ
NSE_EQ|INE921L01032,POWERICA,INE921L01032,POWERICA LIMITED,NSE,NSE_EQ
NSE_EQ|INE16SF01016,BORANA,INE16SF01016,BORANA WEAVES LIMITED,NSE,NSE_EQ
NSE_EQ|INE0US801024,MFML,INE0US801024,MAHALAXMI FABRIC MILLS LT,NSE,NSE_EQ
NSE_EQ|INE474E01029,BHANDARI,INE474E01029,BHANDARI HOSIERY EXP LTD,NSE,NSE_EQ
NSE_EQ|INE036B01030,GAEL,INE036B01030,GUJARAT AMBUJA EXPORTS LT,NSE,NSE_EQ
NSE_EQ|INE353A01023,NDLVENTURE,INE353A01023,NDL VENTURES LIMITED,NSE,NSE_EQ
NSE_EQ|INE688A01022,TCI,INE688A01022,TRANSPORT CORPN OF INDIA,NSE,NSE_EQ
NSE_EQ|INE177H01039,GPIL,INE177H01039,GODAWARI POW & ISP LTD,NSE,NSE_EQ
NSE_EQ|INE470A01017,3MINDIA,INE470A01017,3M INDIA LIMITED,NSE,NSE_EQ
NSE_EQ|INE0N7W01012,BLAL,INE0N7W01012,BEML LAND ASSETS LIMITED,NSE,NSE_EQ
NSE_EQ|INE980Y01015,SOUTHWEST,INE980Y01015,SOUTH WEST PINNACLE LTD,NSE,NSE_EQ
NSE_EQ|INE863T01013,JITFINFRA,INE863T01013,JITF INFRALOGISTICS LTD,NSE,NSE_EQ
NSE_EQ|INE384C01016,YUKEN,INE384C01016,YUKEN INDIA LIMITED,NSE,NSE_EQ
NSE_EQ|INE338I01027,MOTILALOFS,INE338I01027,MOTILAL OSWAL FIN LTD,NSE,NSE_EQ
NSE_EQ|INE607A01022,PRIMO,INE607A01022,PRIMO CHEMICALS LIMITED,NSE,NSE_EQ
NSE_EQ|INE385F01024,SGMART,INE385F01024,SG MART LIMITED,NSE,NSE_EQ
NSE_EQ|INE0PPK01015,ORIENTTECH,INE0PPK01015,ORIENT TECHNOLOGIES LTD,NSE,NSE_EQ
NSE_EQ|INE265D01015,GKB,INE265D01015,GKB OPHTHALMICS LTD.,NSE,NSE_EQ
NSE_EQ|INE179G01029,DAVANGERE,INE179G01029,DAVANGERE SUGAR COMPANY L,NSE,NSE_EQ
NSE_EQ|INE935N01020,DIXON,INE935N01020,DIXON TECHNO (INDIA) LTD,NSE,NSE_EQ
NSE_EQ|INE002L01015,SJVN,INE002L01015,SJVN LTD,NSE,NSE_EQ
NSE_EQ|INE880L01014,KIOCL,INE880L01014,KIOCL LIMITED,NSE,NSE_EQ
NSE_EQ|INE038A01020,HINDALCO,INE038A01020,HINDALCO  INDUSTRIES  LTD,NSE,NSE_EQ
NSE_EQ|INE294G01026,ROML,INE294G01026,RAJ OIL MILLS LIMITED,NSE,NSE_EQ
NSE_EQ|INE411U01027,BAJAJHCARE,INE411U01027,BAJAJ HEALTHCARE LIMITED,NSE,NSE_EQ
NSE_EQ|INE156C01018,PIONEEREMB,INE156C01018,PIONEER EMBROIDERIES LTD,NSE,NSE_EQ
NSE_EQ|INE069I01010,EMBDL,INE069I01010,EMBASSY DEVELOPMENTS LTD,NSE,NSE_EQ
NSE_EQ|INE720A01015,KOTHARIPET,INE720A01015,KOTHARI PETROCHEM LTD,NSE,NSE_EQ
NSE_EQ|INE366A01041,DWARKESH,INE366A01041,DWARIKESH SUGAR IND LTD,NSE,NSE_EQ
NSE_EQ|INE577A01027,MUNJALSHOW,INE577A01027,MUNJAL SHOWA LTD,NSE,NSE_EQ
NSE_EQ|INE966H01019,ZEEMEDIA,INE966H01019,ZEE MEDIA CORPORATION LTD,NSE,NSE_EQ
NSE_EQ|INE147P01019,JPOLYINVST,INE147P01019,JIND POL INV & FIN CO LTD,NSE,NSE_EQ
NSE_EQ|INE031A01017,HUDCO,INE031A01017,HSG & URBAN DEV CORPN LTD,NSE,NSE_EQ
NSE_EQ|INE369C01017,NORBTEAEXP,INE369C01017,NORBEN TEA & EXPORTS LTD,NSE,NSE_EQ
NSE_EQ|INE949P01018,GENUSPAPER,INE949P01018,GENUS P&B LIMITED,NSE,NSE_EQ
NSE_EQ|INE878K01010,BFINVEST,INE878K01010,BF INVESTMENT LIMITED,NSE,NSE_EQ
NSE_EQ|INE503B01021,STEELXIND,INE503B01021,STEEL EXCHANGE INDIA LTD,NSE,NSE_EQ
NSE_EQ|INE027A01015,RCF,INE027A01015,RASHTRIYA CHEMICALS & FER,NSE,NSE_EQ
NSE_EQ|INE0BYP01024,OSWALPUMPS,INE0BYP01024,OSWAL PUMPS LIMITED,NSE,NSE_EQ
NSE_EQ|INE484C01030,VEEDOL,INE484C01030,VEEDOL CORPORATION LTD,NSE,NSE_EQ
NSE_EQ|INE785M01021,PCJEWELLER,INE785M01021,PC JEWELLER LTD,NSE,NSE_EQ
NSE_EQ|INE242A01010,IOC,INE242A01010,INDIAN OIL CORP LTD,NSE,NSE_EQ
NSE_EQ|INE0LRU01027,AARTIPHARM,INE0LRU01027,AARTI PHARMALABS LIMITED,NSE,NSE_EQ
NSE_EQ|INE0M4D01010,SETL,INE0M4D01010,STANDARD ENGNG TCNLGY LTD,NSE,NSE_EQ
NSE_EQ|INE524T01011,TAALTECH,INE524T01011,TAAL TECH LTD.,NSE,NSE_EQ
NSE_EQ|INE0DK501011,PPLPHARMA,INE0DK501011,PIRAMAL PHARMA LIMITED,NSE,NSE_EQ
NSE_EQ|INE0EK901012,TARC,INE0EK901012,TARC LIMITED,NSE,NSE_EQ
NSE_EQ|INE1SPP01016,KSR,INE1SPP01016,KSR FOOTWEAR LIMITED,NSE,NSE_EQ
NSE_EQ|INE452L01012,INCREDIBLE,INE452L01012,INCREDIBLE INDUSTRIES LTD,NSE,NSE_EQ
NSE_EQ|INE142A01012,OSWALAGRO,INE142A01012,OSWAL AGRO MILLS LTD,NSE,NSE_EQ
NSE_EQ|INE0BV301023,MAPMYINDIA,INE0BV301023,C.E. INFO SYSTEMS LIMITED,NSE,NSE_EQ
NSE_EQ|INE845D01014,GANECOS,INE845D01014,GANESHA ECOSPHERE LIMITED,NSE,NSE_EQ
NSE_EQ|INE829A01014,BIOFILCHEM,INE829A01014,BIOFIL CHEM & PHARMA LTD,NSE,NSE_EQ
NSE_EQ|INE0FRK01020,MOTISONS,INE0FRK01020,MOTISONS JEWELLERS LTD,NSE,NSE_EQ
NSE_EQ|INE838B01021,BHARATRAS,INE838B01021,BHARAT RASAYAN LTD,NSE,NSE_EQ
NSE_EQ|INE131A01031,GMDCLTD,INE131A01031,GUJARAT MINERAL DEV CORP,NSE,NSE_EQ
NSE_EQ|INE498E01010,SALONA,INE498E01010,SALONA COTSPIN LTD.,NSE,NSE_EQ
NSE_EQ|INE692A01016,UNIONBANK,INE692A01016,UNION BANK OF INDIA,NSE,NSE_EQ
NSE_EQ|INE778K01012,EMAMIREAL,INE778K01012,EMAMI REALTY LIMITED,NSE,NSE_EQ
NSE_EQ|INE586B01026,TAJGVK,INE586B01026,TAJ GVK HOTELS & RESORTS,NSE,NSE_EQ
NSE_EQ|INE954E01012,MOHITIND,INE954E01012,MOHIT INDUSTRIES LTD,NSE,NSE_EQ
NSE_EQ|INE477A01020,CANFINHOME,INE477A01020,CAN FIN HOMES LTD,NSE,NSE_EQ
NSE_EQ|INE739E01017,CERA,INE739E01017,CERA SANITARYWARE LTD,NSE,NSE_EQ
NSE_EQ|INE323J01019,SOMICONVEY,INE323J01019,SOMI CONVEYOR BELT. LTD.,NSE,NSE_EQ
NSE_EQ|INE04I401011,KPITTECH,INE04I401011,KPIT TECHNOLOGIES LIMITED,NSE,NSE_EQ
NSE_EQ|INE061F01013,FORTIS,INE061F01013,FORTIS HEALTHCARE LTD,NSE,NSE_EQ
NSE_EQ|INE521J01018,CPCAP,INE521J01018,CP CAPITAL LIMITED,NSE,NSE_EQ
NSE_EQ|INE178T01024,ADVIKCA,INE178T01024,ADVIK CAPITAL LTD.,NSE,NSE_EQ
NSE_EQ|INE218I01013,CRAMC,INE218I01013,CANARA ROBECO AMC LIMITED,NSE,NSE_EQ
NSE_EQ|INE484I01029,PRECAM,INE484I01029,PRECISION CAMSHAFTS LTD.,NSE,NSE_EQ
NSE_EQ|INE010V01017,LTTS,INE010V01017,L&T TECHNOLOGY SER. LTD.,NSE,NSE_EQ
NSE_EQ|INE696F01016,JUNIPER,INE696F01016,JUNIPER HOTELS LIMITED,NSE,NSE_EQ
NSE_EQ|INE473D01015,KINGFA,INE473D01015,KINGFA SCI & TEC IND LTD.,NSE,NSE_EQ
NSE_EQ|INE498B01024,SHOPERSTOP,INE498B01024,SHOPPERS STOP LIMITED,NSE,NSE_EQ
NSE_EQ|INE194D01017,ASTAR,INE194D01017,ASIAN STAR CO. LTD.,NSE,NSE_EQ
NSE_EQ|INE263A01024,BEL,INE263A01024,BHARAT ELECTRONICS LTD,NSE,NSE_EQ
NSE_EQ|INE488V01015,PSPPROJECT,INE488V01015,PSP PROJECTS LIMITED,NSE,NSE_EQ
NSE_EQ|INE459N01021,MANIPALHOS,INE459N01021,MANIPAL HEALTH ENTERPRI L,NSE,NSE_EQ
NSE_EQ|INE120A01034,CARBORUNIV,INE120A01034,CARBORUNDUM UNIVERSAL LTD,NSE,NSE_EQ
NSE_EQ|INE020B01018,RECLTD,INE020B01018,REC LIMITED,NSE,NSE_EQ
NSE_EQ|INE682M01020,JLHL,INE682M01020,JUPITER LIFE LINE HOSP L,NSE,NSE_EQ
NSE_EQ|INE685A01028,TORNTPHARM,INE685A01028,TORRENT PHARMACEUTICALS L,NSE,NSE_EQ
NSE_EQ|INE722B01019,PRAVEG,INE722B01019,PRAVEG LTD.,NSE,NSE_EQ
NSE_EQ|INE647A01010,SRF,INE647A01010,SRF LTD,NSE,NSE_EQ
NSE_EQ|INE272L01022,SURANASOL,INE272L01022,SURANA SOLAR LIMITED,NSE,NSE_EQ
NSE_EQ|INE740X01023,LAL,INE740X01023,LORENZINI APPARELS LTD,NSE,NSE_EQ
NSE_EQ|INE491A01021,CUB,INE491A01021,CITY UNION BANK LTD,NSE,NSE_EQ
NSE_EQ|INE0ISX01025,KUSUMGAR,INE0ISX01025,KUSUMGAR LIMITED,NSE,NSE_EQ
NSE_EQ|INE517F01014,GPPL,INE517F01014,GUJARAT PIPAVAV PORT LTD,NSE,NSE_EQ
NSE_EQ|INE133Y01011,IFGLEXPOR,INE133Y01011,IFGL REFRACTORIES LIMITED,NSE,NSE_EQ
NSE_EQ|INE243D01012,BFUTILITIE,INE243D01012,BF UTILITIES LIMITED,NSE,NSE_EQ
NSE_EQ|INE199E01014,SUNSHIEL,INE199E01014,SUNSHIELD CHEMICALS LTD.,NSE,NSE_EQ
NSE_EQ|INE0KKN01029,RHETAN,INE0KKN01029,RHETAN TMT LIMITED,NSE,NSE_EQ
NSE_EQ|INE268B01013,KREBSBIO,INE268B01013,KREBS BIOCHEMICALS & IND,NSE,NSE_EQ
NSE_EQ|INE802W01023,BOHRAIND,INE802W01023,BOHRA INDUSTRIES LIMITED,NSE,NSE_EQ
NSE_EQ|INE685T01010,HORIZONIND,INE685T01010,HORIZON INDUSTRIAL PRKS L,NSE,NSE_EQ
NSE_EQ|INE142Q01026,SULA,INE142Q01026,SULA VINEYARDS LIMITED,NSE,NSE_EQ
NSE_EQ|INE540A01017,GLFL,INE540A01017,GUJARAT LEASE FINANCING L,NSE,NSE_EQ
NSE_EQ|INE08KP01019,DCMNVL,INE08KP01019,DCM NOUVELLE LIMITED,NSE,NSE_EQ
NSE_EQ|INE851I01011,UDS,INE851I01011,UPDATER SERVICES LIMITED,NSE,NSE_EQ
NSE_EQ|INE06WU01026,LAXMIINDIA,INE06WU01026,LAXMI INDIA FINANCE LTD,NSE,NSE_EQ
NSE_EQ|INE0GV601021,ALLTIME,INE0GV601021,ALL TIME PLASTICS LIMITED,NSE,NSE_EQ
NSE_EQ|INE583B01015,SANDESH,INE583B01015,SANDESH LTD,NSE,NSE_EQ
NSE_EQ|INE717W01049,GANDHAR,INE717W01049,GANDHAR OIL REFINE IND L,NSE,NSE_EQ
NSE_EQ|INE386D01027,SBCL,INE386D01027,SHIVALIK BIMETAL CON. LTD,NSE,NSE_EQ
NSE_EQ|INE618L01018,5PAISA,INE618L01018,5PAISA CAPITAL LIMITED,NSE,NSE_EQ
NSE_EQ|INE860A01027,HCLTECH,INE860A01027,HCL TECHNOLOGIES LTD,NSE,NSE_EQ
NSE_EQ|INE310A01015,NILKAMAL,INE310A01015,NILKAMAL LIMITED,NSE,NSE_EQ
NSE_EQ|INE0FOO01011,SHIPROCKET,INE0FOO01011,SHIPROCKET LIMITED,NSE,NSE_EQ
NSE_EQ|INE0JS101016,DREAMFOLKS,INE0JS101016,DREAMFOLKS SERVICES LTD,NSE,NSE_EQ
NSE_EQ|INE00GO01025,LEAPIND,INE00GO01025,LEAP INDIA LIMITED,NSE,NSE_EQ
NSE_EQ|INE0BS701011,PREMIERENE,INE0BS701011,PREMIER ENERGIES LIMITED,NSE,NSE_EQ
NSE_EQ|INE00H001014,SWIGGY,INE00H001014,SWIGGY LIMITED,NSE,NSE_EQ
NSE_EQ|INE440T01028,SEIL,INE440T01028,SHANTI EDU INITIATIVES L,NSE,NSE_EQ
NSE_EQ|INE178A01016,CHENNPETRO,INE178A01016,CHENNAI PETROLEUM CORP LT,NSE,NSE_EQ
NSE_EQ|INE457A01014,MAHABANK,INE457A01014,BANK OF MAHARASHTRA,NSE,NSE_EQ
NSE_EQ|INE0KNT01012,MVGJL,INE0KNT01012,MANOJ VAIBHAV GEM N JEW L,NSE,NSE_EQ
NSE_EQ|INE956O01016,LENSKART,INE956O01016,LENSKART SOLUTIONS LTD,NSE,NSE_EQ
NSE_EQ|INE311M01018,SHRADDHA,INE311M01018,SHRADDHA PRIME PROJECTS L,NSE,NSE_EQ
NSE_EQ|INE086A01029,ELECTCAST,INE086A01029,ELECTROSTEEL CASTINGS LTD,NSE,NSE_EQ
NSE_EQ|INE575C01027,INTLCONV,INE575C01027,INTL CONVEYORS LIMITED,NSE,NSE_EQ
NSE_EQ|INE296C01020,FIBERWEB,INE296C01020,FIBERWEB INDIA LIMITED,NSE,NSE_EQ
NSE_EQ|INE960A01017,SHILGRAVQ,INE960A01017,SHILP GRAVURES LTD.,NSE,NSE_EQ
NSE_EQ|INE123B01028,NAGREEKEXP,INE123B01028,NAGREEKA EXPORTS LTD.,NSE,NSE_EQ
NSE_EQ|INE819V01029,CPPLUS,INE819V01029,ADITYA INFOTECH LIMITED,NSE,NSE_EQ
NSE_EQ|INE010C01025,SWISSMLTRY,INE010C01025,SWISS MILITARY CON GOOD L,NSE,NSE_EQ
NSE_EQ|INE409B01013,SWELECTES,INE409B01013,SWELECT ENERGY SYS LTD,NSE,NSE_EQ
NSE_EQ|INE859Q01017,MANAKALUCO,INE859Q01017,MANAK ALUMINIUM CO. LTD.,NSE,NSE_EQ
NSE_EQ|INE471W01019,PALASHSECU,INE471W01019,PALASH SECURITIES LTD,NSE,NSE_EQ
NSE_EQ|INE25E901019,OMPOWER,INE25E901019,OM POWER TRANSMISSION LTD,NSE,NSE_EQ
NSE_EQ|INE037A01022,UNIENTER,INE037A01022,UNIPHOS ENTERPRISES LTD,NSE,NSE_EQ
NSE_EQ|INE683A01023,SOUTHBANK,INE683A01023,THE SOUTH INDIAN BANK LTD,NSE,NSE_EQ
NSE_EQ|INE730A01022,ORICONENT,INE730A01022,ORICON ENTERPRISES LTD,NSE,NSE_EQ
NSE_EQ|INE891D01026,REDINGTON,INE891D01026,REDINGTON LIMITED,NSE,NSE_EQ
NSE_EQ|INE435D01014,MCCHRLS-B,INE435D01014,MAC CHARLES (INDIA) LTD.,NSE,NSE_EQ
NSE_EQ|INE671H01015,SOBHA,INE671H01015,SOBHA LIMITED,NSE,NSE_EQ
NSE_EQ|INE015D01022,MANAKSIA,INE015D01022,MANAKSIA LTD.,NSE,NSE_EQ
NSE_EQ|INE031G01022,OPTIFIN,INE031G01022,OPTIMUS FINANCE LTD.,NSE,NSE_EQ
NSE_EQ|INE076B01028,SIYSIL,INE076B01028,SIYARAM SILK MILLS LTD,NSE,NSE_EQ
NSE_EQ|INE978G01016,SPLIL,INE978G01016,SPL INDUSTRIES LIMITED,NSE,NSE_EQ
NSE_EQ|INE0H5O01029,WINDLAS,INE0H5O01029,WINDLAS BIOTECH LIMITED,NSE,NSE_EQ
NSE_EQ|INE419A01022,KOTARISUG,INE419A01022,KOTHARI SUG & CHEM LTD.,NSE,NSE_EQ
NSE_EQ|INE00CA01015,TREJHARA,INE00CA01015,TREJHARA SOLUTIONS LTD,NSE,NSE_EQ
NSE_EQ|INE240C01028,UMESLTD,INE240C01028,USHA MARTIN EDU & SOL LTD,NSE,NSE_EQ
NSE_EQ|INE100D01014,WSI,INE100D01014,W.S.INDUSTRIES (I) LTD.,NSE,NSE_EQ
NSE_EQ|INE320X01016,HALEOSLABS,INE320X01016,HALEOS LABS LIMITED,NSE,NSE_EQ
NSE_EQ|INE278Y01022,CAMPUS,INE278Y01022,CAMPUS ACTIVEWEAR LIMITED,NSE,NSE_EQ
NSE_EQ|INE03DD01011,RETAIL,INE03DD01011,JHS SVENDGAARD RETAIL V L,NSE,NSE_EQ
NSE_EQ|INE458B01036,BHAGYANGR,INE458B01036,BHAGYANAGAR INDIA LIMITED,NSE,NSE_EQ
NSE_EQ|INE413G01022,TPLPLASTEH,INE413G01022,TPL PLASTECH LIMITED,NSE,NSE_EQ
NSE_EQ|INE274Y01021,AJAXENGG,INE274Y01021,AJAX ENGINEERING LIMITED,NSE,NSE_EQ
NSE_EQ|INE155C01010,ALBERTDAVD,INE155C01010,ALBERT DAVID LIMITED,NSE,NSE_EQ
NSE_EQ|INE171A01029,FEDERALBNK,INE171A01029,FEDERAL BANK LTD,NSE,NSE_EQ
NSE_EQ|INE338F01015,KLBRENG-B,INE338F01015,KILBURN ENGINEERING LTD.,NSE,NSE_EQ
NSE_EQ|INE03RS01027,DRCSYSTEMS,INE03RS01027,DRC SYSTEMS INDIA LIMITED,NSE,NSE_EQ
NSE_EQ|INE976G01028,RBLBANK,INE976G01028,RBL BANK LIMITED,NSE,NSE_EQ
NSE_EQ|INE127T01021,KPEL,INE127T01021,K.P. ENERGY LIMITED,NSE,NSE_EQ
NSE_EQ|INE822B01017,ASIANTNE,INE822B01017,ASIAN TEA & EXPORTS LTD.,NSE,NSE_EQ
NSE_EQ|INE600Y01019,DYCL,INE600Y01019,DYNAMIC CABLES LIMITED,NSE,NSE_EQ
NSE_EQ|IN9175A01010,JISLDVREQS,IN9175A01010,JAIN DVR EQUITY SHARES,NSE,NSE_EQ
NSE_EQ|INE262H01021,PERSISTENT,INE262H01021,PERSISTENT SYSTEMS LTD,NSE,NSE_EQ
NSE_EQ|INE084A01016,BANKINDIA,INE084A01016,BANK OF INDIA,NSE,NSE_EQ
NSE_EQ|INE942C01045,GUJTHEM,INE942C01045,GUJARAT THEMIS BIOSYN LTD,NSE,NSE_EQ
NSE_EQ|INE363A01022,ASIANHOTNR,INE363A01022,ASIAN HOTELS (NORTH) LTD,NSE,NSE_EQ
NSE_EQ|INE00IN01015,STOVEKRAFT,INE00IN01015,STOVE KRAFT LIMITED,NSE,NSE_EQ
NSE_EQ|INE939X01013,MANBA,INE939X01013,MANBA FINANCE LIMITED,NSE,NSE_EQ
NSE_EQ|INE775A01035,MOTHERSON,INE775A01035,SAMVRDHNA MTHRSN INTL LTD,NSE,NSE_EQ
NSE_EQ|INE217B01036,KAJARIACER,INE217B01036,KAJARIA CERAMICS LTD,NSE,NSE_EQ
NSE_EQ|INE878B01027,KEI,INE878B01027,KEI INDUSTRIES LTD.,NSE,NSE_EQ
NSE_EQ|INE231F01020,SASKEN,INE231F01020,SASKEN TECHNOLOGIES LTD,NSE,NSE_EQ
NSE_EQ|INE0CG401037,MUKKA,INE0CG401037,MUKKA PROTEINS LIMITED,NSE,NSE_EQ
NSE_EQ|INE599M01018,JUSTDIAL,INE599M01018,JUSTDIAL LTD.,NSE,NSE_EQ
NSE_EQ|INE02WG01024,WEL,INE02WG01024,WONDER ELECTRICALS LTD,NSE,NSE_EQ
NSE_EQ|INE01P501012,XELPMOC,INE01P501012,XELPMOC DESIGN & TECH LTD,NSE,NSE_EQ
NSE_EQ|INE483B01026,ICIL,INE483B01026,INDO COUNT INDUSTRIES LTD,NSE,NSE_EQ
NSE_EQ|INE325A01013,TIMKEN,INE325A01013,TIMKEN INDIA LTD.,NSE,NSE_EQ
NSE_EQ|INE105J01010,RPGLIFE,INE105J01010,RPG LIFE SCIENCES LTD,NSE,NSE_EQ
NSE_EQ|INE559N01010,SRGHFL,INE559N01010,SRG HOUSING FINANCE L,NSE,NSE_EQ
NSE_EQ|INE741K01010,CREDITACC,INE741K01010,CREDITACCESS GRAMEEN LTD,NSE,NSE_EQ
NSE_EQ|INE646H01017,CAPITALSFB,INE646H01017,CAPITAL SMALL FIN BANK L,NSE,NSE_EQ
NSE_EQ|INE440A01010,ASHIMASYN,INE440A01010,ASHIMA LTD,NSE,NSE_EQ
NSE_EQ|INE018E01016,SBICARD,INE018E01016,SBI CARDS & PAY SER LTD,NSE,NSE_EQ
NSE_EQ|INE0LXG01040,OLAELEC,INE0LXG01040,OLA ELECTRIC MOBILITY LTD,NSE,NSE_EQ
NSE_EQ|INE776C01039,GMRAIRPORT,INE776C01039,GMR AIRPORTS LIMITED,NSE,NSE_EQ
NSE_EQ|INE0OC301013,TURTLEMINT,INE0OC301013,TURTLEMINT FINTECH SOLS L,NSE,NSE_EQ
NSE_EQ|INE481Z01011,UNIINFO,INE481Z01011,UNIINFO TELECOM SERVI LTD,NSE,NSE_EQ
NSE_EQ|INE417T01026,POLICYBZR,INE417T01026,PB FINTECH LIMITED,NSE,NSE_EQ
NSE_EQ|INE696K01024,PRAKASHSTL,INE696K01024,PRAKASH STEELAGE LTD,NSE,NSE_EQ
NSE_EQ|INE068V01023,GLAND,INE068V01023,GLAND PHARMA LIMITED,NSE,NSE_EQ
NSE_EQ|INE937A01023,SPMLINFRA,INE937A01023,SPML INFRA LIMITED,NSE,NSE_EQ
NSE_EQ|INE023H01027,NECLIFE,INE023H01027,NECTAR LIFESCIENCES LTD.,NSE,NSE_EQ
NSE_EQ|INE0OU201013,DCMSIL,INE0OU201013,DCM SHRIRAM INTERNATNL L,NSE,NSE_EQ
NSE_EQ|INE115Q01022,IKS,INE115Q01022,INVENTURUS KNOWLEDGE SO L,NSE,NSE_EQ
NSE_EQ|INE0Z4F01028,ATLANTAELE,INE0Z4F01028,ATLANTA ELECTRICALS LTD,NSE,NSE_EQ
NSE_EQ|INE602A01031,PCBL,INE602A01031,PCBL CHEMICAL LIMITED,NSE,NSE_EQ
NSE_EQ|INE293B01029,HAVISHA,INE293B01029,SRI HAVISHA HOSP & INFR L,NSE,NSE_EQ
NSE_EQ|INE2KCE01013,KWIL,INE2KCE01013,KWALITY WALL'S (INDIA) L,NSE,NSE_EQ
NSE_EQ|INE099F01013,SREEL,INE099F01013,SREELEATHERS LIMITED,NSE,NSE_EQ
NSE_EQ|INE250A01039,KIRLOSIND,INE250A01039,KIRLOSKAR INDUSTRIES LTD,NSE,NSE_EQ
NSE_EQ|INE405C01035,LINCOLN,INE405C01035,LINCOLN PHARMA LTD,NSE,NSE_EQ
NSE_EQ|INE011E01029,BALUFORGE,INE011E01029,BALU FORGE INDUSTRIES LTD,NSE,NSE_EQ
NSE_EQ|INE110B01017,MINDTECK,INE110B01017,MINDTECK (INDIA) LIMITED,NSE,NSE_EQ
NSE_EQ|INE879I01012,DBREALTY,INE879I01012,VALOR ESTATE LIMITED,NSE,NSE_EQ
NSE_EQ|INE415G01027,RVNL,INE415G01027,RAIL VIKAS NIGAM LIMITED,NSE,NSE_EQ
NSE_EQ|INE05AN01011,HINDWAREAP,INE05AN01011,HINDWARE HME INOVATON LTD,NSE,NSE_EQ
NSE_EQ|INE718F01018,CSLFINANCE,INE718F01018,CSL FINANCE LIMITED,NSE,NSE_EQ
NSE_EQ|INE345H01024,CIFL,INE345H01024,CAPITAL INDIA FINANCE LTD,NSE,NSE_EQ
NSE_EQ|INE0U4101014,BLUSPRING,INE0U4101014,BLUSPRING ENTERPRISES LTD,NSE,NSE_EQ
NSE_EQ|INE594B01012,BSL,INE594B01012,BSL LTD,NSE,NSE_EQ
NSE_EQ|INE539B01017,VIRINCHI,INE539B01017,VIRINCHI LIMITED,NSE,NSE_EQ
NSE_EQ|INE0FHS01024,DEEPINDS,INE0FHS01024,DEEP INDUSTRIES LIMITED,NSE,NSE_EQ
NSE_EQ|INE055C01020,KEEPLEARN,INE055C01020,DSJ KEEP LEARNING LTD,NSE,NSE_EQ
NSE_EQ|INE415B01044,MARSONS,INE415B01044,MARSONS LIMITED,NSE,NSE_EQ
NSE_EQ|INE652V01016,GANESHCP,INE652V01016,GANESH CONSUMER PRODUCT L,NSE,NSE_EQ
NSE_EQ|INE791I01019,BRIGADE,INE791I01019,BRIGADE ENTER. LTD,NSE,NSE_EQ
NSE_EQ|INE869T01028,MOLBIO,INE869T01028,MOLBIO DIAGNOSTICS LTD,NSE,NSE_EQ
NSE_EQ|INE296H01011,EMKAY,INE296H01011,EMKAY GLOBAL FIN SERV LTD,NSE,NSE_EQ
NSE_EQ|INE17IR01028,LASERPOWER,INE17IR01028,LASER POWER & INFRA LTD,NSE,NSE_EQ
NSE_EQ|INE074C01013,HINDADH,INE074C01013,HINDUSTAN ADHESIVES LTD.,NSE,NSE_EQ
NSE_EQ|INE148A01019,TNPETRO,INE148A01019,TAMILNADU PETROPRODUCTS L,NSE,NSE_EQ
NSE_EQ|INE0MWH01014,TRUALT,INE0MWH01014,TRUALT BIOENERGY LIMITED,NSE,NSE_EQ
NSE_EQ|INE071F01012,APCL,INE071F01012,ANJANI PORTLAND CEM LTD,NSE,NSE_EQ
NSE_EQ|INE24OJ01011,BUILDPRO,INE24OJ01011,SHANKARA BUILDPRO LIMITED,NSE,NSE_EQ
NSE_EQ|INE821I01022,IRB,INE821I01022,IRB INFRA DEV LTD.,NSE,NSE_EQ
NSE_EQ|INE221B01012,DYNAMATECH,INE221B01012,DYNAMATIC TECHNOLOGIES,NSE,NSE_EQ
NSE_EQ|INE139I01011,BVCL,INE139I01011,BARAK VALLEY CEM. LTD.,NSE,NSE_EQ
NSE_EQ|INE041A01016,DHAMPURSUG,INE041A01016,DHAMPUR SUGAR MILLS LTD.,NSE,NSE_EQ
NSE_EQ|INE060A01024,NAVNETEDUL,INE060A01024,NAVNEET EDUCATION LTD,NSE,NSE_EQ
NSE_EQ|INE227F01010,MKEXIM,INE227F01010,M K EXIM (INDIA) LTD.,NSE,NSE_EQ
NSE_EQ|INE070I01018,INSECTICID,INE070I01018,INSECTICIDES (I) LTD,NSE,NSE_EQ
NSE_EQ|INE361K01017,GRADIENTE,INE361K01017,GRADIENTE INFOTAINMENT L,NSE,NSE_EQ
NSE_EQ|INE854B01010,JAYNECOIND,INE854B01010,JAYASWAL NECO INDUSTR LTD,NSE,NSE_EQ
NSE_EQ|INE323A01026,BOSCHLTD,INE323A01026,BOSCH LIMITED,NSE,NSE_EQ
NSE_EQ|INE970D01010,LOYALTEX,INE970D01010,LOYAL TEXTILE MILLS LTD,NSE,NSE_EQ
NSE_EQ|INE988S01028,PARKHOTELS,INE988S01028,PARKHOTELS,NSE,NSE_EQ
NSE_EQ|INE194R01017,FREDUN,INE194R01017,FREDUN PHARMACEUTICALS L,NSE,NSE_EQ
NSE_EQ|INE040D01038,MAYURUNIQ,INE040D01038,MAYUR UNIQUOTERS LTD,NSE,NSE_EQ
NSE_EQ|INE050B01023,IVC,INE050B01023,IL&FS INVESTMENT MANAGERS,NSE,NSE_EQ
NSE_EQ|INE206B01013,ZODIACLOTH,INE206B01013,ZODIAC CLOTHING CO. LTD.,NSE,NSE_EQ
NSE_EQ|INE202H01019,KERNEX,INE202H01019,KERNEX MICROSYS(I) LTD,NSE,NSE_EQ
NSE_EQ|INE320J01015,RITES,INE320J01015,RITES LIMITED,NSE,NSE_EQ
NSE_EQ|INE495S01016,HPL,INE495S01016,HPL ELECTRIC & POWER LTD,NSE,NSE_EQ
NSE_EQ|INE236G01019,TVSELECT,INE236G01019,TVS ELECTRONICS LTD,NSE,NSE_EQ
NSE_EQ|INE280B01018,ELANTAS,INE280B01018,ELANTAS BECK INDIA LTD.,NSE,NSE_EQ
NSE_EQ|INE284S01014,SJS,INE284S01014,SJS ENTERPRISES LIMITED,NSE,NSE_EQ
NSE_EQ|INE00HZ01011,BNAGROCHEM,INE00HZ01011,BN AGROCHEM LTD.,NSE,NSE_EQ
NSE_EQ|INE994E01018,3BBLACKBIO,INE994E01018,3B BLACKBIO DX LTD.,NSE,NSE_EQ
NSE_EQ|INE289A01011,NAHARINDUS,INE289A01011,NAHAR INDS ENT LTD,NSE,NSE_EQ
NSE_EQ|INE254N01026,HNDFDS,INE254N01026,HINDUSTAN FOODS LIMITED,NSE,NSE_EQ
NSE_EQ|INE07OG01012,NDRAUTO,INE07OG01012,NDR AUTO COMPONENTS LTD,NSE,NSE_EQ
NSE_EQ|INE393A01011,DELTAMAGNT,INE393A01011,DELTA MANUFACTURING LTD,NSE,NSE_EQ
NSE_EQ|INE606N01019,EXCELSOFT,INE606N01019,EXCELSOFT TECHNOLOGIES L,NSE,NSE_EQ
NSE_EQ|INE926X01010,HGINFRA,INE926X01010,H.G.INFRA ENGINEERING LTD,NSE,NSE_EQ
NSE_EQ|INE182A01018,PFIZER,INE182A01018,PFIZER LTD,NSE,NSE_EQ
NSE_EQ|INE132H01018,AURIONPRO,INE132H01018,AURIONPRO SOLN LTD,NSE,NSE_EQ
NSE_EQ|INE596B01017,MUKESHB,INE596B01017,MUKESH BABU FINANC SER L,NSE,NSE_EQ
NSE_EQ|INE0V0W01025,GKSL,INE0V0W01025,GUJARAT KIDNEY N SUP SP L,NSE,NSE_EQ
NSE_EQ|INE759V01019,HEADSUP,INE759V01019,HEADS UP VENTURES LIMITED,NSE,NSE_EQ
NSE_EQ|INE548C01032,EMAMILTD,INE548C01032,EMAMI LIMITED,NSE,NSE_EQ
NSE_EQ|INE296Q01012,MONEYBOXX,INE296Q01012,MONEYBOXX FINANCE LIMITED,NSE,NSE_EQ
NSE_EQ|INE0JYY01029,MWL,INE0JYY01029,MANGALAM WORLDWIDE LTD,NSE,NSE_EQ
NSE_EQ|INE999K01014,GREENPOWER,INE999K01014,ORIENT GREEN POWER CO LTD,NSE,NSE_EQ
NSE_EQ|INE252A01019,SPELS,INE252A01019,SPEL SEMICONDUCTOR LTD,NSE,NSE_EQ
NSE_EQ|INE285C01015,VOITHPAPR,INE285C01015,VOITH PAPER FABRICS IND L,NSE,NSE_EQ
NSE_EQ|INE413B01023,RUCHINFRA,INE413B01023,RUCHI INFRASTRUCTURE LTD,NSE,NSE_EQ
NSE_EQ|INE515A01019,COCKERILL,INE515A01019,JOHN COCKERILL INDIA LTD.,NSE,NSE_EQ
NSE_EQ|INE914G01029,POLYSPIN,INE914G01029,POLYSPIN EXPORTS LTD.,NSE,NSE_EQ
NSE_EQ|INE040M01013,TREEHOUSE,INE040M01013,TREE HOUSE EDU LTD,NSE,NSE_EQ
NSE_EQ|INE634A01018,HONDAPOWER,INE634A01018,HONDA I POWER PRODUCT LTD,NSE,NSE_EQ
NSE_EQ|INE214T01019,LTM,INE214T01019,LTM LIMITED,NSE,NSE_EQ
NSE_EQ|INE176B01034,HAVELLS,INE176B01034,HAVELLS INDIA LIMITED,NSE,NSE_EQ
NSE_EQ|INE404A01024,ABSLAMC,INE404A01024,ADIT BIRL SUN LIF AMC LTD,NSE,NSE_EQ
NSE_EQ|INE11XY01018,CMLL,INE11XY01018,CALIBER MINING AND LOG L,NSE,NSE_EQ
NSE_EQ|INE783X01023,CHEMFAB,INE783X01023,CHEMFAB ALKALIS LIMITED,NSE,NSE_EQ
NSE_EQ|INE349Y01013,IDEAFORGE,INE349Y01013,IDEAFORGE TECHNO LTD,NSE,NSE_EQ
NSE_EQ|INE600K01018,GALAXYSURF,INE600K01018,GALAXY SURFACTANTS LTD,NSE,NSE_EQ
NSE_EQ|INE572J01011,SPANDANA,INE572J01011,SPANDANA SPHOORTY FIN LTD,NSE,NSE_EQ
NSE_EQ|INE545U01014,BANDHANBNK,INE545U01014,BANDHAN BANK LIMITED,NSE,NSE_EQ
NSE_EQ|INE14UN01029,VIDYAWIRES,INE14UN01029,VIDYA WIRES LIMITED,NSE,NSE_EQ
NSE_EQ|INE576I01022,JKIL,INE576I01022,JKUMAR INFR.LTD.,NSE,NSE_EQ
NSE_EQ|INE916Y01027,AFIL,INE916Y01027,AKME FINTRADE (INDIA) LTD,NSE,NSE_EQ
NSE_EQ|INE528A01020,GKWLIMITED,INE528A01020,GKW LIMITED,NSE,NSE_EQ
NSE_EQ|INE917H01012,SRHHYPOLTD,INE917H01012,SREE RAYALSEEMA HHP LTD.,NSE,NSE_EQ
NSE_EQ|INE750C01026,MARKSANS,INE750C01026,MARKSANS PHARMA LIMITED,NSE,NSE_EQ
NSE_EQ|INE998I01010,MHRIL,INE998I01010,MAHINDRA HOLIDAYS LTD,NSE,NSE_EQ
NSE_EQ|INE666E01020,ACL,INE666E01020,ANDHRA CEMENTS LIMITED,NSE,NSE_EQ
NSE_EQ|INE646C01018,GROBTEA,INE646C01018,THE GROB TEA COMPANY LTD,NSE,NSE_EQ
NSE_EQ|INE616Z01012,YASHO,INE616Z01012,YASHO INDUSTRIES LIMITED,NSE,NSE_EQ
NSE_EQ|INE152A01029,THERMAX,INE152A01029,THERMAX LTD,NSE,NSE_EQ
NSE_EQ|INE511C01022,POONAWALLA,INE511C01022,POONAWALLA FINCORP LTD,NSE,NSE_EQ
NSE_EQ|INE438E01032,SIKA,INE438E01032,SIKA INTERPLANT SYSTEMS L,NSE,NSE_EQ
NSE_EQ|INE635Q01029,GULFOILLUB,INE635Q01029,GULF OIL LUB. IND. LTD.,NSE,NSE_EQ
NSE_EQ|INE226H01026,SADBHAV,INE226H01026,SADBHAV ENGINEERING LTD,NSE,NSE_EQ
NSE_EQ|INE841B01017,INDBANK,INE841B01017,INDBANK MERCH BANK,NSE,NSE_EQ
NSE_EQ|INE063P01018,EQUITASBNK,INE063P01018,EQUITAS SMALL FIN BNK LTD,NSE,NSE_EQ
NSE_EQ|INE276A01018,GARFIBRES,INE276A01018,GARWARE TECH FIBRES LTD,NSE,NSE_EQ
NSE_EQ|INE332H01014,INDOTECH,INE332H01014,INDO TECH TRANSFORM LTD.,NSE,NSE_EQ
NSE_EQ|INE631R01026,MADHAVIPL,INE631R01026,MADHAV INFRA PROJECTS L,NSE,NSE_EQ
NSE_EQ|INE290S01011,CARTRADE,INE290S01011,CARTRADE TECH LIMITED,NSE,NSE_EQ
NSE_EQ|INE150B01039,ALKYLAMINE,INE150B01039,ALKYL AMINES CHEM. LTD,NSE,NSE_EQ
NSE_EQ|INE137I01015,GRPLTD,INE137I01015,GRP LIMITED,NSE,NSE_EQ
NSE_EQ|INE701G01012,AKCAPIT,INE701G01012,A K CAPITAL SERVICES LTD.,NSE,NSE_EQ
NSE_EQ|INE919H01018,IMFA,INE919H01018,INDIAN METALS & FERRO,NSE,NSE_EQ
NSE_EQ|INE382T01030,GVPTECH,INE382T01030,GVP INFOTECH LIMITED,NSE,NSE_EQ
NSE_EQ|INE249Z01020,MAZDOCK,INE249Z01020,MAZAGON DOCK SHIPBUIL LTD,NSE,NSE_EQ
NSE_EQ|INE214F01026,GRAVISSHO,INE214F01026,GRAVISS HOSPITALITY LTD.,NSE,NSE_EQ
NSE_EQ|INE737B01033,ADROITINFO,INE737B01033,ADROIT INFOTECH LIMITED,NSE,NSE_EQ
NSE_EQ|INE398B01018,UMIYA-MRO,INE398B01018,UMIYA BUILDCON LIMITED,NSE,NSE_EQ
NSE_EQ|INE213C01025,BANCOINDIA,INE213C01025,BANCO PRODUCTS (I) LTD,NSE,NSE_EQ
NSE_EQ|INE0JVO01026,GARUDA,INE0JVO01026,GARUDA CONSTRUCT N ENG L,NSE,NSE_EQ
NSE_EQ|INE0DD101019,RAILTEL,INE0DD101019,RAILTEL CORP OF IND LTD,NSE,NSE_EQ
NSE_EQ|INE295F01017,BUTTERFLY,INE295F01017,BTRFLY GANDHI APPL LTD,NSE,NSE_EQ
NSE_EQ|INE08PH01015,ABCOTS,INE08PH01015,A B COTSPIN INDIA LIMITED,NSE,NSE_EQ
NSE_EQ|INE667G01023,SAKSOFT,INE667G01023,SAKSOFT LIMITED,NSE,NSE_EQ
NSE_EQ|INE087H01022,RENUKA,INE087H01022,SHREE RENUKA SUGARS LTD,NSE,NSE_EQ
NSE_EQ|INE0SJA01013,VMSTMT,INE0SJA01013,VMS TMT LIMITED,NSE,NSE_EQ
NSE_EQ|INE855R01021,RADIANTCMS,INE855R01021,RADIANT CASH MGMT SER LTD,NSE,NSE_EQ
NSE_EQ|INE306A01021,BAJAJHIND,INE306A01021,BAJAJ HINDUSTHAN SUGAR LT,NSE,NSE_EQ
NSE_EQ|INE00YJ01010,JARO,INE00YJ01010,JARO INS OF TEC MG N RE L,NSE,NSE_EQ
NSE_EQ|INE08LI01020,KRSNAA,INE08LI01020,KRSNAA DIAGNOSTICS LTD,NSE,NSE_EQ
NSE_EQ|INE335W01016,GANGESSECU,INE335W01016,GANGES SECURITIES LIMITED,NSE,NSE_EQ
NSE_EQ|INE343H01029,SOLARINDS,INE343H01029,SOLAR INDUSTRIES (I) LTD,NSE,NSE_EQ
NSE_EQ|INE985W01018,CNL,INE985W01018,CREATIVE NEWTECH LIMITED,NSE,NSE_EQ
NSE_EQ|INE732A01036,KIRLOSBROS,INE732A01036,KIRLOSKAR BROTHERS LTD,NSE,NSE_EQ
NSE_EQ|INE191H01014,PVRINOX,INE191H01014,PVR INOX LIMITED,NSE,NSE_EQ
NSE_EQ|INE0OAF01028,JNKINDIA,INE0OAF01028,JNK INDIA LIMITED,NSE,NSE_EQ
NSE_EQ|INE198H01019,AAREYDRUGS,INE198H01019,AAREY DRUGS & PHARM LTD,NSE,NSE_EQ
NSE_EQ|INE054301028,ODIGMA,INE054301028,ODIGMA CONSULTANCY SOL L,NSE,NSE_EQ
NSE_EQ|INE054A01027,VIPIND,INE054A01027,VIP INDUSTRIES LTD,NSE,NSE_EQ
NSE_EQ|INE094J01016,UTIAMC,INE094J01016,UTI ASSET MNGMT CO LTD,NSE,NSE_EQ
NSE_EQ|INE02EZ01022,AXITA,INE02EZ01022,AXITA COTTON LIMITED,NSE,NSE_EQ
NSE_EQ|INE526B01014,CALSOFT,INE526B01014,CALIFORNIA SOFTWARE CO LT,NSE,NSE_EQ
NSE_EQ|INE530B01024,IIFL,INE530B01024,IIFL FINANCE LIMITED,NSE,NSE_EQ
NSE_EQ|INE840M01016,ZUARI,INE840M01016,ZUARI AGRO CHEMICALS LTD,NSE,NSE_EQ
NSE_EQ|INE967A01012,SWARNSAR,INE967A01012,SWARNSARITA JEWELS IND L,NSE,NSE_EQ
NSE_EQ|INE318D01020,ZENITHSTL,INE318D01020,ZENITH STEEL PIP IND LTD,NSE,NSE_EQ
NSE_EQ|INE922K01024,INDIASHLTR,INE922K01024,INDIA SHELTER FIN CORP L,NSE,NSE_EQ
NSE_EQ|INE758T01015,ETERNAL,INE758T01015,ETERNAL LIMITED,NSE,NSE_EQ
NSE_EQ|INE290E01011,YOGI,INE290E01011,YOGI LTD.,NSE,NSE_EQ
NSE_EQ|INE059B01024,SIMPLEXINF,INE059B01024,SIMPLEX INFRASTRUCTURES L,NSE,NSE_EQ
NSE_EQ|INE154A01025,ITC,INE154A01025,ITC LTD,NSE,NSE_EQ
NSE_EQ|INE734N01019,SNOWMAN,INE734N01019,SNOWMAN LOGISTICS LTD.,NSE,NSE_EQ
NSE_EQ|INE566K01011,ISFT,INE566K01011,INTRASOFT TECH. LTD,NSE,NSE_EQ
NSE_EQ|INE455K01017,POLYCAB,INE455K01017,POLYCAB INDIA LIMITED,NSE,NSE_EQ
NSE_EQ|INE0R6Z01013,SRM,INE0R6Z01013,SRM CONTRACTORS LIMITED,NSE,NSE_EQ
NSE_EQ|INE933K01021,BAJAJCON,INE933K01021,BAJAJ CONSUMER CARE LTD,NSE,NSE_EQ
NSE_EQ|INE406A01037,AUROPHARMA,INE406A01037,AUROBINDO PHARMA LTD,NSE,NSE_EQ
NSE_EQ|INE497S01012,GODAVARIB,INE497S01012,GODAVARI BIOREFINERIES L,NSE,NSE_EQ
NSE_EQ|INE658T01017,WEALTH,INE658T01017,WEALTH FRST PORT. MG. LTD,NSE,NSE_EQ
NSE_EQ|INE387A01021,SUNDRMFAST,INE387A01021,SUNDRAM FASTENERS LTD,NSE,NSE_EQ
NSE_EQ|INE703B01027,RATNAMANI,INE703B01027,RATNAMANI MET & TUB LTD.,NSE,NSE_EQ
NSE_EQ|INE217L01019,SHRIRAMPPS,INE217L01019,SHRIRAM PROPERTIES LTD,NSE,NSE_EQ
NSE_EQ|INE429I01024,CCCL,INE429I01024,CONS. CONST. CONSORT LTD,NSE,NSE_EQ
NSE_EQ|INE244A01016,DENORA,INE244A01016,DE NORA INDIA LIMITED,NSE,NSE_EQ
NSE_EQ|INE07O001026,EASEMYTRIP,INE07O001026,EASY TRIP PLANNERS LTD,NSE,NSE_EQ
NSE_EQ|INE953R01016,PNGJL,INE953R01016,P N GADGIL JEWELLERS LTD,NSE,NSE_EQ
NSE_EQ|INE101A01026,M&M,INE101A01026,MAHINDRA & MAHINDRA LTD,NSE,NSE_EQ
NSE_EQ|INE04AK01028,SBC,INE04AK01028,SBC EXPORTS LIMITED,NSE,NSE_EQ
NSE_EQ|INE208A01029,ASHOKLEY,INE208A01029,ASHOK LEYLAND LTD,NSE,NSE_EQ
NSE_EQ|INE866R01028,MATRIMONY,INE866R01028,MATRIMONY.COM LIMITED,NSE,NSE_EQ
NSE_EQ|INE641C01019,KAVDEFENCE,INE641C01019,KAVVERI DFS & WIR TEC LTD,NSE,NSE_EQ
NSE_EQ|INE750M01017,HEXATRADEX,INE750M01017,HEXA TRADEX LIMITED,NSE,NSE_EQ
NSE_EQ|INE303R01014,KALYANKJIL,INE303R01014,KALYAN JEWELLERS IND LTD,NSE,NSE_EQ
NSE_EQ|INE933B01012,SIGMAADV,INE933B01012,SIGMA ADVANCED SYSTEM LTD,NSE,NSE_EQ
NSE_EQ|INE0V7W01012,CARRARO,INE0V7W01012,CARRARO INDIA LIMITED,NSE,NSE_EQ
NSE_EQ|INE949H01023,MANINFRA,INE949H01023,MAN INFRA LTD,NSE,NSE_EQ
NSE_EQ|INE0KL801015,DCXINDIA,INE0KL801015,DCX SYSTEMS LIMITED,NSE,NSE_EQ
NSE_EQ|INE353K01014,ITDC,INE353K01014,INDIA TOUR. DEV. CO. LTD.,NSE,NSE_EQ
NSE_EQ|INE287B01021,SUBROS,INE287B01021,SUBROS LIMITED,NSE,NSE_EQ
NSE_EQ|INE052A01021,WINDMACHIN,INE052A01021,WINDSOR MACHINES LIMITED,NSE,NSE_EQ
NSE_EQ|INE148O01028,DELHIVERY,INE148O01028,DELHIVERY LIMITED,NSE,NSE_EQ
NSE_EQ|INE331A01037,RAMCOCEM,INE331A01037,THE RAMCO CEMENTS LIMITED,NSE,NSE_EQ
NSE_EQ|INE559D01011,CREST,INE559D01011,CREST VENTURES LIMITED,NSE,NSE_EQ
NSE_EQ|INE398L01017,KANCOTEA,INE398L01017,KANCO TEA & INDS. LTD.,NSE,NSE_EQ
NSE_EQ|INE060X01034,DEVIT,INE060X01034,DEV INFO TECHNOLOGY LTD,NSE,NSE_EQ
NSE_EQ|INE090A01021,ICICIBANK,INE090A01021,ICICI BANK LTD.,NSE,NSE_EQ
NSE_EQ|INE472A01039,BLUESTARCO,INE472A01039,BLUE STAR LIMITED,NSE,NSE_EQ
NSE_EQ|INE155G01029,NDTV,INE155G01029,NDTV LTD,NSE,NSE_EQ
NSE_EQ|INE628A01036,UPL,INE628A01036,UPL LIMITED,NSE,NSE_EQ
NSE_EQ|INE184O01015,DIFFNKG,INE184O01015,DIFFUSION ENGINEERS LTD,NSE,NSE_EQ
NSE_EQ|INE884B01025,KIRLFER,INE884B01025,KIRLOSKAR FERROUS IND LTD,NSE,NSE_EQ
NSE_EQ|INE752G01015,MSPL,INE752G01015,MSP STEEL & POWER LTD.,NSE,NSE_EQ
NSE_EQ|INE170V01027,SALASAR,INE170V01027,SALASAR TECHNO ENGG. LTD.,NSE,NSE_EQ
NSE_EQ|INE112F01022,LAMBODHARA,INE112F01022,LAMBODHARA TEXTILES LTD.,NSE,NSE_EQ
NSE_EQ|INE286N01028,PRISMX,INE286N01028,PRISMX GLOBAL VENTURES L,NSE,NSE_EQ
NSE_EQ|INE159A01016,GLAXO,INE159A01016,GLAXOSMITHKLINE PHARMA LT,NSE,NSE_EQ
NSE_EQ|INE052T01021,BESTAGRO,INE052T01021,BEST AGROLIFE LIMITED,NSE,NSE_EQ
NSE_EQ|INE964W01021,MKPL,INE964W01021,M K PROTEINS LIMITED,NSE,NSE_EQ
NSE_EQ|INE997Y01027,MITTAL,INE997Y01027,MITTAL LIFE STYLE LIMITED,NSE,NSE_EQ
NSE_EQ|INE035801013,AERONEU,INE035801013,AEROFLEX NEU LIMITED,NSE,NSE_EQ
NSE_EQ|INE07U701015,IRMENERGY,INE07U701015,IRM ENERGY LIMITED,NSE,NSE_EQ
NSE_EQ|INE198501012,EUROPRATIK,INE198501012,EURO PRATIK SALES LIMITED,NSE,NSE_EQ
NSE_EQ|INE460H01021,STARCEMENT,INE460H01021,STAR CEMENT LIMITED,NSE,NSE_EQ
NSE_EQ|INE298G01035,AJMERA,INE298G01035,AJMERA REALTY & INF I LTD,NSE,NSE_EQ
NSE_EQ|INE166R01015,NATIONSTD,INE166R01015,NATIONAL STAND (INDIA) L,NSE,NSE_EQ
NSE_EQ|INE070D01027,JAICORPLTD,INE070D01027,JAI CORP LIMITED,NSE,NSE_EQ
NSE_EQ|INE197A01024,JYOTISTRUC,INE197A01024,JYOTI STRUCTURES LTD,NSE,NSE_EQ
NSE_EQ|INE787D01026,BALKRISIND,INE787D01026,BALKRISHNA IND. LTD,NSE,NSE_EQ
NSE_EQ|INE040H01021,SUZLON,INE040H01021,SUZLON ENERGY LIMITED,NSE,NSE_EQ
NSE_EQ|INE09XN01023,AKUMS,INE09XN01023,AKUMS DRUGS AND PHARMA L,NSE,NSE_EQ
NSE_EQ|INE797H01018,TGBHOTELS,INE797H01018,TGB BANQUETS&HOTELS LTD,NSE,NSE_EQ
NSE_EQ|INE670X01014,LASA,INE670X01014,LASA SUPERGENERICS LTD,NSE,NSE_EQ
NSE_EQ|INE02NC01014,FINOPB,INE02NC01014,FINO PAYMENTS BANK LTD,NSE,NSE_EQ
NSE_EQ|INE277C01012,REGENCERAM,INE277C01012,REGENCY CERAMICS LTD.,NSE,NSE_EQ
NSE_EQ|INE792Z01011,SIRCA,INE792Z01011,SIRCA PAINT INDIA LIMITED,NSE,NSE_EQ
NSE_EQ|INE142Z01019,ORIENTELEC,INE142Z01019,ORIENT ELECTRIC LIMITED,NSE,NSE_EQ
NSE_EQ|INE018A01030,LT,INE018A01030,LARSEN & TOUBRO LTD.,NSE,NSE_EQ
NSE_EQ|INE04VU01023,STYL,INE04VU01023,SESHAASAI TECHNOLOGIES L,NSE,NSE_EQ
NSE_EQ|INE477B01010,DVL,INE477B01010,DHUNSERI VENTURES LIMITED,NSE,NSE_EQ
NSE_EQ|INE320I01017,BRAHMINFRA,INE320I01017,BRAHMAPUTRA INFRA L,NSE,NSE_EQ
NSE_EQ|INE124E01038,STEELCAS,INE124E01038,STEELCAST LIMITED,NSE,NSE_EQ
NSE_EQ|INE999A01023,KSB,INE999A01023,KSB LIMITED,NSE,NSE_EQ
NSE_EQ|INE947N01017,AEQUS,INE947N01017,AEQUS LIMITED,NSE,NSE_EQ
NSE_EQ|INE692B01014,MURUDCERA,INE692B01014,MURUDESHWAR CERAMICS LTD,NSE,NSE_EQ
NSE_EQ|INE697V01011,PANSARI,INE697V01011,PANSARI DEVELOPERS LTD,NSE,NSE_EQ
NSE_EQ|INE092T01019,IDFCFIRSTB,INE092T01019,IDFC FIRST BANK LIMITED,NSE,NSE_EQ
NSE_EQ|INE001B01026,KRBL,INE001B01026,KRBL LIMITED,NSE,NSE_EQ
NSE_EQ|INE700A01033,JUBLPHARMA,INE700A01033,JUBILANT PHARMOVA LTD,NSE,NSE_EQ
NSE_EQ|INE034D01049,PTL,INE034D01049,PTL ENTERPRISES LTD,NSE,NSE_EQ
NSE_EQ|INE347G01014,PETRONET,INE347G01014,PETRONET LNG LIMITED,NSE,NSE_EQ
NSE_EQ|INE103A01014,MRPL,INE103A01014,MRPL,NSE,NSE_EQ
NSE_EQ|INE067A01029,CGPOWER,INE067A01029,CG POWER AND IND SOL LTD,NSE,NSE_EQ
NSE_EQ|INE486R01017,GPTHEALTH,INE486R01017,GPT HEALTHCARE LIMITED,NSE,NSE_EQ
NSE_EQ|INE792B01012,AMBICAAGAR,INE792B01012,AMBICA AGAR & AROMAINDLTD,NSE,NSE_EQ
NSE_EQ|INE438A01022,APOLLOTYRE,INE438A01022,APOLLO TYRES LTD,NSE,NSE_EQ
NSE_EQ|INE0GSL01024,HPAL,INE0GSL01024,HP ADHESIVES LIMITED,NSE,NSE_EQ
NSE_EQ|INE260D01016,OLECTRA,INE260D01016,OLECTRA GREENTECH LIMITED,NSE,NSE_EQ
NSE_EQ|INE341R01014,DTIL,INE341R01014,DHUNSERI TEA & IND. LTD.,NSE,NSE_EQ
NSE_EQ|INE938C01019,LAKSHMIMIL,INE938C01019,LAKSHMI MILLS CO. LTD.,NSE,NSE_EQ
NSE_EQ|INE185C01017,SAPPL,INE185C01017,SHREE AJIT PULP & PAPER L,NSE,NSE_EQ
NSE_EQ|INE804H01012,TFL,INE804H01012,TRANSWARRANTY FIN. LTD.,NSE,NSE_EQ
NSE_EQ|INE050401020,ELIN,INE050401020,ELIN ELECTRONICS LIMITED,NSE,NSE_EQ
NSE_EQ|INE794A01010,NEULANDLAB,INE794A01010,NEULAND LAB LTD.,NSE,NSE_EQ
NSE_EQ|INE323B01024,AVONMORE,INE323B01024,AVONMORE CAP&MGT SERV LTD,NSE,NSE_EQ
NSE_EQ|INE308A01027,NAHARPOLY,INE308A01027,NAHAR POLY FILMS LIMITED,NSE,NSE_EQ
NSE_EQ|INE00VM01036,MANORAMA,INE00VM01036,MANORAMA INDUSTRIES LTD,NSE,NSE_EQ
NSE_EQ|INE903A01025,JAYKAY,INE903A01025,JAYKAY ENTERPRISES LTD,NSE,NSE_EQ
NSE_EQ|INE0AJG01018,HEMIPROP,INE0AJG01018,HEMISPHERE PROP IND LTD,NSE,NSE_EQ
NSE_EQ|INE185H01016,CELEBRITY,INE185H01016,CELEBRITY FASHIONS LTD,NSE,NSE_EQ
NSE_EQ|INE211R01019,POWERMECH,INE211R01019,POWER MECH PROJECTS LTD.,NSE,NSE_EQ
NSE_EQ|INE390D01011,TERAI,INE390D01011,TERAI TEA CO. LTD.,NSE,NSE_EQ
NSE_EQ|INE131B01039,RELAXO,INE131B01039,RELAXO FOOT LTD.,NSE,NSE_EQ
NSE_EQ|INE348N01042,MANBRO,INE348N01042,MANBRO INDUSTRIES LTD.,NSE,NSE_EQ
NSE_EQ|INE0S2G01011,BALAJEE,INE0S2G01011,SHREE TIRUPATI BALAJEE L,NSE,NSE_EQ
NSE_EQ|INE423A01024,ADANIENT,INE423A01024,ADANI ENTERPRISES LIMITED,NSE,NSE_EQ
NSE_EQ|INE524B01027,GANDHITUBE,INE524B01027,GANDHI SPL. TUBES LTD,NSE,NSE_EQ
NSE_EQ|INE083D01012,BALPHARMA,INE083D01012,BAL PHARMA LTD.,NSE,NSE_EQ
NSE_EQ|INE731C01018,KHAITANLTD,INE731C01018,KHAITAN (INDIA)LTD.,NSE,NSE_EQ
NSE_EQ|INE144Z01023,TARSONS,INE144Z01023,TARSONS PRODUCTS LIMITED,NSE,NSE_EQ
NSE_EQ|INE275D01022,AMNPLST,INE275D01022,AMINES & PLASTICIZERS LTD,NSE,NSE_EQ
NSE_EQ|INE19GK01015,SRTL,INE19GK01015,SHREE RAM TWISTEX LIMITED,NSE,NSE_EQ
NSE_EQ|INE982B01027,ADFFOODS,INE982B01027,ADF FOODS LIMITED,NSE,NSE_EQ
NSE_EQ|INE14LE01019,ABLBL,INE14LE01019,ADITYA BIRLA LIFES BRAN L,NSE,NSE_EQ
NSE_EQ|INE085D01033,METROGLOBL,INE085D01033,METROGLOBAL LTD.,NSE,NSE_EQ
NSE_EQ|INE879E01037,KANANIIND,INE879E01037,KANANI INDUSTRIES LTD,NSE,NSE_EQ
NSE_EQ|INE117Z01029,NARMADA,INE117Z01029,NARMADA AGROBASE LIMITED,NSE,NSE_EQ
NSE_EQ|INE777F01014,EXICOM,INE777F01014,EXICOM TELE SYSTEMS LTD,NSE,NSE_EQ
NSE_EQ|INE020801028,SPENCERS,INE020801028,SPENCER S RETAIL LIMITED,NSE,NSE_EQ
NSE_EQ|INE626A01014,SAURASHCEM,INE626A01014,SAURASHTRA CEMENT LIMITED,NSE,NSE_EQ
NSE_EQ|INE324D01010,LGEINDIA,INE324D01010,LG ELECTRONICS INDIA LTD,NSE,NSE_EQ
NSE_EQ|INE259A01022,COLPAL,INE259A01022,COLGATE PALMOLIVE LTD.,NSE,NSE_EQ
NSE_EQ|INE0CJD01029,KMEW,INE0CJD01029,KNOWLEDGE MARINE & EN W L,NSE,NSE_EQ
NSE_EQ|INE383L01019,PARNAXLAB,INE383L01019,PARNAX LAB LTD.,NSE,NSE_EQ
NSE_EQ|INE07Y701011,POWERINDIA,INE07Y701011,HITACHI ENERGY INDIA LTD,NSE,NSE_EQ
NSE_EQ|INE01JE01028,MARINE,INE01JE01028,MARINE ELECTRICAL (I) LTD,NSE,NSE_EQ
NSE_EQ|INE765G01017,ICICIGI,INE765G01017,ICICI LOMBARD GIC LIMITED,NSE,NSE_EQ
NSE_EQ|INE257A01026,BHEL,INE257A01026,BHEL,NSE,NSE_EQ
NSE_EQ|INE869Y01028,TEMBO,INE869Y01028,TEMBO GLOBAL IND LTD,NSE,NSE_EQ
NSE_EQ|INE758A01072,AVANCE,INE758A01072,AVANCE TECHNOLOGIES LTD.,NSE,NSE_EQ
NSE_EQ|INE532F01054,EDELWEISS,INE532F01054,EDELWEISS FIN SERV LTD,NSE,NSE_EQ
NSE_EQ|INE0HR601026,DDEVPLSTIK,INE0HR601026,DDEV PLASTIKS IND LTD,NSE,NSE_EQ
NSE_EQ|INE250K01012,DLINKINDIA,INE250K01012,D-LINK INDIA LTD,NSE,NSE_EQ
NSE_EQ|INE317F01035,NESCO,INE317F01035,NESCO LTD.,NSE,NSE_EQ
NSE_EQ|INE505C01016,PRAENG,INE505C01016,PRAJAY ENG. SYN. LTD.,NSE,NSE_EQ
NSE_EQ|INE917M01012,DBL,INE917M01012,DILIP BUILDCON LIMITED,NSE,NSE_EQ
NSE_EQ|INE213D01015,BEEKAY,INE213D01015,BEEKAY STEEL INDS. LTD.,NSE,NSE_EQ
NSE_EQ|INE485A01015,CENTENKA,INE485A01015,CENTURY ENKA LTD,NSE,NSE_EQ
NSE_EQ|INE1D0W01018,TECHNOCRAF,INE1D0W01018,TECHNOCRAFT VENTURES LTD,NSE,NSE_EQ
NSE_EQ|INE189B01011,STYRENIX,INE189B01011,STYRENIX PERFORMANCE LTD,NSE,NSE_EQ
NSE_EQ|INE284A01012,ESABINDIA,INE284A01012,ESAB INDIA LTD,NSE,NSE_EQ
NSE_EQ|INE619I01012,A2ZINFRA,INE619I01012,A2Z INFRA ENGINEERING LTD,NSE,NSE_EQ
NSE_EQ|INE552D01024,CONFIPET,INE552D01024,CONFIDENCE PETRO IND LTD.,NSE,NSE_EQ
NSE_EQ|INE613A01020,RALLIS,INE613A01020,RALLIS INDIA LTD,NSE,NSE_EQ
NSE_EQ|INE801L01010,AIROLAM,INE801L01010,AIRO LAM LIMITED,NSE,NSE_EQ
NSE_EQ|INE283H01019,ROHLTD,INE283H01019,ROYAL ORCHID HOTELS LTD,NSE,NSE_EQ
NSE_EQ|INE273D01027,VGL,INE273D01027,VARVEE GLOBAL LIMITED,NSE,NSE_EQ
NSE_EQ|INE193B01039,AYMSYNTEX,INE193B01039,AYM SYNTEX LIMITED,NSE,NSE_EQ
NSE_EQ|INE0TO701015,MAMATA,INE0TO701015,MAMATA MACHINERY LIMITED,NSE,NSE_EQ
NSE_EQ|INE289B01019,GICHSGFIN,INE289B01019,GIC HOUSING FINANCE LTD,NSE,NSE_EQ
NSE_EQ|INE201A01024,MANALIPETC,INE201A01024,MANALI PETROCHEMICALS LT,NSE,NSE_EQ
NSE_EQ|INE774D01024,M&MFIN,INE774D01024,M&M FIN. SERVICES LTD,NSE,NSE_EQ
NSE_EQ|INE227J01012,KALPATARU,INE227J01012,KALPATARU LIMITED,NSE,NSE_EQ
NSE_EQ|INE206F01022,AIIL,INE206F01022,AUTHUM INVEST & INFRA LTD,NSE,NSE_EQ
NSE_EQ|INE308E01029,SVPGLOB,INE308E01029,SVP GLOBAL TEXTILES LTD,NSE,NSE_EQ
NSE_EQ|INE155Z01011,MACPOWER,INE155Z01011,MACPOWER CNC MACHINES LTD,NSE,NSE_EQ
NSE_EQ|INE0LZF01013,CORDELIA,INE0LZF01013,WATERWAYS LEISURE TOUR L,NSE,NSE_EQ
NSE_EQ|INE948A01012,TRIGYN,INE948A01012,TRIGYN TECHNOLOGIES LTD,NSE,NSE_EQ
NSE_EQ|INE689W01016,PRINCEPIPE,INE689W01016,PRINCE PIPES FITTINGS LTD,NSE,NSE_EQ
NSE_EQ|INE02L001032,BOROSCI,INE02L001032,BOROSIL SCIENTIFIC LTD,NSE,NSE_EQ
NSE_EQ|INE414D01027,BHAGCHEM,INE414D01027,BHAGIRADHA CHEM & INDS L,NSE,NSE_EQ
NSE_EQ|INE790G01031,SHILPAMED,INE790G01031,SHILPA MEDICARE LTD,NSE,NSE_EQ
NSE_EQ|INE424H01027,SUNTV,INE424H01027,SUN TV NETWORK LIMITED,NSE,NSE_EQ
NSE_EQ|INE536A01023,GRINDWELL,INE536A01023,GRINDWELL NORTON LIMITED,NSE,NSE_EQ
NSE_EQ|INE258R01028,PANORAMA,INE258R01028,PANORAMA STUDIOS INTL. L,NSE,NSE_EQ
NSE_EQ|INE313L01016,RSL,INE313L01016,RAJPUTANA STAINLESS LTD,NSE,NSE_EQ
NSE_EQ|INE247C01023,VIRTUALG,INE247C01023,VIRTUAL GLOBAL EDU LTD,NSE,NSE_EQ
NSE_EQ|INE693D01018,VADILENT,INE693D01018,VADILAL ENTERPRISES LTD.,NSE,NSE_EQ
NSE_EQ|INE006Z01016,ARVEE,INE006Z01016,ARVEE LABORATORIES I LTD,NSE,NSE_EQ
NSE_EQ|INE910C01018,TTKHLTCARE,INE910C01018,TTK HEALTHCARE LIMITED,NSE,NSE_EQ
NSE_EQ|INE123C01018,TAINWALCHM,INE123C01018,TAINWALA CHEMICAL AND PLA,NSE,NSE_EQ
NSE_EQ|INE244O01017,UNIPARTS,INE244O01017,UNIPARTS INDIA LIMITED,NSE,NSE_EQ
NSE_EQ|INE842C01021,MINDACORP,INE842C01021,MINDA CORPORATION LTD,NSE,NSE_EQ
NSE_EQ|INE681B01017,INDRAMEDCO,INE681B01017,INDRAPRASTHA MEDICAL CORP,NSE,NSE_EQ
NSE_EQ|INE692G01013,XCHANGING,INE692G01013,XCHANGING SOLUTIONS LTD,NSE,NSE_EQ
NSE_EQ|INE186A01019,GUJALKALI,INE186A01019,GUJARAT ALKALIES & CHEM,NSE,NSE_EQ
NSE_EQ|INE08N601015,MBEL,INE08N601015,M AND B ENGINEERING LTD,NSE,NSE_EQ
NSE_EQ|INE126M01010,IBULLSLTD,INE126M01010,INDIABULLS LIMITED,NSE,NSE_EQ
NSE_EQ|INE559R01029,LANDMARK,INE559R01029,LANDMARK CARS LIMITED,NSE,NSE_EQ
NSE_EQ|INE699H01024,AWL,INE699H01024,AWL AGRI BUSINESS LIMITED,NSE,NSE_EQ
NSE_EQ|INE940H01022,PGIL,INE940H01022,PEARL GLOBAL IND LIMITED,NSE,NSE_EQ
NSE_EQ|INE707A01012,VINDHYATEL,INE707A01012,VINDHYA TELELINKS LTD,NSE,NSE_EQ
NSE_EQ|INE647O01011,ABFRL,INE647O01011,ADITYA BIRLA FASHION & RT,NSE,NSE_EQ
NSE_EQ|INE019C01026,HSCL,INE019C01026,HIMADRI SPECIALITY CHEM L,NSE,NSE_EQ
NSE_EQ|INE129A01019,GAIL,INE129A01019,GAIL (INDIA) LTD,NSE,NSE_EQ
NSE_EQ|INE700F01024,CFEL,INE700F01024,CONFIDENCE FUTURIST ENE L,NSE,NSE_EQ
NSE_EQ|INE643K01018,ARIHANTSUP,INE643K01018,ARIHANT SUPERSTRUCT LTD,NSE,NSE_EQ
NSE_EQ|INE960E01019,SHIVAAGRO,INE960E01019,SHIVA GLOBAL AGRO INDS. L,NSE,NSE_EQ
NSE_EQ|INE393P01035,DIAMONDYD,INE393P01035,PRATAAP SNACKS LIMITED,NSE,NSE_EQ
NSE_EQ|INE0FW001016,MARKOLINES,INE0FW001016,MARKOLINES PAVEMENT TEC L,NSE,NSE_EQ
NSE_EQ|INE570A01022,IONEXCHANG,INE570A01022,ION EXCHANGE (INDIA) LTD,NSE,NSE_EQ
NSE_EQ|INE825V01034,MANYAVAR,INE825V01034,VEDANT FASHIONS LIMITED,NSE,NSE_EQ
NSE_EQ|INE484D01012,AMARJOTHI,INE484D01012,AMARJOTHI SPINNING MILL L,NSE,NSE_EQ
NSE_EQ|INE731H01025,ACE,INE731H01025,ACTION CONST EQUIP LTD,NSE,NSE_EQ
NSE_EQ|INE450E01029,SUKHJITS,INE450E01029,SUKHJIT STARCH & CHEM LTD,NSE,NSE_EQ
NSE_EQ|INE423Y01016,SBFC,INE423Y01016,SBFC FINANCE LIMITED,NSE,NSE_EQ
NSE_EQ|INE453B01029,COMPUSOFT,INE453B01029,COMPUCOM SOFTWARE LTD,NSE,NSE_EQ
NSE_EQ|INE724A01017,GYFTR,INE724A01017,GYFTR LIMITED,NSE,NSE_EQ
NSE_EQ|INE481G01011,ULTRACEMCO,INE481G01011,ULTRATECH CEMENT LIMITED,NSE,NSE_EQ
NSE_EQ|INE2FMX01012,AASTHA,INE2FMX01012,AASTHA SPINTEX LIMITED,NSE,NSE_EQ
NSE_EQ|INE811A01038,KIRLPNU,INE811A01038,KIRLOSKAR PNEUMATIC COM L,NSE,NSE_EQ
NSE_EQ|INE887D01016,TCC,INE887D01016,TCC CONCEPT LIMITED,NSE,NSE_EQ
NSE_EQ|INE482J01021,SHAH,INE482J01021,SHAH METACORP LIMITED,NSE,NSE_EQ
NSE_EQ|INE630Y01024,MEDICO,INE630Y01024,MEDICO REMEDIES LIMITED,NSE,NSE_EQ
NSE_EQ|INE509F01029,CUPID,INE509F01029,CUPID LIMITED,NSE,NSE_EQ
NSE_EQ|INE0R8B01010,PATELRMART,INE0R8B01010,PATEL RETAIL LIMITED,NSE,NSE_EQ
NSE_EQ|INE549A01026,HCC,INE549A01026,HINDUSTAN CONSTRUCTION CO,NSE,NSE_EQ
NSE_EQ|INE0I7C01011,LATENTVIEW,INE0I7C01011,LATENT VIEW ANALYTICS LTD,NSE,NSE_EQ
NSE_EQ|INE951D01028,ATULAUTO,INE951D01028,ATUL AUTO LIMITED,NSE,NSE_EQ
NSE_EQ|INE233A01035,GODREJIND,INE233A01035,GODREJ INDUSTRIES LTD,NSE,NSE_EQ
NSE_EQ|INE671C01016,SUNLOC,INE671C01016,SUNIL HEALTHCARE LTD.,NSE,NSE_EQ
NSE_EQ|INE0BX301013,PROSTARM,INE0BX301013,PROSTARM INFO SYSTEMS LTD,NSE,NSE_EQ
NSE_EQ|INE627H01017,CTE,INE627H01017,CAMBRIDGE TECH ENTER LTD,NSE,NSE_EQ
NSE_EQ|INE411H01032,RSYSTEMS,INE411H01032,R SYS INTERNATIONAL LTD,NSE,NSE_EQ
NSE_EQ|INE105I01020,SELMC,INE105I01020,SEL MANUFACTURING CO LTD,NSE,NSE_EQ
NSE_EQ|INE338A01024,TIRUMALCHM,INE338A01024,THIRUMALAI CHEMICALS LTD,NSE,NSE_EQ
NSE_EQ|INE114A01011,SAIL,INE114A01011,STEEL AUTHORITY OF INDIA,NSE,NSE_EQ
NSE_EQ|INE709A01018,VLSFINANCE,INE709A01018,VLS FINANCE LTD,NSE,NSE_EQ
NSE_EQ|INE031B01049,AJANTPHARM,INE031B01049,AJANTA PHARMA LIMITED,NSE,NSE_EQ
NSE_EQ|INE161L01027,VIKASLIFE,INE161L01027,VIKAS LIFECARE LIMITED,NSE,NSE_EQ
NSE_EQ|INE133A01011,JSWDULUX,INE133A01011,JSW DULUX LIMITED,NSE,NSE_EQ
NSE_EQ|INE368U01029,UNITEDPOLY,INE368U01029,UNITED POLYFAB GUJ. LTD.,NSE,NSE_EQ
NSE_EQ|INE679A01013,CSBBANK,INE679A01013,CSB BANK LIMITED,NSE,NSE_EQ
NSE_EQ|INE588G01021,MLKFOOD,INE588G01021,MILKFOOD LTD.,NSE,NSE_EQ
NSE_EQ|INE337M01021,INDOTHAI,INE337M01021,INDO THAI SEC LTD,NSE,NSE_EQ
NSE_EQ|INE760Y01011,ASHOKAMET,INE760Y01011,ASHOKA METCAST LIMITED,NSE,NSE_EQ
NSE_EQ|INE0EEJ01023,BTML,INE0EEJ01023,BODHI TREE MULTIMEDIA LTD,NSE,NSE_EQ
NSE_EQ|INE935A01035,GLENMARK,INE935A01035,GLENMARK PHARMACEUTICALS,NSE,NSE_EQ
NSE_EQ|INE947I01017,LOTUSEYE,INE947I01017,LOTUS EYE HOSP & INST L,NSE,NSE_EQ
NSE_EQ|INE600A01035,PILITA,INE600A01035,PIL ITALICA LIFESTYLE LTD,NSE,NSE_EQ
NSE_EQ|INE449A01011,AUTOAXLES,INE449A01011,AUTOMOTIVE AXLES LIMITED,NSE,NSE_EQ
NSE_EQ|INE344T01014,BELLACASA,INE344T01014,BELLA CASA FASH AND RET L,NSE,NSE_EQ
NSE_EQ|INE207H01018,GNRL,INE207H01018,GUJARAT NATURAL RES L,NSE,NSE_EQ
NSE_EQ|INE287Z01012,GAYAHWS,INE287Z01012,GAYATRI HIGHWAYS LIMITED,NSE,NSE_EQ
NSE_EQ|INE003A01024,SIEMENS,INE003A01024,SIEMENS LTD,NSE,NSE_EQ
NSE_EQ|INE624Z01016,SOLARA,INE624Z01016,SOLARA ACTIVE PHA SCI LTD,NSE,NSE_EQ
NSE_EQ|INE670O01013,ONEGLOBAL,INE670O01013,ONE GLOBAL SERVICE PROV L,NSE,NSE_EQ
NSE_EQ|INE1JCQ01037,ALPINETEX,INE1JCQ01037,ALPINE TEXWORLD LIMITED,NSE,NSE_EQ
NSE_EQ|INE418H01029,ALLCARGO,INE418H01029,ALLCARGO LOGISTICS LTD,NSE,NSE_EQ
NSE_EQ|INE029A01011,BPCL,INE029A01011,BHARAT PETROLEUM CORP  LT,NSE,NSE_EQ
NSE_EQ|INE478D01014,ITL,INE478D01014,ITL INDUSTRIES LTD.,NSE,NSE_EQ
NSE_EQ|INE711A01022,WALCHANNAG,INE711A01022,WALCHANDNAGAR INDUSTRIES,NSE,NSE_EQ
NSE_EQ|INE239D01028,OMINFRAL,INE239D01028,OM INFRA LIMITED,NSE,NSE_EQ
NSE_EQ|INE670A01012,TATAELXSI,INE670A01012,TATA ELXSI LIMITED,NSE,NSE_EQ
NSE_EQ|INE025B01025,GOLDIAM,INE025B01025,GOLDIAM INTERNATIONAL LTD,NSE,NSE_EQ
NSE_EQ|INE925C01016,MADHAV,INE925C01016,MADHAV MARBLE & GRANITE,NSE,NSE_EQ
NSE_EQ|INE922A01025,BEPL,INE922A01025,BHANSALI ENG. POLYMERS LT,NSE,NSE_EQ
NSE_EQ|INE505V01016,EUROBOND,INE505V01016,EURO PANEL PRODUCTS LTD,NSE,NSE_EQ
NSE_EQ|INE012Q01039,RNBDENIMS,INE012Q01039,R&B DENIMS LIMITED,NSE,NSE_EQ
NSE_EQ|INE116A01032,APCOTEXIND,INE116A01032,APCOTEX INDUSTRIES LIMITE,NSE,NSE_EQ
NSE_EQ|INE299N01021,WAAREERTL,INE299N01021,WAAREE RENEWABLE TECH LTD,NSE,NSE_EQ
NSE_EQ|INE202Z01029,TSFINV,INE202Z01029,TSF INVESTMENTS LIMITED,NSE,NSE_EQ
NSE_EQ|INE562B01019,RAJSREESUG,INE562B01019,RAJSHREE SUGAR & CHEMICAL,NSE,NSE_EQ
NSE_EQ|INE951I01027,VGUARD,INE951I01027,V-GUARD IND LTD.,NSE,NSE_EQ
NSE_EQ|INE02AR01019,ANMOL,INE02AR01019,ANMOL INDIA LIMITED,NSE,NSE_EQ
NSE_EQ|INE445C01015,XPROINDIA,INE445C01015,XPRO INDIA LIMITED,NSE,NSE_EQ
NSE_EQ|INE716B01029,TIPSMUSIC,INE716B01029,TIPS MUSIC LIMITED,NSE,NSE_EQ
NSE_EQ|INE883N01014,PARAGMILK,INE883N01014,PARAG MILK FOODS LTD.,NSE,NSE_EQ
NSE_EQ|INE551B01012,UDAYJEW,INE551B01012,UDAY JEWELLERY INDS. LTD.,NSE,NSE_EQ
NSE_EQ|INE01R501028,VIKRAN,INE01R501028,VIKRAN ENGINEERING LTD,NSE,NSE_EQ
NSE_EQ|INE092A01019,TATACHEM,INE092A01019,TATA CHEMICALS LTD,NSE,NSE_EQ
NSE_EQ|INE970N01027,SPCENET,INE970N01027,SPACENET ENTERS IND LTD,NSE,NSE_EQ
NSE_EQ|INE748Z01013,SUMIT,INE748Z01013,SUMIT WOODS LIMITED,NSE,NSE_EQ
NSE_EQ|INE886B01012,SUMEDHA,INE886B01012,SUMEDHA FISCAL SERVICES L,NSE,NSE_EQ
NSE_EQ|INE200M01039,VBL,INE200M01039,VARUN BEVERAGES LIMITED,NSE,NSE_EQ
NSE_EQ|INE460C01014,GANESHHOU,INE460C01014,GANESH HOUSING LIMITED,NSE,NSE_EQ
NSE_EQ|INE045601023,PARAS,INE045601023,PARAS DEF AND SPCE TECH L,NSE,NSE_EQ
NSE_EQ|INE0DYJ01015,SYRMA,INE0DYJ01015,SYRMA SGS TECHNOLOGY LTD,NSE,NSE_EQ
NSE_EQ|INE355A01028,SOMANYCERA,INE355A01028,SOMANY CERAMICS LIMITED,NSE,NSE_EQ
NSE_EQ|INE955V01021,ARVINDFASN,INE955V01021,ARVIND FASHIONS LIMITED,NSE,NSE_EQ
NSE_EQ|INE763M01028,MERCURYEV,INE763M01028,MERCURY EV-TECH LIMITED,NSE,NSE_EQ
NSE_EQ|INE586V01016,TCIEXP,INE586V01016,TCI EXPRESS LIMITED,NSE,NSE_EQ
NSE_EQ|INE738I01010,ECLERX,INE738I01010,ECLERX SERVICES LTD,NSE,NSE_EQ
NSE_EQ|INE400G01011,HRYNSHP,INE400G01011,HARIYANA SHIP BREAKERS L,NSE,NSE_EQ
NSE_EQ|INE0G1L01025,LEMERITE,INE0G1L01025,LE MERITE EXPORTS LIMITED,NSE,NSE_EQ
NSE_EQ|INE00OQ01016,DHARMAJ,INE00OQ01016,DHARMAJ CROP GUARD LTD,NSE,NSE_EQ
NSE_EQ|INE225B01021,FERMENTA,INE225B01021,FERMENTA BIOTECH LTD.,NSE,NSE_EQ
NSE_EQ|INE741L01018,DUCON,INE741L01018,DUCON INFRATECHNOLOGIES L,NSE,NSE_EQ
NSE_EQ|INE00LO01017,CRAFTSMAN,INE00LO01017,CRAFTSMAN AUTOMATION LTD,NSE,NSE_EQ
NSE_EQ|INE426Z01016,OBCL,INE426Z01016,OBCL LIMITED,NSE,NSE_EQ
NSE_EQ|INE0A0S01028,SIGMA,INE0A0S01028,SIGMA SOLVE LIMITED,NSE,NSE_EQ
NSE_EQ|INE0J5401028,HONASA,INE0J5401028,HONASA CONSUMER LIMITED,NSE,NSE_EQ
NSE_EQ|INE816B01035,FILATEX,INE816B01035,FILATEX INDIA LTD,NSE,NSE_EQ
NSE_EQ|INE835G01018,ALLDIGI,INE835G01018,ALLDIGI TECH LIMITED,NSE,NSE_EQ
NSE_EQ|INE467D01017,VIRAT,INE467D01017,VIRAT INDUSTRIES LTD.,NSE,NSE_EQ
NSE_EQ|INE007N01010,FEDFINA,INE007N01010,FEDBANK FINANCIAL SER L,NSE,NSE_EQ
NSE_EQ|INE00Y201027,FLAIR,INE00Y201027,FLAIR WRITING INDUST LTD,NSE,NSE_EQ
NSE_EQ|INE0BJS01011,GOCOLORS,INE0BJS01011,GO FASHION INDIA LTD,NSE,NSE_EQ
NSE_EQ|INE0Q9301021,IGIL,INE0Q9301021,INTL GEMOLOGICAL INST LTD,NSE,NSE_EQ
NSE_EQ|INE016A01026,DABUR,INE016A01026,DABUR INDIA LTD,NSE,NSE_EQ
NSE_EQ|INE380K01017,VIVOBIOT,INE380K01017,VIVO BIO TECH LTD.,NSE,NSE_EQ
NSE_EQ|INE569C01020,ORIENTCER,INE569C01020,ORIENT CERATECH LIMITED,NSE,NSE_EQ
NSE_EQ|INE0NAZ01010,SMARTWORKS,INE0NAZ01010,SMARTWORKS COWORKING SP L,NSE,NSE_EQ
NSE_EQ|INE839E01023,ODYCORP,INE839E01023,ODYSSEY CORPORATION LTD.,NSE,NSE_EQ
NSE_EQ|INE781A01025,INTENTECH,INE781A01025,INTENSE TECHNOLOGIES LTD,NSE,NSE_EQ
NSE_EQ|INE0HOQ01053,GROWW,INE0HOQ01053,BILLIONBRAINS GARAGE VN L,NSE,NSE_EQ
NSE_EQ|INE520H01022,BEARDSELL,INE520H01022,BEARDSELL LIMITED,NSE,NSE_EQ
NSE_EQ|INE199A01012,PGHL,INE199A01012,PROCTER & GAMBLE HEALTH L,NSE,NSE_EQ
NSE_EQ|INE09E501017,RVHL,INE09E501017,RAVINDER HEIGHTS LIMITED,NSE,NSE_EQ
NSE_EQ|INE139R01012,FUSION,INE139R01012,FUSION FINANCE LIMITED,NSE,NSE_EQ
NSE_EQ|INE898S01029,AURUM,INE898S01029,AURUM PROPTECH LIMITED,NSE,NSE_EQ
NSE_EQ|INE597I01028,SHARDAMOTR,INE597I01028,SHARDA MOTOR INDS LTD,NSE,NSE_EQ
NSE_EQ|INE596F01018,PTCIL,INE596F01018,PTC INDUSTRIES LIMITED,NSE,NSE_EQ
NSE_EQ|INE014B01011,TECILCHEM,INE014B01011,TECIL CHEMICALS,NSE,NSE_EQ
NSE_EQ|INE713T01028,APOLLO,INE713T01028,APOLLO MICRO SYSTEMS LTD,NSE,NSE_EQ
NSE_EQ|INE818A01017,ANTELOPUS,INE818A01017,ANTELOPUS SELAN ENRGY LTD,NSE,NSE_EQ
NSE_EQ|INE1WFC01025,SHANKESH,INE1WFC01025,SHANKESH JEWELLERS LTD,NSE,NSE_EQ
NSE_EQ|INE1B3O01011,SUNSHINE,INE1B3O01011,SUNSHINE PICTURES LIMITED,NSE,NSE_EQ
NSE_EQ|INE0LZF01039,CORDELIA,INE0LZF01039,WATERWAYS LEISURE TOUR L,NSE,NSE_EQ
NSE_EQ|INE18UN01038,GAJA,INE18UN01038,GAJA ALT ASSET MGT LTD,NSE,NSE_EQ
NSE_EQ|INE013820027,KSHITIJ-RE,INE013820027,KSHITIJ POLYLINE LTD,NSE,NSE_EQ
NSE_EQ|INE1KZI01025,TEMPSENS,INE1KZI01025,TEMPSENS INST (INDIA) LTD,NSE,NSE_EQ
NSE_EQ|INE16W401027,AUGMONT,INE16W401027,AUGMONT ENTERPRISES LTD,NSE,NSE_EQ
NSE_EQ|INE103001017,ANNU,INE103001017,ANNU PROJECTS LIMITED,NSE,NSE_EQ
NSE_EQ|INE748A01024,MBECL,INE748A01024,MCNALLY BHARAT ENGIN CO L,NSE,NSE_EQ
NSE_EQ|INE0LEG01024,HTEL,INE0LEG01024,HY-TECH ENGINEERS LIMITED,NSE,NSE_EQ
NSE_EQ|INE0PX301025,SKYWAYS,INE0PX301025,SKYWAYS AIR SERVICES LTD,NSE,NSE_EQ
NSE_EQ|INE899I01028,SYMBIOTEC,INE899I01028,SYMBIOTEC PHARMALAB LTD,NSE,NSE_EQ
NSE_EQ|INE05CZ20011,RATNA-RE,INE05CZ20011,RATNAVEER PRECISION LTD,NSE,NSE_EQ
NSE_EQ|INE741L20034,DUCON-RE1,INE741L20034,DUCON INFRATECH LTD,NSE,NSE_EQ
NSE_EQ|INE0DRI01029,ESDS,INE0DRI01029,ESDS SOFTWARE SOLUTION L,NSE,NSE_EQ
NSE_EQ|INE048C20025,VHLTD-RE1,INE048C20025,VICEROY HOTELS LTD,NSE,NSE_EQ
NSE_EQ|INE185Q01025,LUMINO,INE185Q01025,LUMINO INDUSTRIES LIMITED,NSE,NSE_EQ
NSE_EQ|INE15EH01014,PRIORITY,INE15EH01014,PRIORITY JEWELS LIMITED,NSE,NSE_EQ
NSE_EQ|INE887D01024,TCC,INE887D01024,TCC CONCEPT LIMITED,NSE,NSE_EQ
NSE_EQ|INE0I1B01016,PERNIASPOP,INE0I1B01016,PURPLE STYLE LABS LIMITED,NSE,NSE_EQ
NSE_EQ|INE903A20025,JAYKAY-RE1,INE903A20025,JAYKAY ENTERPRISES LTD,NSE,NSE_EQ
